Front,Back,Right,LeftRPM,RightRPM,Command
48,255,54,0.0,0.0,1
48,255,54,0.0,0.0,1
48,255,54,0.0,0.0,1
48,255,54,0.0,0.0,1
48,255,54,0.0,0.0,1
48,255,54,0.0,0.0,1
48,255,54,0.0,0.0,1
48,255,54,0.0,0.0,1
48,255,54,0.0,0.0,1
48,255,54,0.0,0.0,1
48,255,54,0.0,0.0,1
48,255,54,0.0,0.0,1
48,255,54,0.0,0.0,1
48,255,54,0.0,0.0,1
48,255,54,0.0,0.0,1
48,255,54,0.0,0.0,1
48,255,54,0.0,0.0,1
48,255,54,0.0,0.0,1
48,255,54,0.0,0.0,1
48,255,54,0.0,0.0,1
48,255,54,0.0,0.0,1
48,255,54,0.0,0.0,1
48,255,54,0.0,0.0,1
48,255,54,0.0,0.0,1
48,255,54,0.0,0.0,1
48,255,54,0.0,0.0,1
48,255,54,0.0,0.0,1
48,255,54,0.0,0.0,1
48,255,54,0.0,0.0,1
48,255,54,0.0,0.0,1
3,255,54,0.0,0.0,1
3,255,54,0.0,0.0,1
3,255,54,0.0,0.0,1
49,255,54,0.0,0.0,1
49,255,54,0.0,0.0,1
49,255,54,0.0,0.0,1
47,255,54,0.0,0.0,1
47,255,54,0.0,0.0,1
47,255,54,0.0,0.0,1
47,255,54,0.0,0.0,1
47,255,54,0.0,0.0,1
47,255,54,0.0,0.0,1
47,255,54,0.0,0.0,1
47,255,54,0.0,0.0,1
47,255,54,0.0,0.0,1
47,255,54,0.0,0.0,1
47,255,54,0.0,0.0,1
47,255,54,0.0,0.0,1
47,255,54,0.0,0.0,1
47,255,54,0.0,0.0,1
47,255,54,0.0,0.0,1
45,255,54,0.0,0.0,1
45,255,54,0.0,30.0,1
45,33,46,0.0,0.0,1
41,32,46,0.0,0.0,1
41,255,46,0.0,30.0,1
41,35,48,0.0,0.0,1
63,255,36,0.0,0.0,1
63,255,36,0.0,0.0,1
63,255,36,0.0,0.0,1
63,255,36,0.0,0.0,1
63,255,36,0.0,0.0,1
63,255,36,0.0,0.0,1
63,255,36,0.0,0.0,1
63,255,36,0.0,0.0,1
63,255,36,0.0,0.0,1
63,255,36,0.0,0.0,1
63,255,32,0.0,0.0,1
63,255,32,0.0,0.0,1
63,255,32,0.0,0.0,1
63,255,32,0.0,0.0,1
63,255,32,0.0,0.0,1
63,255,32,0.0,0.0,1
63,255,32,0.0,30.0,1
58,255,32,0.0,0.0,1
58,255,32,0.0,0.0,1
58,255,33,0.0,0.0,1
51,255,33,0.0,0.0,1
51,255,33,0.0,0.0,1
51,255,38,0.0,0.0,1
43,255,38,0.0,30.0,1
43,32,38,0.0,0.0,1
43,255,45,0.0,0.0,1
65,3,35,0.0,0.0,1
65,255,35,0.0,0.0,1
65,255,35,0.0,0.0,1
66,255,35,0.0,0.0,1
66,255,35,0.0,0.0,1
66,255,35,0.0,0.0,1
66,255,35,0.0,0.0,1
66,255,35,0.0,0.0,1
66,255,35,0.0,0.0,1
66,255,35,0.0,0.0,1
66,255,35,0.0,0.0,1
65,255,35,0.0,0.0,1
65,3,35,0.0,0.0,1
65,3,37,0.0,0.0,1
63,3,37,0.0,0.0,1
63,7,37,0.0,0.0,1
63,7,32,0.0,0.0,1
57,7,32,0.0,90.0,1
57,255,32,0.0,0.0,1
57,255,33,0.0,0.0,1
51,255,33,0.0,0.0,1
29,40,46,0.0,0.0,4
28,40,46,0.0,0.0,4
28,40,46,0.0,0.0,4
28,40,46,0.0,0.0,4
28,40,46,0.0,0.0,4
28,40,46,0.0,0.0,4
28,40,46,0.0,0.0,4
29,40,46,0.0,0.0,4
29,40,46,0.0,0.0,4
29,40,46,0.0,0.0,4
29,40,46,0.0,0.0,4
29,40,46,0.0,0.0,4
28,40,46,0.0,0.0,4
28,40,46,0.0,0.0,4
28,40,46,0.0,0.0,4
28,40,46,0.0,0.0,4
28,39,46,0.0,0.0,4
28,39,46,0.0,0.0,4
28,41,46,0.0,0.0,4
28,41,46,0.0,0.0,4
28,41,46,0.0,0.0,4
27,41,46,0.0,0.0,4
27,41,46,0.0,0.0,4
27,41,46,0.0,0.0,4
27,41,46,0.0,0.0,4
27,41,46,0.0,0.0,4
27,41,46,0.0,0.0,4
27,41,46,0.0,0.0,4
27,41,46,0.0,0.0,4
27,41,46,0.0,0.0,4
27,41,46,0.0,0.0,4
27,41,46,0.0,0.0,4
27,41,46,0.0,0.0,4
27,41,46,0.0,0.0,4
27,41,46,0.0,0.0,4
27,41,46,0.0,0.0,4
27,41,46,0.0,0.0,4
27,41,46,0.0,0.0,4
27,41,46,0.0,0.0,4
27,41,46,0.0,0.0,4
27,41,46,0.0,0.0,4
27,41,46,0.0,0.0,4
27,41,46,0.0,0.0,4
27,41,46,0.0,0.0,4
27,41,46,0.0,0.0,4
27,45,46,0.0,0.0,4
27,45,46,0.0,0.0,4
27,45,46,0.0,0.0,4
27,41,46,0.0,0.0,4
27,41,46,0.0,0.0,4
27,39,46,0.0,0.0,4
27,39,46,0.0,0.0,4
27,39,46,0.0,0.0,2
27,41,46,0.0,0.0,2
27,41,46,0.0,0.0,2
27,41,46,0.0,0.0,2
27,38,46,0.0,0.0,2
27,38,46,0.0,0.0,2
29,38,46,0.0,0.0,2
29,36,46,0.0,60.0,2
29,36,45,0.0,30.0,2
34,35,45,0.0,0.0,2
34,255,45,0.0,0.0,2
34,37,41,0.0,90.0,2
38,31,41,0.0,30.0,2
38,30,41,0.0,0.0,2
38,255,37,0.0,0.0,2
44,255,37,0.0,0.0,2
44,255,37,0.0,0.0,2
50,255,35,0.0,0.0,2
50,16,35,0.0,0.0,2
50,255,33,0.0,0.0,2
56,255,33,0.0,0.0,3
56,255,33,0.0,60.0,3
56,255,33,0.0,0.0,3
61,9,33,0.0,0.0,3
61,6,33,0.0,0.0,3
61,6,34,0.0,0.0,3
62,6,34,0.0,0.0,3
62,255,34,0.0,0.0,3
62,255,34,0.0,0.0,3
62,255,34,0.0,0.0,3
62,255,34,0.0,0.0,3
62,255,34,0.0,0.0,3
62,255,34,0.0,0.0,3
62,255,34,0.0,0.0,3
62,255,34,0.0,0.0,3
62,255,34,0.0,0.0,3
62,255,34,0.0,0.0,3
62,255,34,0.0,0.0,3
62,255,34,0.0,0.0,3
62,255,34,0.0,0.0,3
62,255,34,0.0,0.0,3
62,255,34,0.0,0.0,3
62,255,34,0.0,0.0,3
62,255,34,0.0,0.0,1
62,255,34,0.0,0.0,1
62,255,34,0.0,0.0,1
62,255,34,0.0,0.0,1
62,255,34,0.0,0.0,1
62,255,34,0.0,0.0,1
62,255,34,0.0,0.0,1
62,255,34,0.0,0.0,1
62,255,33,0.0,0.0,3
60,255,33,0.0,90.0,3
60,255,33,0.0,90.0,3
60,255,34,0.0,0.0,3
56,255,34,0.0,0.0,3
56,255,34,0.0,0.0,3
56,255,35,0.0,0.0,3
56,255,35,0.0,0.0,3
56,255,34,0.0,0.0,3
56,255,34,0.0,0.0,3
56,255,34,0.0,0.0,3
56,255,34,0.0,0.0,3
56,255,34,0.0,0.0,3
56,255,34,0.0,0.0,3
56,255,34,0.0,0.0,3
56,255,34,0.0,0.0,3
56,255,34,0.0,0.0,3
56,255,34,0.0,0.0,3
56,255,34,0.0,0.0,3
56,255,34,0.0,0.0,3
56,255,35,0.0,0.0,3
56,255,35,0.0,0.0,3
56,255,35,0.0,0.0,3
56,255,34,0.0,0.0,3
56,255,34,0.0,0.0,3
56,255,34,0.0,0.0,3
56,255,34,0.0,0.0,3
52,255,34,0.0,0.0,1
52,255,34,0.0,0.0,1
56,255,34,0.0,0.0,1
56,255,34,0.0,0.0,1
56,255,34,0.0,0.0,1
56,5,34,0.0,0.0,1
56,5,34,0.0,0.0,1
56,5,35,0.0,0.0,1
54,7,35,0.0,0.0,1
54,126,35,0.0,0.0,1
54,255,37,0.0,0.0,1
48,255,37,0.0,0.0,1
48,255,37,0.0,0.0,1
48,30,54,0.0,60.0,1
43,35,54,0.0,0.0,1
43,31,54,0.0,0.0,1
43,31,50,0.0,0.0,1
36,31,50,0.0,0.0,1
36,35,50,0.0,0.0,1
31,35,49,0.0,0.0,1
38,31,47,0.0,0.0,1
38,31,47,0.0,0.0,1
38,31,47,0.0,0.0,1
38,31,47,0.0,0.0,1
38,31,47,0.0,0.0,1
38,31,47,0.0,0.0,1
38,31,47,0.0,0.0,1
38,31,47,0.0,0.0,1
38,31,47,0.0,0.0,1
38,31,47,0.0,0.0,1
38,31,47,0.0,0.0,1
38,31,47,0.0,0.0,1
38,31,47,0.0,0.0,1
38,31,47,0.0,0.0,1
38,31,47,0.0,0.0,1
38,31,47,0.0,0.0,1
38,31,47,0.0,0.0,1
38,31,47,0.0,0.0,1
38,31,47,0.0,0.0,1
38,31,47,0.0,0.0,1
49,255,42,0.0,0.0,1
49,255,42,0.0,0.0,1
49,255,42,0.0,0.0,1
49,255,42,0.0,0.0,1
49,255,42,0.0,0.0,1
49,255,42,0.0,0.0,1
49,255,42,0.0,0.0,1
49,255,42,0.0,0.0,1
49,255,42,0.0,0.0,1
49,255,42,0.0,0.0,1
49,255,42,0.0,0.0,1
49,255,42,0.0,0.0,1
49,255,42,0.0,0.0,1
49,255,42,0.0,0.0,1
49,255,42,0.0,0.0,1
49,255,42,0.0,0.0,1
49,255,42,0.0,0.0,1
49,255,41,0.0,0.0,1
49,255,41,0.0,0.0,1
49,255,55,0.0,0.0,1
46,255,55,0.0,30.0,1
46,255,55,930.0,0.0,1
46,29,54,0.0,0.0,1
43,29,54,0.0,0.0,1
43,30,54,0.0,0.0,1
43,30,49,0.0,0.0,1
36,35,49,0.0,0.0,1
36,35,49,0.0,0.0,1
36,35,43,0.0,0.0,1
17,50,35,0.0,0.0,2
17,50,35,0.0,0.0,2
17,50,35,0.0,0.0,2
17,50,35,0.0,0.0,2
17,50,35,0.0,0.0,2
17,50,35,0.0,0.0,2
17,50,35,0.0,0.0,2
17,50,35,0.0,0.0,2
17,50,35,0.0,0.0,2
17,52,35,0.0,0.0,2
17,52,35,0.0,0.0,2
17,52,35,0.0,0.0,2
17,51,35,0.0,0.0,2
17,51,35,0.0,0.0,2
17,51,35,0.0,0.0,2
17,52,35,0.0,0.0,2
17,52,35,0.0,0.0,2
16,52,35,0.0,0.0,2
16,53,35,0.0,0.0,2
18,53,35,0.0,0.0,2
18,51,35,0.0,0.0,2
18,51,35,0.0,0.0,2
17,51,35,0.0,0.0,2
17,51,35,0.0,0.0,2
17,51,36,0.0,0.0,2
19,49,36,0.0,0.0,2
19,49,36,0.0,0.0,2
19,49,36,0.0,120.0,2
24,51,36,0.0,0.0,2
24,43,36,0.0,0.0,2
24,49,38,0.0,0.0,2
28,49,38,0.0,0.0,2
28,43,38,0.0,0.0,2
28,39,44,0.0,0.0,2
31,38,44,0.0,0.0,2
31,36,44,0.0,0.0,2
31,36,49,0.0,0.0,2
38,32,49,0.0,0.0,2
38,31,54,0.0,0.0,2
41,31,54,0.0,0.0,2
41,255,54,0.0,0.0,2
41,255,54,0.0,0.0,2
47,255,54,0.0,0.0,2
47,255,54,0.0,0.0,2
47,255,38,0.0,0.0,2
52,255,38,0.0,0.0,2
52,255,38,0.0,0.0,2
52,255,35,0.0,0.0,2
56,255,35,0.0,0.0,2
56,255,35,0.0,0.0,2
56,255,33,0.0,0.0,2
59,255,33,0.0,0.0,2
59,255,33,0.0,60.0,2
55,73,48,0.0,0.0,1
55,73,29,0.0,0.0,1
55,73,29,0.0,0.0,1
55,73,29,0.0,0.0,1
55,73,29,0.0,0.0,1
55,73,29,0.0,0.0,1
55,72,29,0.0,0.0,1
55,72,29,0.0,0.0,1
55,72,29,0.0,0.0,1
55,72,29,0.0,0.0,1
55,72,49,0.0,0.0,1
55,72,49,0.0,0.0,1
55,72,49,0.0,0.0,1
55,72,29,0.0,0.0,1
54,74,29,0.0,0.0,1
54,94,29,0.0,0.0,1
54,94,30,0.0,0.0,1
52,75,30,0.0,0.0,1
52,80,30,0.0,0.0,1
48,79,30,0.0,60.0,1
48,84,30,0.0,0.0,1
48,84,29,0.0,0.0,1
40,84,29,0.0,0.0,1
33,94,28,0.0,0.0,3
33,94,28,0.0,0.0,3
33,94,27,0.0,0.0,3
33,94,27,0.0,0.0,3
33,94,27,0.0,0.0,3
33,94,27,0.0,0.0,3
33,94,27,0.0,0.0,3
33,94,27,0.0,0.0,3
33,94,28,0.0,0.0,3
33,94,28,0.0,0.0,3
33,94,28,0.0,0.0,3
33,94,28,0.0,0.0,3
33,94,28,0.0,0.0,3
33,94,28,0.0,0.0,3
33,94,28,0.0,0.0,3
33,94,28,0.0,0.0,3
33,95,28,0.0,0.0,3
33,95,29,0.0,0.0,3
33,95,29,0.0,0.0,3
33,95,29,0.0,0.0,3
33,95,29,0.0,0.0,3
33,95,29,0.0,0.0,3
33,95,29,0.0,0.0,3
34,95,29,0.0,0.0,3
34,95,29,0.0,0.0,3
34,95,28,0.0,0.0,3
33,95,28,0.0,0.0,3
33,95,28,0.0,0.0,3
33,95,28,0.0,0.0,3
34,95,28,0.0,0.0,3
34,96,28,0.0,0.0,3
34,96,27,0.0,0.0,3
33,96,27,0.0,0.0,3
33,96,27,0.0,0.0,3
33,96,27,0.0,0.0,3
33,96,27,0.0,0.0,3
33,96,27,0.0,0.0,3
33,96,27,0.0,0.0,3
33,96,27,0.0,0.0,3
33,96,27,0.0,0.0,3
33,96,27,0.0,0.0,3
33,96,27,0.0,0.0,3
33,96,27,0.0,0.0,3
33,96,27,0.0,0.0,3
33,96,27,0.0,0.0,3
33,96,27,0.0,0.0,3
33,96,27,0.0,0.0,3
33,96,27,0.0,0.0,3
33,96,27,0.0,0.0,3
33,96,27,0.0,0.0,3
33,96,27,0.0,0.0,3
33,96,27,0.0,0.0,3
33,96,27,0.0,0.0,3
33,96,27,0.0,0.0,3
33,96,27,0.0,0.0,3
33,96,27,0.0,0.0,3
33,96,27,0.0,0.0,3
33,96,27,0.0,0.0,3
33,96,27,0.0,0.0,3
33,96,27,0.0,0.0,3
33,96,27,0.0,0.0,3
33,96,27,0.0,0.0,3
22,5,5,0.0,0.0,3
22,82,5,0.0,0.0,3
22,82,255,0.0,0.0,3
22,82,255,0.0,0.0,3
22,82,255,0.0,0.0,3
22,82,255,0.0,0.0,3
22,82,255,0.0,0.0,3
22,81,255,0.0,0.0,3
22,81,255,0.0,0.0,3
22,81,255,0.0,0.0,3
22,80,255,0.0,0.0,3
22,80,255,0.0,0.0,3
22,80,255,0.0,0.0,3
22,80,255,0.0,0.0,3
22,80,255,0.0,0.0,3
22,80,255,0.0,0.0,3
22,82,255,0.0,0.0,3
22,82,255,0.0,0.0,3
22,82,255,0.0,0.0,3
22,81,255,0.0,0.0,3
22,81,255,0.0,0.0,3
22,80,255,0.0,0.0,3
22,80,255,0.0,0.0,3
22,80,255,0.0,0.0,3
22,81,255,0.0,0.0,3
22,81,30,0.0,0.0,3
43,56,80,0.0,0.0,1
43,56,76,0.0,0.0,1
43,56,76,0.0,0.0,1
43,255,76,0.0,0.0,1
43,255,76,0.0,0.0,1
43,255,76,0.0,0.0,1
43,52,76,0.0,0.0,1
43,52,75,0.0,0.0,1
43,52,75,0.0,0.0,1
43,52,75,0.0,0.0,1
43,52,76,0.0,0.0,1
43,52,76,0.0,0.0,1
43,52,76,0.0,0.0,1
43,52,76,0.0,0.0,1
43,52,76,0.0,0.0,1
43,52,76,0.0,0.0,1
43,52,76,0.0,0.0,1
43,52,76,0.0,0.0,1
43,52,75,0.0,0.0,1
43,52,75,0.0,0.0,1
43,255,75,0.0,0.0,1
43,255,75,0.0,0.0,1
43,255,75,0.0,0.0,1
43,18,75,0.0,0.0,1
43,18,76,0.0,0.0,1
43,18,76,0.0,30.0,1
43,22,76,0.0,0.0,1
43,22,75,390.0,0.0,1
43,22,75,0.0,0.0,1
43,255,75,0.0,0.0,1
43,255,75,0.0,0.0,1
43,255,75,0.0,0.0,1
43,20,75,0.0,0.0,1
43,20,76,0.0,0.0,1
43,54,76,0.0,0.0,1
43,54,75,0.0,0.0,1
43,54,75,360.0,0.0,1
43,22,75,0.0,0.0,1
43,22,75,0.0,0.0,1
43,22,75,0.0,0.0,1
43,53,75,0.0,0.0,1
43,53,75,0.0,0.0,1
43,53,75,0.0,0.0,1
43,53,75,0.0,0.0,1
43,53,76,0.0,0.0,1
43,53,76,390.0,0.0,1
43,23,76,0.0,0.0,1
43,23,75,0.0,0.0,1
43,23,75,0.0,0.0,1
43,24,75,0.0,0.0,1
43,24,76,0.0,0.0,1
43,24,76,0.0,0.0,1
43,52,76,0.0,0.0,1
43,52,76,360.0,0.0,1
43,52,76,0.0,0.0,1
43,52,75,0.0,0.0,1
43,52,75,0.0,0.0,1
43,52,75,0.0,0.0,1
43,52,76,0.0,0.0,1
43,52,76,0.0,0.0,1
43,52,76,0.0,0.0,1
43,52,75,0.0,0.0,1
43,17,76,0.0,0.0,1
43,17,76,0.0,0.0,1
43,17,75,0.0,0.0,1
43,17,75,0.0,0.0,1
43,255,75,0.0,0.0,1
43,255,75,0.0,0.0,1
43,255,75,0.0,0.0,1
43,255,75,0.0,0.0,1
43,255,75,0.0,0.0,1
43,255,75,0.0,0.0,1
43,255,75,0.0,0.0,1
43,255,75,0.0,0.0,1
43,255,75,0.0,0.0,1
43,255,75,0.0,0.0,1
43,255,75,0.0,0.0,1
43,255,75,0.0,0.0,1
43,255,75,0.0,0.0,1
43,255,75,0.0,0.0,1
43,255,75,0.0,0.0,1
43,255,75,0.0,0.0,1
43,255,75,0.0,30.0,1
43,255,75,0.0,0.0,1
43,255,75,0.0,0.0,1
43,255,75,0.0,0.0,1
43,255,75,0.0,0.0,1
43,255,75,0.0,0.0,1
43,255,75,0.0,0.0,1
43,255,75,0.0,0.0,1
43,255,75,0.0,0.0,1
43,255,75,0.0,0.0,1
43,255,75,0.0,0.0,1
43,255,75,0.0,0.0,1
43,255,75,0.0,0.0,1
43,255,75,0.0,0.0,1
43,255,76,0.0,30.0,1
44,255,76,0.0,0.0,1
44,255,75,0.0,30.0,1
43,255,75,0.0,0.0,1
43,255,75,0.0,0.0,1
43,255,75,0.0,0.0,1
43,255,75,0.0,0.0,1
43,255,75,0.0,0.0,1
44,11,75,0.0,0.0,1
44,11,75,0.0,0.0,1
43,11,75,0.0,0.0,1
43,11,75,0.0,0.0,1
43,11,75,0.0,0.0,1
44,11,75,0.0,0.0,1
44,12,75,0.0,0.0,1
44,12,76,0.0,0.0,1
44,11,76,0.0,0.0,1
44,11,75,0.0,0.0,1
44,11,75,0.0,0.0,1
44,11,75,0.0,0.0,1
44,11,75,0.0,0.0,1
43,11,75,0.0,0.0,1
43,11,75,0.0,0.0,1
43,11,75,0.0,0.0,1
44,11,75,0.0,0.0,1
44,11,75,0.0,0.0,1
44,11,75,0.0,0.0,1
44,11,75,0.0,30.0,1
44,11,75,0.0,0.0,1
43,10,75,0.0,0.0,1
43,10,75,0.0,0.0,1
43,10,75,0.0,0.0,1
43,10,75,0.0,0.0,1
43,10,75,0.0,0.0,1
43,10,75,0.0,0.0,1
43,10,75,0.0,0.0,1
43,10,75,0.0,0.0,1
43,10,76,0.0,0.0,1
43,10,76,0.0,0.0,1
43,10,76,0.0,0.0,1
43,10,75,0.0,0.0,1
43,10,75,0.0,0.0,1
43,10,75,0.0,0.0,1
43,10,76,0.0,0.0,1
43,10,76,0.0,0.0,1
43,10,76,0.0,0.0,1
43,10,75,0.0,0.0,1
43,10,75,0.0,0.0,1
43,10,75,0.0,0.0,1
43,17,75,0.0,0.0,1
43,17,75,0.0,0.0,1
43,17,75,0.0,0.0,1
43,17,75,0.0,0.0,1
43,17,75,0.0,0.0,1
43,17,75,0.0,0.0,1
43,17,75,0.0,0.0,1
43,17,75,0.0,0.0,1
43,17,75,0.0,0.0,1
43,17,75,0.0,0.0,1
43,17,75,0.0,0.0,1
43,17,75,0.0,0.0,1
43,17,75,0.0,0.0,1
43,17,75,0.0,0.0,1
43,17,75,0.0,0.0,1
43,17,75,0.0,0.0,1
43,17,75,0.0,0.0,1
43,17,75,0.0,0.0,1
43,17,75,0.0,0.0,1
43,17,75,0.0,0.0,1
43,17,75,0.0,0.0,1
44,255,75,0.0,0.0,1
44,255,75,0.0,0.0,1
44,255,76,0.0,0.0,1
44,255,76,0.0,0.0,1
44,255,75,0.0,0.0,1
44,255,75,0.0,0.0,1
44,255,75,0.0,0.0,1
44,255,75,0.0,0.0,1
44,255,75,0.0,0.0,1
44,255,75,0.0,0.0,1
44,255,75,0.0,0.0,1
43,255,75,0.0,0.0,1
43,255,75,0.0,0.0,1
43,255,75,0.0,0.0,1
44,255,75,0.0,0.0,1
44,255,75,0.0,0.0,1
44,255,75,0.0,0.0,1
44,255,75,0.0,0.0,1
44,255,75,0.0,0.0,1
44,255,75,0.0,0.0,1
44,255,75,0.0,30.0,1
44,255,75,0.0,0.0,1
44,255,75,0.0,0.0,1
44,255,75,0.0,0.0,1
44,255,75,0.0,0.0,1
44,255,75,0.0,0.0,1
44,255,75,0.0,0.0,1
44,255,75,0.0,0.0,1
44,255,75,0.0,0.0,1
44,255,75,0.0,0.0,1
44,255,75,0.0,0.0,1
44,255,75,0.0,0.0,1
44,255,75,0.0,0.0,1
44,255,75,0.0,0.0,1
44,255,75,0.0,0.0,1
44,255,75,0.0,0.0,1
44,255,75,60.0,0.0,1
42,255,75,270.0,30.0,1
42,255,75,0.0,60.0,1
44,255,75,0.0,30.0,1
44,255,75,780.0,0.0,1
44,255,75,120.0,30.0,1
90,255,45,0.0,0.0,1
90,255,45,0.0,0.0,1
90,255,43,0.0,0.0,1
98,255,43,0.0,0.0,1
98,68,43,0.0,0.0,1
98,68,45,0.0,0.0,1
97,70,45,0.0,0.0,1
97,70,53,0.0,0.0,1
95,70,53,0.0,0.0,1
95,64,53,0.0,0.0,1
95,64,52,0.0,0.0,1
99,64,52,0.0,0.0,1
99,64,52,0.0,0.0,1
99,64,52,0.0,0.0,1
94,64,52,0.0,0.0,1
94,64,52,0.0,0.0,1
94,64,53,270.0,0.0,1
95,64,53,60.0,30.0,1
95,4,53,180.0,30.0,1
95,4,53,360.0,30.0,1
60,4,53,570.0,0.0,1
60,4,53,0.0,0.0,1
60,4,53,750.0,30.0,1
60,4,53,810.0,0.0,1
60,4,53,180.0,0.0,1
60,4,53,180.0,30.0,1
60,4,53,90.0,60.0,1
60,4,53,0.0,0.0,1
61,4,53,0.0,30.0,1
61,4,53,300.0,0.0,1
61,4,53,210.0,0.0,1
60,4,53,180.0,0.0,1
60,4,53,120.0,0.0,1
60,4,53,570.0,30.0,1
61,4,53,0.0,30.0,1
61,4,53,0.0,0.0,1
61,4,53,30.0,0.0,1
60,4,53,150.0,0.0,1
60,4,53,150.0,0.0,1
60,4,53,90.0,0.0,1
59,4,53,120.0,0.0,1
59,4,53,180.0,0.0,1
59,4,53,0.0,0.0,1
60,4,53,0.0,0.0,1
60,4,53,420.0,0.0,1
61,4,53,210.0,0.0,1
61,4,53,210.0,0.0,1
61,4,53,270.0,60.0,1
61,4,53,180.0,0.0,1
61,4,53,0.0,0.0,1
61,4,53,600.0,30.0,1
59,4,53,330.0,0.0,1
59,4,53,180.0,90.0,1
59,4,53,90.0,0.0,1
61,4,53,270.0,0.0,1
61,4,53,270.0,0.0,1
61,4,53,0.0,30.0,1
60,4,53,0.0,0.0,1
60,4,53,330.0,0.0,1
60,4,53,300.0,0.0,1
59,4,53,180.0,30.0,1
59,4,53,330.0,0.0,1
59,4,53,90.0,0.0,1
60,4,53,360.0,30.0,1
60,4,53,660.0,60.0,1
60,4,53,480.0,0.0,1
61,4,53,270.0,60.0,1
61,4,53,180.0,0.0,1
60,4,53,180.0,0.0,1
60,4,53,120.0,30.0,1
60,4,53,990.0,0.0,1
60,4,53,60.0,0.0,1
60,4,53,180.0,0.0,1
60,4,53,390.0,0.0,1
95,4,53,210.0,0.0,1
95,4,53,180.0,0.0,1
95,4,53,90.0,0.0,1
60,4,53,210.0,30.0,1
60,4,53,1110.0,0.0,1
60,4,53,810.0,0.0,1
95,4,53,540.0,60.0,1
95,4,53,240.0,0.0,1
95,4,53,180.0,0.0,1
60,4,53,90.0,0.0,1
60,4,53,120.0,0.0,1
60,4,53,330.0,30.0,1
61,4,53,1770.0,30.0,1
61,4,53,570.0,30.0,1
61,4,53,150.0,0.0,1
61,4,53,180.0,0.0,1
61,4,53,210.0,30.0,1
60,4,53,30.0,30.0,1
60,4,53,120.0,0.0,1
60,4,53,810.0,0.0,1
60,4,53,0.0,0.0,1
60,4,53,210.0,0.0,1
60,4,53,330.0,120.0,1
61,4,53,180.0,0.0,1
61,4,53,120.0,0.0,1
61,4,53,30.0,30.0,1
60,4,53,420.0,0.0,1
60,4,53,1380.0,0.0,1
60,4,53,90.0,0.0,1
95,4,53,270.0,0.0,1
95,4,53,540.0,30.0,1
95,4,53,180.0,30.0,1
95,4,53,90.0,0.0,1
95,4,53,690.0,90.0,1
95,4,53,840.0,0.0,1
95,4,53,1260.0,60.0,1
95,4,53,150.0,30.0,1
59,4,53,150.0,30.0,1
59,4,53,150.0,0.0,1
59,4,53,150.0,0.0,1
60,4,53,60.0,0.0,1
60,4,53,840.0,30.0,1
60,4,53,810.0,0.0,1
60,4,53,210.0,0.0,1
60,4,53,390.0,0.0,1
60,4,53,390.0,0.0,1
60,4,53,180.0,0.0,1
60,4,53,270.0,30.0,1
60,4,53,60.0,30.0,1
95,4,53,420.0,30.0,1
95,4,53,510.0,0.0,1
95,4,53,420.0,0.0,1
95,4,53,480.0,30.0,1
95,4,53,210.0,0.0,1
60,4,53,180.0,0.0,1
60,4,53,180.0,30.0,1
60,4,53,450.0,0.0,1
94,4,53,390.0,0.0,1
94,4,53,390.0,0.0,1
94,4,53,360.0,0.0,1
95,4,53,90.0,0.0,1
95,4,53,240.0,30.0,1
95,4,53,240.0,0.0,1
61,4,53,120.0,0.0,1
61,4,53,120.0,0.0,1
61,4,53,210.0,0.0,1
59,4,53,210.0,0.0,1
59,4,53,420.0,0.0,1
59,4,53,180.0,0.0,1
60,4,53,90.0,30.0,1
95,4,53,0.0,0.0,4
95,4,53,0.0,0.0,4
95,4,53,0.0,0.0,4
95,4,53,0.0,0.0,4
95,4,53,0.0,0.0,4
95,4,53,0.0,0.0,4
95,4,53,0.0,0.0,4
95,4,53,0.0,0.0,4
95,4,53,0.0,0.0,4
95,4,53,0.0,0.0,4
95,4,53,0.0,0.0,4
95,4,53,0.0,0.0,4
95,4,53,0.0,0.0,4
60,4,53,0.0,0.0,4
60,4,53,0.0,0.0,4
60,4,53,0.0,0.0,4
95,4,53,0.0,0.0,4
95,4,53,0.0,0.0,4
95,4,53,0.0,30.0,4
95,4,53,0.0,0.0,4
95,4,53,0.0,60.0,4
95,4,53,0.0,30.0,4
95,4,53,0.0,0.0,4
95,4,53,0.0,30.0,4
95,4,53,0.0,30.0,4
95,4,53,0.0,30.0,4
95,4,53,0.0,30.0,4
94,4,53,0.0,0.0,4
94,4,53,0.0,30.0,4
94,4,53,0.0,30.0,4
95,4,53,0.0,30.0,4
95,4,53,0.0,30.0,4
95,4,53,0.0,60.0,4
95,4,53,0.0,0.0,4
95,4,53,0.0,60.0,4
95,4,53,0.0,0.0,4
95,4,53,0.0,0.0,4
95,4,53,0.0,30.0,4
95,4,53,0.0,0.0,4
95,4,53,0.0,30.0,4
95,4,53,0.0,30.0,4
63,4,53,0.0,30.0,4
63,4,53,0.0,60.0,4
63,4,53,0.0,60.0,4
95,4,53,0.0,30.0,4
95,4,53,0.0,30.0,4
95,4,53,0.0,30.0,4
95,4,53,0.0,30.0,4
95,4,53,0.0,30.0,4
95,4,53,0.0,30.0,4
95,4,53,0.0,30.0,4
95,4,53,0.0,30.0,4
95,4,53,0.0,60.0,3
95,4,53,0.0,30.0,3
95,4,53,0.0,0.0,3
95,4,53,0.0,30.0,3
95,4,53,480.0,30.0,3
95,4,53,270.0,0.0,3
95,4,53,0.0,30.0,3
95,4,53,180.0,30.0,3
95,4,53,690.0,30.0,3
95,4,53,90.0,0.0,3
95,4,53,390.0,0.0,3
95,4,53,120.0,0.0,3
95,4,53,270.0,30.0,3
95,4,53,180.0,0.0,3
95,4,53,210.0,60.0,3
95,4,53,450.0,30.0,3
95,4,53,150.0,0.0,3
95,4,53,270.0,0.0,3
95,4,53,1110.0,90.0,3
95,4,53,390.0,0.0,3
94,4,53,90.0,30.0,3
94,4,53,180.0,30.0,3
94,4,53,120.0,30.0,3
95,4,53,90.0,0.0,3
95,4,53,90.0,0.0,3
95,4,53,240.0,30.0,3
64,4,53,750.0,30.0,3
64,4,53,600.0,0.0,3
64,4,53,120.0,30.0,3
95,4,53,150.0,60.0,3
95,4,53,90.0,0.0,3
95,4,53,150.0,0.0,3
95,4,53,150.0,30.0,3
95,4,53,90.0,30.0,3
95,4,53,120.0,60.0,3
95,4,53,120.0,30.0,3
95,4,53,900.0,30.0,3
95,4,53,420.0,30.0,3
95,4,53,180.0,0.0,3
95,4,53,120.0,0.0,3
95,4,53,240.0,150.0,3
61,4,53,90.0,30.0,2
61,4,53,120.0,60.0,2
95,4,53,90.0,0.0,2
95,4,53,120.0,30.0,2
95,4,53,840.0,30.0,2
95,4,53,630.0,30.0,2
95,4,53,90.0,30.0,2
95,4,53,120.0,90.0,2
95,4,53,90.0,30.0,2
95,4,53,270.0,30.0,2
95,4,53,150.0,30.0,2
95,4,53,120.0,30.0,2
95,4,53,0.0,0.0,2
95,4,53,210.0,30.0,2
95,4,53,1020.0,30.0,2
95,4,53,570.0,30.0,2
95,4,53,120.0,60.0,2
95,4,53,90.0,0.0,2
95,4,53,90.0,60.0,2
95,4,53,90.0,30.0,2
95,4,53,120.0,30.0,2
95,4,53,120.0,30.0,2
95,4,53,120.0,30.0,2
95,4,53,1020.0,30.0,2
95,4,53,570.0,30.0,2
95,4,53,210.0,60.0,2
95,4,53,180.0,0.0,2
95,4,53,90.0,30.0,2
95,4,53,120.0,60.0,2
95,4,53,120.0,60.0,2
95,4,53,150.0,30.0,2
63,4,53,0.0,30.0,2
63,4,53,210.0,60.0,2
63,4,53,720.0,30.0,2
63,4,53,540.0,30.0,2
63,4,53,120.0,30.0,2
63,4,53,150.0,30.0,2
62,4,53,270.0,60.0,2
62,4,53,90.0,0.0,2
95,4,53,150.0,60.0,2
95,4,53,0.0,0.0,2
95,4,53,210.0,60.0,2
63,4,53,720.0,30.0,2
63,4,53,720.0,30.0,2
63,4,53,90.0,30.0,2
95,4,53,90.0,30.0,2
95,4,53,120.0,30.0,2
95,4,53,120.0,30.0,2
63,4,53,120.0,30.0,2
63,4,53,90.0,30.0,2
63,4,53,0.0,90.0,2
63,4,53,210.0,60.0,2
63,4,53,780.0,0.0,2
63,4,53,360.0,60.0,2
95,4,53,90.0,30.0,2
95,4,53,180.0,60.0,2
95,4,53,690.0,30.0,2
95,4,53,150.0,60.0,2
95,4,53,0.0,60.0,2
95,4,53,0.0,0.0,2
95,4,53,0.0,0.0,2
95,4,53,0.0,0.0,2
95,4,53,0.0,0.0,2
95,4,53,0.0,0.0,2
95,4,53,0.0,0.0,2
95,4,53,0.0,0.0,2
95,4,53,0.0,0.0,2
95,4,53,0.0,0.0,2
95,4,53,0.0,0.0,2
95,4,53,0.0,0.0,2
95,4,53,0.0,0.0,2
62,4,53,0.0,0.0,2
62,4,53,0.0,0.0,2
62,4,53,0.0,0.0,2
62,4,53,0.0,0.0,2
62,4,53,0.0,0.0,2
62,4,53,0.0,0.0,2
62,4,53,0.0,0.0,2
62,4,53,0.0,0.0,2
62,4,53,0.0,0.0,2
95,4,53,0.0,0.0,2
95,4,53,0.0,0.0,2
63,4,53,0.0,0.0,2
63,4,53,0.0,0.0,2
63,4,53,0.0,0.0,2
62,4,53,0.0,0.0,2
62,4,53,0.0,0.0,2
62,4,53,0.0,0.0,2
95,4,53,0.0,0.0,2
95,4,53,0.0,0.0,2
95,4,53,0.0,0.0,2
95,4,53,0.0,0.0,2
95,4,53,0.0,0.0,2
95,4,53,0.0,0.0,2
95,4,53,0.0,0.0,2
95,4,53,0.0,0.0,2
95,4,53,0.0,0.0,2
94,4,53,0.0,0.0,2
94,6,53,0.0,0.0,2
91,6,53,0.0,0.0,2
91,14,53,0.0,0.0,2
91,14,54,0.0,0.0,2
82,14,54,0.0,0.0,2
82,19,54,0.0,0.0,2
82,19,54,0.0,0.0,2
77,19,54,0.0,0.0,2
77,24,54,0.0,0.0,2
77,24,50,0.0,0.0,2
73,24,50,0.0,0.0,2
73,29,50,0.0,0.0,2
73,29,49,0.0,0.0,2
70,29,49,0.0,0.0,2
70,50,49,0.0,0.0,2
70,50,49,0.0,0.0,2
68,50,49,0.0,0.0,2
68,52,49,0.0,0.0,2
68,52,49,0.0,0.0,2
69,52,49,0.0,0.0,2
69,41,50,0.0,0.0,2
64,41,50,0.0,0.0,2
64,52,50,0.0,0.0,2
64,52,49,0.0,0.0,2
60,52,49,0.0,0.0,2
60,49,49,0.0,0.0,2
60,49,49,0.0,0.0,2
62,49,49,0.0,0.0,2
62,49,49,0.0,0.0,2
62,49,49,0.0,0.0,2
60,49,49,0.0,0.0,2
60,49,49,0.0,0.0,2
60,49,49,0.0,0.0,2
60,49,49,0.0,0.0,2
60,49,49,0.0,0.0,2
60,49,49,0.0,0.0,2
61,49,49,0.0,0.0,2
61,49,49,0.0,0.0,2
61,49,49,0.0,0.0,2
61,49,49,0.0,0.0,2
61,49,49,0.0,0.0,2
61,49,49,0.0,0.0,2
61,49,49,0.0,0.0,2
61,49,49,0.0,0.0,2
61,49,49,0.0,0.0,2
61,49,49,0.0,0.0,2
61,49,49,0.0,0.0,2
60,49,49,0.0,0.0,2
60,49,49,0.0,0.0,2
60,49,49,0.0,0.0,2
63,49,49,0.0,0.0,2
63,49,49,0.0,0.0,2
63,49,49,0.0,0.0,2
62,49,49,0.0,0.0,2
62,49,49,0.0,0.0,2
62,49,49,0.0,0.0,2
63,49,49,0.0,0.0,2
63,49,49,0.0,0.0,2
62,49,49,0.0,0.0,2
62,49,49,0.0,0.0,2
63,49,49,0.0,0.0,2
63,49,49,0.0,0.0,2
63,49,49,0.0,0.0,2
63,49,49,0.0,0.0,2
63,49,49,0.0,0.0,2
63,49,49,0.0,0.0,2
63,49,49,0.0,0.0,2
63,49,49,0.0,0.0,2
62,49,49,0.0,0.0,2
62,49,49,0.0,0.0,2
62,49,49,0.0,0.0,2
61,49,49,0.0,0.0,2
61,49,49,0.0,0.0,2
61,49,49,0.0,0.0,2
61,49,49,0.0,0.0,2
61,49,49,0.0,0.0,2
61,49,49,0.0,0.0,2
62,49,49,0.0,0.0,2
62,49,49,0.0,0.0,2
62,49,49,0.0,0.0,2
60,49,49,0.0,0.0,2
60,49,49,0.0,0.0,2
60,49,49,0.0,0.0,2
60,49,49,0.0,0.0,2
60,49,49,0.0,0.0,2
60,49,49,0.0,0.0,2
60,49,49,0.0,0.0,2
60,49,49,0.0,0.0,2
62,49,49,0.0,0.0,2
62,49,49,0.0,0.0,2
62,49,49,0.0,0.0,2
63,49,49,0.0,0.0,2
63,49,49,0.0,0.0,2
63,49,49,0.0,0.0,2
62,49,49,0.0,0.0,2
62,49,49,0.0,0.0,2
62,49,49,0.0,0.0,2
62,49,49,0.0,0.0,2
62,49,49,210.0,0.0,2
62,49,49,0.0,0.0,2
62,49,49,270.0,0.0,2
62,49,49,120.0,0.0,2
62,49,49,990.0,0.0,2
62,49,49,990.0,0.0,2
62,49,49,240.0,0.0,2
62,49,49,90.0,0.0,2
62,49,49,60.0,0.0,2
62,49,49,150.0,0.0,2
62,49,49,150.0,0.0,2
62,49,49,120.0,0.0,2
62,49,49,240.0,0.0,2
63,49,49,210.0,0.0,2
63,49,49,150.0,0.0,2
63,49,49,960.0,0.0,2
60,49,49,180.0,0.0,2
60,49,49,60.0,0.0,2
60,49,49,210.0,0.0,2
62,49,49,180.0,0.0,2
62,49,49,150.0,0.0,2
62,49,49,120.0,0.0,2
62,49,49,60.0,0.0,2
62,49,49,60.0,0.0,2
62,49,49,180.0,0.0,2
62,49,49,1140.0,0.0,2
62,49,49,390.0,0.0,2
62,49,49,180.0,0.0,2
62,49,49,210.0,0.0,2
62,49,49,120.0,0.0,2
62,49,49,120.0,0.0,2
62,49,49,180.0,0.0,2
62,49,49,270.0,0.0,2
62,49,49,120.0,0.0,2
62,49,49,0.0,0.0,2
62,49,49,390.0,0.0,2
62,49,49,0.0,0.0,2
62,49,49,1440.0,0.0,2
62,49,49,330.0,0.0,2
62,49,49,120.0,0.0,2
62,49,49,120.0,0.0,2
62,49,49,120.0,0.0,2
62,49,49,90.0,0.0,2
62,49,49,150.0,0.0,2
63,49,49,90.0,0.0,2
63,49,49,0.0,0.0,2
63,49,49,360.0,0.0,2
62,49,49,120.0,0.0,2
62,49,49,1320.0,0.0,2
62,49,49,150.0,0.0,2
63,49,49,120.0,0.0,2
63,49,49,180.0,0.0,2
63,49,49,90.0,0.0,2
64,49,49,300.0,0.0,2
64,49,49,270.0,0.0,2
64,49,49,270.0,0.0,2
61,49,49,30.0,0.0,2
61,49,49,180.0,0.0,2
61,49,49,210.0,0.0,2
62,49,49,360.0,0.0,2
62,49,49,1320.0,0.0,2
62,49,49,240.0,0.0,2
63,49,49,90.0,0.0,2
63,49,49,210.0,0.0,2
63,49,49,240.0,0.0,2
62,49,49,240.0,0.0,2
62,49,49,150.0,0.0,2
63,49,49,0.0,0.0,2
63,49,49,180.0,0.0,2
63,49,49,240.0,0.0,2
62,49,49,1020.0,0.0,2
62,49,49,1020.0,0.0,2
62,49,49,120.0,0.0,2
62,49,49,90.0,0.0,2
62,49,49,90.0,0.0,2
62,49,49,120.0,0.0,2
63,49,49,210.0,0.0,2
63,49,49,120.0,60.0,2
63,49,49,60.0,30.0,2
62,49,49,750.0,30.0,2
62,49,49,480.0,30.0,2
62,49,49,60.0,0.0,2
62,49,49,210.0,60.0,2
62,49,49,390.0,60.0,2
63,49,49,30.0,30.0,2
63,49,49,150.0,30.0,2
63,49,49,930.0,90.0,2
63,49,49,420.0,60.0,2
63,49,49,150.0,30.0,2
63,49,49,90.0,60.0,2
63,49,49,240.0,30.0,2
63,49,49,120.0,30.0,2
63,49,49,90.0,60.0,2
62,49,49,180.0,30.0,2
62,49,49,1110.0,30.0,2
62,49,49,240.0,60.0,2
62,49,49,150.0,30.0,2
62,49,49,210.0,30.0,2
62,49,49,240.0,30.0,2
63,49,49,180.0,90.0,2
63,49,49,150.0,60.0,2
63,49,49,150.0,60.0,2
61,49,49,210.0,60.0,2
61,49,49,120.0,60.0,2
61,49,49,390.0,60.0,2
61,49,49,510.0,0.0,2
61,49,49,60.0,60.0,2
61,49,49,90.0,30.0,2
61,49,49,270.0,60.0,2
61,49,49,1200.0,30.0,2
63,49,49,150.0,30.0,2
63,49,49,150.0,30.0,2
63,49,49,420.0,60.0,2
62,49,49,390.0,30.0,2
62,49,49,390.0,30.0,2
62,49,49,60.0,60.0,2
62,49,49,390.0,30.0,2
62,49,49,960.0,0.0,2
62,49,49,180.0,60.0,2
62,49,49,120.0,30.0,2
62,49,49,390.0,60.0,2
62,49,49,360.0,30.0,2
62,49,49,150.0,60.0,2
62,49,49,720.0,60.0,2
62,49,49,600.0,30.0,2
62,49,49,210.0,60.0,2
62,49,49,120.0,30.0,2
65,49,49,480.0,60.0,2
65,49,49,240.0,0.0,2
65,49,49,180.0,60.0,2
60,49,49,180.0,30.0,2
60,49,49,960.0,60.0,2
60,49,49,330.0,30.0,2
61,49,49,180.0,30.0,2
61,49,49,180.0,0.0,2
61,49,49,300.0,60.0,2
61,49,49,210.0,30.0,2
61,49,49,90.0,90.0,2
61,49,49,150.0,60.0,2
61,49,49,150.0,60.0,2
61,49,49,180.0,0.0,2
61,49,49,90.0,60.0,2
60,49,49,120.0,30.0,2
60,49,49,390.0,60.0,2
61,49,49,150.0,30.0,2
61,49,49,210.0,0.0,2
61,49,49,1050.0,60.0,2
61,49,49,150.0,30.0,2
61,49,49,90.0,60.0,2
61,49,49,300.0,30.0,2
61,49,49,450.0,30.0,2
61,49,49,150.0,0.0,2
61,49,49,60.0,60.0,2
61,49,49,330.0,30.0,2
61,49,49,870.0,60.0,2
61,49,49,120.0,30.0,2
60,49,49,180.0,60.0,2
60,49,49,480.0,0.0,2
60,49,49,330.0,60.0,2
60,49,49,120.0,30.0,2
60,49,49,150.0,60.0,2
60,49,49,780.0,30.0,2
60,49,49,570.0,30.0,2
60,49,49,90.0,30.0,2
60,49,49,90.0,60.0,2
60,49,49,120.0,60.0,2
60,49,49,120.0,60.0,2
60,49,49,150.0,60.0,2
60,49,49,870.0,0.0,2
60,49,49,480.0,60.0,2
60,49,49,120.0,30.0,2
60,49,49,150.0,60.0,2
60,49,49,300.0,60.0,2
63,49,49,120.0,60.0,2
63,49,49,60.0,0.0,2
63,49,49,240.0,60.0,2
63,49,49,1170.0,30.0,2
63,49,49,210.0,60.0,2
63,49,49,150.0,30.0,2
62,49,49,90.0,60.0,2
62,49,49,360.0,30.0,2
62,49,49,120.0,60.0,2
63,49,49,120.0,60.0,2
63,49,49,990.0,30.0,2
60,49,49,180.0,60.0,2
60,49,49,60.0,0.0,2
60,49,49,120.0,60.0,2
60,49,49,300.0,30.0,2
60,49,49,120.0,60.0,2
60,49,49,90.0,30.0,2
60,49,49,150.0,60.0,2
60,49,49,1230.0,0.0,2
60,49,49,210.0,60.0,2
60,49,49,90.0,30.0,2
60,49,49,120.0,60.0,2
60,49,49,420.0,30.0,2
60,49,49,60.0,60.0,2
60,49,49,90.0,0.0,2
60,49,49,270.0,60.0,2
61,49,49,900.0,30.0,2
61,49,49,90.0,90.0,2
61,49,49,120.0,30.0,2
60,49,49,540.0,0.0,2
60,49,49,300.0,0.0,2
60,49,49,60.0,30.0,2
60,49,49,180.0,60.0,2
60,49,49,960.0,30.0,2
60,49,49,210.0,30.0,2
60,49,49,90.0,0.0,2
60,49,49,270.0,60.0,2
61,49,49,210.0,30.0,2
61,49,49,120.0,60.0,2
61,49,49,60.0,60.0,2
60,49,49,330.0,60.0,2
60,49,49,870.0,0.0,2
60,49,49,240.0,60.0,2
60,49,49,60.0,30.0,2
60,49,49,390.0,60.0,2
60,49,49,90.0,30.0,2
61,49,49,120.0,60.0,2
141,64,34,0.0,0.0,1
141,64,34,0.0,0.0,1
141,65,34,0.0,0.0,1
141,65,34,0.0,0.0,1
141,65,34,0.0,0.0,1
141,65,34,0.0,0.0,1
141,65,34,0.0,0.0,1
141,66,34,0.0,0.0,1
141,66,35,0.0,0.0,1
141,66,35,0.0,0.0,1
141,66,35,0.0,0.0,1
141,66,35,0.0,0.0,1
141,66,35,0.0,0.0,1
141,66,35,0.0,0.0,1
141,66,34,0.0,0.0,1
141,66,34,0.0,0.0,1
141,67,34,0.0,0.0,1
141,67,35,0.0,0.0,1
141,67,35,0.0,0.0,1
141,65,35,0.0,0.0,1
141,65,35,0.0,0.0,1
141,66,35,0.0,0.0,1
141,66,35,0.0,0.0,1
141,66,35,0.0,0.0,1
141,66,35,0.0,0.0,1
141,65,35,0.0,0.0,1
141,65,35,0.0,0.0,1
141,65,35,0.0,0.0,1
141,65,35,0.0,0.0,1
141,65,35,0.0,0.0,1
141,65,35,0.0,0.0,1
141,65,35,0.0,0.0,1
141,65,35,0.0,0.0,1
141,65,35,0.0,0.0,1
141,65,35,0.0,0.0,1
141,65,35,0.0,0.0,1
141,65,35,0.0,0.0,1
141,65,35,0.0,0.0,1
140,65,35,0.0,0.0,1
140,65,35,0.0,0.0,1
140,65,34,0.0,0.0,1
140,65,34,0.0,0.0,1
132,18,34,0.0,0.0,1
132,18,34,0.0,0.0,1
132,18,34,0.0,0.0,1
132,18,34,0.0,0.0,1
132,18,34,0.0,0.0,1
132,18,34,0.0,0.0,1
132,18,34,0.0,0.0,1
132,18,34,0.0,0.0,1
132,18,34,0.0,0.0,1
132,18,34,0.0,0.0,1
132,18,34,0.0,0.0,1
132,18,34,0.0,0.0,1
132,18,34,0.0,0.0,1
132,18,34,0.0,0.0,1
132,18,34,0.0,0.0,1
132,18,34,0.0,0.0,1
132,18,34,0.0,0.0,1
132,18,34,0.0,0.0,1
132,19,34,0.0,0.0,1
132,19,35,0.0,0.0,1
146,21,35,0.0,0.0,1
146,21,35,0.0,0.0,1
146,21,35,0.0,0.0,1
146,21,35,0.0,0.0,1
146,21,35,0.0,0.0,1
146,21,35,0.0,0.0,1
146,21,35,0.0,0.0,1
146,21,35,0.0,0.0,1
146,21,35,0.0,0.0,1
146,21,35,0.0,0.0,1
146,21,35,0.0,0.0,1
147,21,35,0.0,0.0,1
147,21,35,0.0,0.0,1
146,21,35,0.0,0.0,1
146,21,35,0.0,0.0,1
146,21,35,0.0,0.0,1
147,21,35,0.0,0.0,1
147,21,35,0.0,0.0,1
147,21,35,0.0,0.0,1
146,21,35,0.0,0.0,1
146,26,35,0.0,90.0,1
146,26,36,0.0,0.0,1
142,26,36,0.0,0.0,1
142,28,36,0.0,0.0,1
142,29,36,0.0,30.0,1
121,29,36,0.0,0.0,1
121,34,36,480.0,0.0,1
121,34,38,0.0,0.0,1
127,34,38,0.0,0.0,1
127,41,38,0.0,30.0,1
127,41,39,0.0,0.0,1
255,41,39,0.0,0.0,1
255,36,40,0.0,60.0,1
113,36,40,0.0,0.0,1
113,42,40,300.0,0.0,1
113,42,42,0.0,0.0,1
105,42,42,0.0,0.0,1
105,50,42,0.0,60.0,1
105,50,43,0.0,30.0,1
99,50,43,0.0,0.0,1
99,56,43,0.0,0.0,1
99,56,45,0.0,0.0,1
90,56,45,0.0,0.0,1
90,65,45,270.0,0.0,1
90,65,45,0.0,0.0,1
82,65,45,0.0,30.0,1
82,71,45,0.0,0.0,1
82,71,47,0.0,0.0,1
74,71,47,0.0,30.0,1
74,81,47,0.0,0.0,1
74,81,48,0.0,0.0,1
66,81,48,0.0,0.0,1
66,56,49,0.0,30.0,1
59,56,49,0.0,0.0,1
59,61,49,0.0,0.0,1
59,61,49,0.0,0.0,1
54,61,49,0.0,0.0,1
54,255,49,0.0,0.0,1
54,255,51,0.0,0.0,1
46,255,51,0.0,60.0,1
46,255,51,0.0,0.0,1
46,255,53,0.0,60.0,1
56,255,53,0.0,0.0,1
56,255,53,0.0,0.0,1
56,255,53,0.0,0.0,1
255,255,53,0.0,0.0,1
255,255,53,0.0,0.0,1
255,255,56,0.0,30.0,1
57,255,56,0.0,0.0,1
57,202,56,0.0,0.0,4
57,137,57,0.0,0.0,4
81,137,57,0.0,90.0,4
81,139,58,0.0,0.0,4
79,139,58,0.0,0.0,4
79,139,58,0.0,0.0,4
79,139,59,0.0,0.0,4
255,139,59,0.0,0.0,4
255,139,59,0.0,0.0,4
255,139,60,0.0,0.0,4
93,139,60,600.0,0.0,4
93,56,60,210.0,0.0,4
93,56,61,0.0,0.0,4
91,56,61,0.0,0.0,4
91,57,61,0.0,0.0,4
91,57,62,0.0,0.0,4
16,57,62,0.0,0.0,4
16,57,62,0.0,0.0,4
16,57,62,0.0,0.0,4
16,57,62,0.0,0.0,4
16,57,62,0.0,0.0,4
16,57,62,0.0,0.0,4
16,57,62,0.0,0.0,4
16,57,62,0.0,0.0,4
20,57,62,0.0,0.0,4
20,57,62,0.0,0.0,4
20,57,62,0.0,0.0,4
16,57,62,0.0,0.0,4
16,57,62,0.0,0.0,3
16,57,62,0.0,0.0,3
16,57,62,0.0,0.0,3
16,57,62,0.0,0.0,3
16,57,62,0.0,0.0,3
16,57,62,0.0,0.0,3
16,58,62,0.0,0.0,3
16,58,61,0.0,60.0,3
90,58,61,0.0,60.0,3
90,59,61,0.0,0.0,3
90,59,60,0.0,0.0,3
255,59,60,0.0,0.0,3
255,61,60,0.0,0.0,3
255,61,59,0.0,0.0,3
255,62,59,0.0,0.0,3
255,62,58,0.0,0.0,3
77,62,58,0.0,0.0,3
77,149,58,0.0,0.0,3
77,149,42,0.0,0.0,3
71,149,42,0.0,0.0,3
71,50,42,0.0,0.0,3
71,50,36,0.0,0.0,3
70,50,36,0.0,60.0,3
70,49,36,0.0,0.0,3
70,49,37,0.0,0.0,3
67,49,37,0.0,0.0,3
67,50,37,0.0,0.0,3
67,50,17,0.0,0.0,1
65,50,17,0.0,0.0,1
65,255,17,0.0,0.0,1
65,255,10,0.0,0.0,1
63,255,10,0.0,30.0,1
63,255,10,0.0,60.0,1
63,255,10,0.0,0.0,1
58,255,10,0.0,0.0,1
58,255,13,0.0,90.0,1
50,255,13,0.0,0.0,1
50,255,13,0.0,0.0,1
50,255,16,0.0,0.0,1
43,255,16,0.0,0.0,1
43,255,16,0.0,0.0,4
43,255,18,0.0,0.0,4
36,255,18,0.0,0.0,4
36,255,18,0.0,0.0,4
36,255,76,0.0,0.0,4
36,255,76,0.0,0.0,4
36,255,76,0.0,0.0,4
36,255,25,0.0,0.0,4
72,255,25,0.0,0.0,4
72,45,25,1020.0,0.0,4
72,45,28,0.0,0.0,4
229,45,28,0.0,0.0,4
229,37,28,0.0,0.0,4
229,37,25,0.0,0.0,4
229,37,25,0.0,0.0,4
229,38,27,0.0,0.0,4
228,38,27,0.0,0.0,4
228,36,27,0.0,0.0,4
228,36,27,0.0,0.0,4
228,36,27,0.0,0.0,4
228,38,27,0.0,0.0,4
228,38,27,0.0,0.0,4
228,38,27,0.0,0.0,4
228,38,27,0.0,0.0,1
228,38,27,0.0,0.0,1
228,38,27,0.0,0.0,1
228,38,27,0.0,0.0,1
228,38,27,0.0,0.0,1
228,38,27,0.0,0.0,1
228,37,27,0.0,0.0,1
228,37,26,0.0,60.0,1
225,37,26,0.0,0.0,1
225,43,26,0.0,0.0,1
225,43,56,0.0,0.0,1
220,46,56,0.0,0.0,1
220,46,49,0.0,0.0,1
57,46,49,0.0,0.0,1
57,54,49,0.0,0.0,1
57,54,50,0.0,60.0,1
206,54,50,0.0,0.0,1
206,61,50,0.0,0.0,1
206,61,49,0.0,0.0,1
200,61,49,0.0,30.0,1
200,73,49,0.0,0.0,1
200,73,76,0.0,0.0,1
195,73,76,0.0,0.0,1
195,76,76,300.0,0.0,1
195,76,50,0.0,30.0,1
255,76,50,0.0,60.0,1
255,83,50,0.0,0.0,1
255,83,49,0.0,0.0,1
176,83,49,0.0,0.0,1
176,90,49,0.0,0.0,1
176,90,49,0.0,0.0,1
171,98,49,690.0,30.0,1
171,98,75,0.0,0.0,1
163,98,75,0.0,0.0,1
163,104,75,0.0,0.0,1
163,104,50,0.0,30.0,1
158,104,50,0.0,60.0,1
158,56,50,0.0,0.0,1
158,56,48,0.0,0.0,1
151,56,48,0.0,0.0,1
151,36,48,0.0,0.0,1
151,36,49,0.0,0.0,1
146,36,49,0.0,0.0,1
146,126,49,0.0,30.0,1
146,126,75,0.0,0.0,1
139,126,75,0.0,0.0,1
139,47,75,0.0,0.0,1
139,47,76,0.0,0.0,1
135,47,76,0.0,0.0,1
135,56,76,0.0,60.0,1
135,56,47,0.0,0.0,1
122,56,47,0.0,0.0,1
122,58,77,0.0,30.0,1
97,58,77,0.0,0.0,1
97,68,77,0.0,0.0,1
97,68,76,0.0,0.0,1
88,68,76,0.0,0.0,1
88,75,76,0.0,0.0,1
88,75,68,0.0,0.0,1
79,75,68,0.0,30.0,1
79,82,68,0.0,0.0,1
79,82,83,0.0,0.0,1
73,82,83,0.0,0.0,1
73,90,83,0.0,0.0,1
73,90,64,0.0,60.0,1
65,90,64,510.0,0.0,1
65,255,64,0.0,0.0,4
65,255,56,0.0,0.0,4
58,255,56,0.0,0.0,4
58,105,56,0.0,0.0,4
58,105,52,0.0,0.0,4
56,105,52,0.0,0.0,4
56,109,56,0.0,0.0,4
85,109,56,0.0,0.0,4
85,110,56,0.0,0.0,4
85,110,56,0.0,0.0,4
82,110,56,0.0,0.0,4
82,112,56,0.0,0.0,4
82,112,77,0.0,0.0,4
80,112,77,0.0,0.0,4
80,255,77,0.0,0.0,4
80,255,78,0.0,0.0,4
78,255,78,0.0,0.0,1
78,255,78,0.0,0.0,1
78,255,80,0.0,0.0,1
77,255,80,0.0,0.0,1
77,255,80,0.0,0.0,1
77,255,74,0.0,0.0,1
73,255,74,0.0,0.0,1
73,255,74,0.0,30.0,1
73,255,70,0.0,0.0,1
67,255,70,0.0,0.0,1
67,23,70,0.0,0.0,1
61,23,59,0.0,60.0,1
61,255,59,0.0,0.0,1
61,255,56,0.0,0.0,1
56,255,56,0.0,0.0,1
56,37,56,0.0,60.0,1
56,255,44,0.0,0.0,1
50,255,44,0.0,0.0,1
50,255,44,0.0,0.0,1
50,255,37,0.0,0.0,1
44,255,37,0.0,0.0,1
44,255,37,0.0,0.0,1
44,255,40,0.0,0.0,1
36,255,40,0.0,60.0,1
36,59,40,0.0,0.0,1
36,59,44,0.0,60.0,1
43,255,45,0.0,0.0,1
43,255,45,0.0,0.0,1
43,255,45,0.0,0.0,1
43,255,45,0.0,0.0,1
43,255,45,0.0,0.0,1
43,255,45,0.0,0.0,1
43,255,45,0.0,0.0,1
43,255,45,0.0,0.0,1
43,255,45,0.0,0.0,1
43,255,45,0.0,0.0,1
43,255,45,0.0,0.0,1
47,255,45,0.0,0.0,1
47,255,45,0.0,0.0,1
47,255,44,0.0,0.0,1
43,255,44,0.0,0.0,1
43,255,44,0.0,0.0,1
43,255,45,0.0,0.0,1
43,255,45,0.0,0.0,1
43,255,45,0.0,0.0,1
43,255,45,0.0,0.0,1
43,255,45,0.0,0.0,2
43,255,45,0.0,0.0,2
43,255,44,0.0,0.0,2
43,255,44,0.0,0.0,2
43,255,44,0.0,0.0,2
43,255,45,0.0,0.0,2
43,255,45,0.0,0.0,2
43,255,49,0.0,30.0,2
46,255,49,0.0,30.0,2
46,255,49,0.0,0.0,2
46,255,39,0.0,0.0,2
52,255,39,0.0,0.0,2
52,255,39,0.0,30.0,2
52,255,50,0.0,0.0,2
57,255,50,0.0,0.0,2
57,255,50,0.0,0.0,2
57,255,50,0.0,0.0,2
61,255,50,0.0,0.0,2
61,255,50,0.0,0.0,2
61,255,95,0.0,0.0,2
68,255,95,0.0,60.0,2
68,255,95,0.0,30.0,2
68,255,93,0.0,0.0,2
73,255,93,0.0,0.0,2
73,255,93,0.0,0.0,2
73,255,80,0.0,0.0,2
80,255,80,0.0,0.0,2
80,255,78,0.0,30.0,2
88,255,78,0.0,30.0,2
88,255,78,0.0,0.0,2
88,255,63,0.0,0.0,2
90,255,63,0.0,0.0,2
90,255,63,0.0,0.0,2
90,255,62,0.0,0.0,2
94,255,62,0.0,0.0,2
94,103,62,0.0,0.0,2
94,103,68,0.0,0.0,2
62,103,68,0.0,0.0,2
62,66,68,0.0,0.0,2
62,66,71,0.0,0.0,2
63,66,71,0.0,60.0,2
63,61,71,0.0,0.0,2
63,61,77,0.0,0.0,2
65,61,77,0.0,0.0,2
65,57,77,0.0,0.0,2
65,57,70,0.0,0.0,2
101,57,70,0.0,0.0,2
101,56,68,0.0,0.0,2
103,56,68,0.0,0.0,2
103,56,68,0.0,0.0,2
103,56,79,0.0,0.0,2
76,56,79,0.0,0.0,2
76,85,79,0.0,0.0,2
76,85,88,0.0,0.0,2
108,85,88,0.0,30.0,2
108,82,88,0.0,0.0,2
108,82,86,0.0,0.0,2
110,82,86,0.0,0.0,2
110,78,86,0.0,0.0,2
110,78,54,0.0,0.0,2
115,78,54,0.0,0.0,2
115,73,54,0.0,120.0,2
115,73,82,0.0,0.0,2
119,73,82,0.0,0.0,2
119,67,82,0.0,0.0,2
119,66,74,0.0,0.0,2
123,65,74,0.0,0.0,2
123,63,74,0.0,0.0,2
127,62,77,0.0,0.0,2
127,62,77,0.0,0.0,2
127,62,83,0.0,0.0,4
124,62,83,0.0,120.0,4
124,56,83,0.0,0.0,4
124,56,52,0.0,60.0,4
105,52,52,0.0,0.0,4
105,52,52,0.0,0.0,4
105,52,53,0.0,0.0,4
141,52,53,0.0,0.0,4
141,52,53,0.0,0.0,4
141,52,53,0.0,0.0,4
130,52,53,0.0,0.0,4
130,52,53,0.0,0.0,4
130,52,53,0.0,0.0,4
130,52,53,0.0,0.0,4
130,52,53,0.0,0.0,4
130,52,53,0.0,0.0,4
110,52,53,0.0,0.0,4
110,52,53,0.0,0.0,4
110,52,53,0.0,0.0,4
130,52,53,0.0,0.0,4
130,52,53,0.0,0.0,4
110,52,53,0.0,0.0,4
110,52,53,0.0,0.0,4
110,52,53,0.0,0.0,4
130,52,53,0.0,0.0,4
130,52,53,0.0,0.0,4
130,52,53,0.0,0.0,4
111,52,53,0.0,0.0,4
111,52,53,0.0,0.0,4
111,52,53,0.0,0.0,4
130,52,53,0.0,0.0,4
130,52,53,0.0,0.0,4
130,52,53,0.0,0.0,4
130,52,53,0.0,0.0,4
130,52,53,0.0,0.0,4
130,52,53,0.0,0.0,4
130,52,53,0.0,0.0,4
130,52,53,0.0,0.0,4
130,52,53,0.0,0.0,4
130,52,53,0.0,0.0,4
130,52,53,0.0,0.0,4
111,52,53,0.0,0.0,4
111,52,53,0.0,0.0,4
111,52,53,0.0,0.0,4
111,52,53,0.0,0.0,4
111,52,53,0.0,0.0,4
111,52,53,0.0,0.0,4
111,52,53,0.0,0.0,4
111,52,53,0.0,0.0,4
111,52,53,0.0,0.0,4
110,52,53,0.0,0.0,4
110,52,53,0.0,0.0,4
110,52,53,0.0,0.0,4
110,52,53,0.0,0.0,4
110,52,53,0.0,0.0,4
110,52,53,0.0,0.0,4
111,52,53,0.0,0.0,4
111,52,53,0.0,0.0,4
111,52,53,0.0,0.0,4
110,52,53,0.0,0.0,4
110,52,53,0.0,0.0,4
110,52,53,0.0,0.0,4
110,52,53,0.0,0.0,4
110,52,53,0.0,0.0,4
110,52,53,0.0,0.0,4
110,52,53,0.0,0.0,4
110,52,53,0.0,0.0,4
110,52,53,0.0,0.0,4
110,52,53,0.0,0.0,4
110,52,53,0.0,0.0,4
110,52,53,0.0,0.0,4
110,52,53,0.0,0.0,4
110,52,53,0.0,0.0,4
110,52,53,0.0,0.0,4
110,52,53,0.0,0.0,4
110,52,53,0.0,0.0,4
110,52,53,0.0,0.0,4
110,52,53,0.0,0.0,4
110,52,53,0.0,0.0,2
109,52,53,0.0,0.0,2
109,51,53,0.0,0.0,2
137,50,53,0.0,0.0,2
137,50,53,510.0,0.0,2
137,49,52,0.0,0.0,2
112,49,52,0.0,0.0,2
112,47,52,0.0,0.0,2
112,131,81,0.0,0.0,2
117,45,81,0.0,0.0,2
117,42,81,0.0,0.0,2
117,42,80,0.0,30.0,2
121,42,80,0.0,60.0,2
121,37,80,0.0,0.0,2
121,121,80,0.0,30.0,2
151,35,80,0.0,0.0,2
151,117,80,0.0,0.0,2
151,117,54,510.0,0.0,2
154,29,54,0.0,0.0,2
154,29,54,0.0,0.0,2
154,29,54,0.0,0.0,2
159,56,54,0.0,60.0,2
159,56,54,0.0,0.0,2
159,105,80,0.0,0.0,2
158,51,80,0.0,0.0,2
158,51,56,0.0,0.0,2
166,100,56,0.0,30.0,2
166,100,56,0.0,0.0,2
166,16,81,0.0,0.0,2
169,16,81,0.0,0.0,2
169,16,81,0.0,0.0,2
169,16,54,720.0,0.0,2
173,93,54,0.0,0.0,2
173,91,54,0.0,0.0,2
173,89,53,0.0,60.0,2
178,88,53,0.0,0.0,2
178,86,53,0.0,0.0,2
178,86,53,0.0,0.0,2
182,85,53,0.0,90.0,2
182,83,53,0.0,0.0,2
182,81,81,0.0,30.0,2
186,80,81,0.0,0.0,2
186,79,81,0.0,0.0,2
186,79,56,0.0,0.0,2
189,77,56,0.0,0.0,2
189,74,54,300.0,0.0,2
198,71,54,0.0,0.0,2
198,69,54,0.0,30.0,2
198,68,56,0.0,0.0,2
203,68,56,0.0,0.0,2
203,64,56,0.0,0.0,2
203,64,56,0.0,0.0,2
206,63,56,0.0,0.0,2
206,62,56,0.0,30.0,2
206,61,56,0.0,30.0,2
209,61,56,0.0,0.0,2
209,54,56,0.0,0.0,2
209,52,56,0.0,0.0,2
56,49,56,0.0,0.0,2
56,47,56,0.0,0.0,2
56,46,66,0.0,0.0,2
61,43,66,0.0,0.0,2
61,44,66,0.0,30.0,2
61,43,39,0.0,0.0,2
66,39,39,0.0,0.0,2
66,39,39,0.0,0.0,2
72,34,36,0.0,0.0,2
72,32,36,0.0,0.0,2
72,28,35,0.0,30.0,2
240,25,35,0.0,30.0,2
240,24,35,0.0,0.0,2
240,22,36,0.0,0.0,2
246,22,36,0.0,30.0,2
246,18,36,0.0,0.0,2
246,18,30,0.0,0.0,2
47,14,30,0.0,0.0,2
47,12,30,0.0,30.0,2
47,12,25,0.0,60.0,2
51,7,25,0.0,0.0,2
51,5,25,0.0,0.0,4
51,3,36,0.0,0.0,4
56,3,36,0.0,0.0,4
56,3,36,0.0,60.0,4
56,3,42,0.0,0.0,4
255,3,42,0.0,0.0,4
255,3,42,0.0,0.0,4
255,3,43,0.0,0.0,4
59,3,43,0.0,0.0,4
59,3,40,0.0,0.0,4
59,3,40,0.0,0.0,4
59,3,40,0.0,0.0,4
59,3,40,0.0,0.0,4
255,3,40,0.0,0.0,4
255,3,40,0.0,0.0,4
255,3,41,0.0,0.0,4
60,3,41,0.0,0.0,4
60,3,41,0.0,0.0,4
60,3,41,0.0,0.0,4
255,3,41,0.0,0.0,4
255,3,41,0.0,0.0,4
255,3,41,0.0,0.0,4
255,3,41,0.0,0.0,4
255,3,41,0.0,0.0,4
255,3,40,0.0,0.0,4
255,3,40,0.0,0.0,4
255,3,40,0.0,0.0,4
255,3,40,0.0,0.0,4
255,3,40,0.0,0.0,4
255,3,40,0.0,0.0,4
61,3,40,0.0,0.0,4
61,3,40,0.0,0.0,4
61,3,94,0.0,0.0,4
255,3,94,0.0,0.0,4
255,3,94,0.0,0.0,4
255,3,95,0.0,0.0,4
255,3,95,0.0,0.0,4
255,3,95,0.0,0.0,4
255,3,64,0.0,0.0,4
255,3,64,0.0,0.0,4
255,3,64,0.0,0.0,4
255,3,36,0.0,0.0,4
255,3,36,0.0,0.0,4
255,3,36,0.0,0.0,4
255,3,27,0.0,0.0,4
55,3,27,0.0,0.0,4
55,3,23,0.0,0.0,4
55,3,23,0.0,0.0,4
55,3,23,0.0,0.0,4
55,3,28,0.0,0.0,4
55,3,28,0.0,0.0,4
55,3,28,0.0,0.0,4
55,3,26,0.0,0.0,4
55,3,26,0.0,0.0,4
55,3,26,0.0,0.0,4
55,3,30,0.0,0.0,4
55,3,30,0.0,0.0,4
55,3,30,0.0,0.0,4
55,3,36,0.0,0.0,4
55,3,36,0.0,0.0,4
55,3,36,0.0,0.0,4
55,3,29,0.0,0.0,4
55,3,29,0.0,0.0,1
55,3,22,0.0,0.0,1
55,3,22,0.0,0.0,1
55,3,22,0.0,0.0,1
55,3,26,0.0,0.0,1
54,3,26,0.0,0.0,1
54,5,26,0.0,0.0,1
54,8,30,0.0,0.0,1
49,9,30,0.0,0.0,1
49,11,30,0.0,0.0,1
49,15,26,0.0,30.0,1
43,16,26,0.0,0.0,1
43,17,26,0.0,0.0,1
43,17,37,0.0,0.0,1
44,17,37,0.0,0.0,1
44,22,37,0.0,0.0,1
44,22,36,0.0,0.0,1
36,27,36,0.0,90.0,1
36,27,36,0.0,0.0,1
36,30,37,0.0,0.0,1
238,32,37,0.0,0.0,1
238,32,39,0.0,0.0,1
233,32,39,0.0,0.0,1
233,36,39,0.0,0.0,1
233,36,51,0.0,0.0,1
228,36,51,0.0,0.0,1
228,43,51,0.0,0.0,1
228,43,29,0.0,0.0,1
60,44,29,0.0,30.0,1
60,47,29,0.0,0.0,1
60,48,71,0.0,0.0,1
227,48,71,0.0,30.0,1
227,52,71,600.0,150.0,1
227,56,89,0.0,0.0,1
255,56,89,0.0,0.0,1
255,56,89,0.0,0.0,1
255,56,60,0.0,0.0,1
255,56,60,0.0,0.0,1
255,56,60,0.0,0.0,1
255,56,61,0.0,0.0,1
255,56,61,0.0,0.0,1
255,56,61,0.0,0.0,1
255,56,61,0.0,0.0,1
255,56,61,0.0,0.0,1
255,56,60,0.0,0.0,1
255,56,60,0.0,0.0,1
255,56,60,0.0,0.0,1
255,56,60,0.0,0.0,1
255,56,60,0.0,0.0,1
255,56,60,0.0,0.0,1
255,56,60,0.0,0.0,1
255,56,60,0.0,0.0,1
255,56,60,0.0,0.0,1
255,56,61,0.0,0.0,1
255,56,61,0.0,0.0,1
255,56,61,0.0,0.0,1
255,56,61,0.0,0.0,1
255,56,61,0.0,0.0,2
255,56,61,0.0,0.0,2
216,56,89,0.0,0.0,2
216,56,89,0.0,180.0,2
216,56,60,0.0,0.0,2
218,56,60,0.0,0.0,2
218,49,60,0.0,0.0,2
218,46,65,0.0,30.0,2
58,45,65,0.0,60.0,2
58,44,65,0.0,0.0,2
58,44,70,0.0,0.0,2
227,41,70,0.0,0.0,2
227,37,70,0.0,30.0,2
227,37,42,0.0,0.0,2
232,37,42,0.0,0.0,2
232,37,42,0.0,0.0,4
232,37,38,0.0,0.0,4
237,29,38,0.0,0.0,4
237,25,39,0.0,30.0,4
36,25,39,0.0,0.0,4
36,25,39,0.0,0.0,4
36,25,38,0.0,30.0,4
248,19,38,0.0,0.0,4
248,19,38,0.0,0.0,4
248,20,41,0.0,120.0,4
250,20,41,0.0,0.0,4
250,20,41,0.0,0.0,4
250,20,43,0.0,0.0,4
255,20,43,0.0,0.0,4
255,20,43,0.0,0.0,4
255,20,47,0.0,0.0,4
46,113,47,0.0,0.0,4
46,114,47,0.0,0.0,4
46,114,60,0.0,0.0,4
43,114,60,0.0,0.0,4
43,109,60,0.0,0.0,4
43,109,49,0.0,0.0,4
44,109,49,0.0,0.0,4
44,255,49,0.0,0.0,4
42,255,106,0.0,0.0,4
42,255,106,0.0,0.0,4
42,255,56,0.0,0.0,4
36,255,56,0.0,0.0,4
36,255,56,0.0,0.0,4
36,255,107,0.0,0.0,4
40,255,107,0.0,0.0,4
40,255,107,0.0,0.0,4
40,255,106,0.0,0.0,4
37,255,106,0.0,0.0,4
37,109,106,0.0,0.0,4
37,109,106,0.0,0.0,4
24,109,106,0.0,0.0,4
24,109,106,0.0,0.0,4
24,109,106,0.0,0.0,4
43,109,106,0.0,0.0,4
43,109,106,0.0,0.0,4
43,109,3,0.0,0.0,4
43,109,3,0.0,0.0,4
43,109,3,0.0,0.0,4
43,109,3,0.0,0.0,4
43,109,3,0.0,0.0,4
43,109,4,0.0,0.0,4
29,109,4,0.0,0.0,4
29,255,4,0.0,0.0,4
29,255,105,0.0,0.0,4
27,255,105,0.0,0.0,4
27,255,105,0.0,0.0,4
27,255,50,0.0,0.0,4
46,255,50,0.0,0.0,4
46,255,50,0.0,0.0,4
46,255,50,0.0,0.0,4
41,255,50,0.0,0.0,4
41,255,50,0.0,0.0,4
41,255,50,0.0,0.0,4
43,255,50,0.0,0.0,4
43,255,50,0.0,0.0,4
43,255,56,0.0,0.0,4
39,255,56,0.0,0.0,4
39,255,50,0.0,0.0,4
35,255,50,0.0,0.0,4
35,109,50,0.0,0.0,4
35,109,106,0.0,0.0,4
30,109,106,0.0,0.0,4
30,110,106,0.0,0.0,4
30,110,105,0.0,0.0,4
39,110,105,0.0,0.0,4
39,109,105,0.0,0.0,4
39,109,106,0.0,0.0,4
36,109,106,0.0,0.0,4
36,109,106,0.0,0.0,4
36,109,106,0.0,0.0,4
36,109,106,0.0,0.0,4
36,109,106,0.0,0.0,4
36,109,105,0.0,0.0,4
41,109,105,0.0,0.0,4
41,108,105,0.0,0.0,1
41,108,105,0.0,0.0,1
99,255,105,0.0,0.0,1
99,255,105,0.0,0.0,1
99,255,105,0.0,0.0,1
76,255,105,0.0,0.0,1
76,110,105,0.0,0.0,1
76,110,105,0.0,0.0,1
74,110,105,0.0,0.0,1
74,255,105,0.0,0.0,1
74,255,105,0.0,0.0,1
98,255,105,0.0,0.0,1
98,110,105,0.0,0.0,1
98,110,105,0.0,0.0,1
98,110,105,0.0,0.0,1
98,255,105,0.0,0.0,1
98,255,105,0.0,0.0,1
97,255,105,0.0,0.0,1
97,110,105,0.0,0.0,1
97,110,105,0.0,0.0,1
98,110,105,0.0,0.0,1
98,109,105,0.0,0.0,1
98,109,105,0.0,0.0,1
84,115,105,0.0,0.0,1
84,115,105,0.0,0.0,1
73,115,105,0.0,0.0,1
73,109,105,0.0,0.0,1
73,109,106,0.0,0.0,1
78,109,106,0.0,0.0,1
78,109,106,0.0,0.0,1
78,109,106,0.0,0.0,1
98,109,106,0.0,0.0,1
98,110,106,0.0,0.0,1
98,110,106,0.0,0.0,1
98,110,106,0.0,0.0,1
98,115,106,0.0,0.0,1
98,115,106,0.0,0.0,1
82,115,106,0.0,0.0,1
82,110,106,0.0,0.0,1
82,110,105,0.0,0.0,1
100,110,105,0.0,0.0,1
100,110,105,0.0,0.0,1
81,110,105,0.0,0.0,1
81,114,105,0.0,0.0,1
81,114,105,0.0,0.0,1
81,114,105,0.0,0.0,1
81,114,105,0.0,0.0,1
81,114,105,0.0,0.0,1
81,114,105,0.0,0.0,1
81,110,105,0.0,0.0,1
81,110,105,0.0,0.0,1
83,110,105,0.0,0.0,1
83,103,105,0.0,0.0,1
83,103,105,0.0,0.0,1
73,103,105,0.0,0.0,1
73,108,105,0.0,0.0,1
73,108,105,0.0,0.0,1
73,108,105,0.0,0.0,1
73,71,105,0.0,0.0,1
73,71,105,0.0,0.0,1
73,71,105,0.0,0.0,1
73,70,105,0.0,0.0,1
74,70,105,0.0,0.0,1
74,110,105,0.0,0.0,1
74,110,105,0.0,0.0,1
73,110,105,0.0,0.0,1
73,71,105,0.0,0.0,1
73,71,105,0.0,0.0,1
73,71,105,0.0,0.0,1
73,71,105,0.0,0.0,1
73,71,105,0.0,0.0,1
74,71,105,0.0,0.0,1
74,114,105,0.0,0.0,1
74,114,105,0.0,0.0,1
76,114,105,0.0,0.0,1
76,110,105,0.0,0.0,1
76,110,105,0.0,0.0,1
98,110,105,0.0,0.0,1
98,117,105,0.0,0.0,1
98,117,105,0.0,0.0,1
74,117,105,0.0,0.0,1
74,255,105,0.0,0.0,1
75,255,105,0.0,0.0,1
75,255,105,0.0,0.0,1
75,255,105,0.0,0.0,1
85,255,105,0.0,0.0,1
85,63,105,0.0,0.0,1
85,63,105,0.0,0.0,1
100,63,105,0.0,0.0,1
100,110,105,0.0,0.0,1
100,110,105,0.0,0.0,1
84,110,105,0.0,0.0,1
84,109,105,0.0,0.0,1
84,109,105,0.0,0.0,1
84,109,105,0.0,0.0,1
84,255,105,0.0,0.0,1
84,255,105,0.0,0.0,1
98,255,105,0.0,0.0,1
98,62,105,0.0,0.0,1
98,62,105,0.0,0.0,1
98,62,105,0.0,0.0,1
98,70,105,0.0,0.0,1
98,70,105,0.0,0.0,1
98,63,105,0.0,0.0,1
98,63,105,0.0,0.0,1
98,63,105,0.0,0.0,1
98,70,105,0.0,0.0,1
98,70,105,0.0,0.0,1
99,70,105,0.0,0.0,1
99,70,105,0.0,0.0,1
99,70,105,0.0,0.0,1
79,70,105,0.0,0.0,1
79,62,105,0.0,0.0,1
79,62,105,0.0,0.0,1
99,62,105,0.0,0.0,1
99,62,105,0.0,0.0,1
99,62,105,0.0,0.0,1
98,62,105,0.0,0.0,1
98,109,105,0.0,0.0,1
98,109,105,0.0,0.0,1
82,109,105,0.0,0.0,1
82,71,105,0.0,0.0,1
78,71,105,0.0,0.0,1
78,109,105,0.0,0.0,1
78,109,105,0.0,0.0,1
99,109,105,0.0,0.0,1
99,110,105,0.0,0.0,1
99,110,105,0.0,0.0,1
99,110,105,0.0,0.0,1
99,116,105,0.0,0.0,1
99,116,105,0.0,0.0,1
99,116,105,0.0,0.0,1
99,116,105,0.0,0.0,1
99,116,105,0.0,0.0,1
99,116,105,0.0,0.0,1
99,110,105,0.0,0.0,1
99,110,105,0.0,0.0,1
99,110,105,0.0,0.0,1
99,117,105,0.0,0.0,1
99,117,105,0.0,0.0,1
100,117,105,0.0,0.0,1
100,109,105,0.0,0.0,1
98,109,105,0.0,0.0,1
98,71,105,0.0,0.0,1
98,71,105,0.0,0.0,1
100,71,105,0.0,0.0,1
100,110,105,0.0,0.0,1
100,110,105,0.0,0.0,1
100,110,105,0.0,0.0,1
100,115,105,0.0,0.0,1
100,115,105,0.0,0.0,1
100,115,105,0.0,0.0,1
100,117,105,0.0,0.0,1
100,117,105,0.0,0.0,1
99,117,105,0.0,0.0,1
99,255,105,0.0,0.0,1
99,255,105,0.0,0.0,1
99,255,105,0.0,0.0,1
99,117,105,0.0,0.0,1
99,117,105,0.0,0.0,1
99,117,105,0.0,0.0,1
99,255,105,0.0,0.0,1
99,255,105,0.0,0.0,1
99,116,105,0.0,0.0,1
99,116,105,0.0,0.0,1
99,116,105,0.0,0.0,1
99,110,105,0.0,0.0,1
99,110,105,0.0,0.0,1
99,110,105,0.0,0.0,1
99,116,105,0.0,0.0,1
99,116,105,0.0,0.0,1
100,116,105,0.0,0.0,1
100,120,105,0.0,0.0,1
100,120,105,0.0,0.0,1
99,120,105,0.0,0.0,1
99,116,105,0.0,0.0,1
99,116,105,0.0,0.0,1
99,116,105,0.0,0.0,1
99,71,105,0.0,0.0,1
99,71,105,0.0,0.0,1
99,110,105,0.0,0.0,1
99,110,105,0.0,0.0,1
99,110,105,0.0,0.0,1
99,109,105,0.0,0.0,1
99,109,105,0.0,0.0,1
99,109,105,0.0,0.0,1
99,68,105,0.0,0.0,1
99,68,105,0.0,0.0,1
100,68,105,0.0,0.0,1
100,64,105,0.0,0.0,1
100,64,105,0.0,0.0,1
99,64,105,0.0,0.0,1
99,69,105,0.0,0.0,1
99,69,105,0.0,0.0,1
100,69,105,0.0,0.0,1
100,67,105,0.0,0.0,1
100,67,105,0.0,0.0,1
100,67,105,0.0,0.0,1
100,67,105,0.0,0.0,1
100,67,105,0.0,0.0,1
100,67,105,0.0,0.0,1
100,115,105,0.0,0.0,1
100,115,105,0.0,0.0,1
100,79,105,0.0,0.0,1
100,79,105,0.0,0.0,1
100,79,105,0.0,0.0,1
100,120,105,0.0,0.0,1
100,120,105,0.0,0.0,1
99,120,105,0.0,0.0,1
99,65,105,0.0,0.0,1
99,65,105,0.0,0.0,1
99,65,105,0.0,0.0,1
99,74,105,0.0,0.0,1
99,74,105,0.0,0.0,1
100,74,105,0.0,0.0,1
100,66,105,0.0,0.0,1
100,66,105,0.0,0.0,1
100,66,105,0.0,0.0,1
100,66,105,0.0,0.0,1
100,66,105,0.0,0.0,1
99,68,105,0.0,0.0,1
99,68,105,0.0,0.0,1
100,68,105,0.0,0.0,1
100,67,105,0.0,0.0,1
100,67,105,0.0,0.0,1
99,67,105,0.0,0.0,1
99,70,105,0.0,0.0,1
99,70,105,0.0,0.0,1
99,70,105,0.0,0.0,1
99,71,105,0.0,0.0,1
99,71,105,0.0,0.0,1
99,71,105,0.0,0.0,1
99,70,105,0.0,0.0,1
99,70,105,0.0,0.0,1
100,70,105,0.0,0.0,1
100,68,105,0.0,0.0,1
100,68,105,0.0,0.0,1
70,68,105,0.0,0.0,1
70,68,105,0.0,0.0,1
70,68,105,0.0,0.0,1
99,68,105,0.0,0.0,1
99,66,105,0.0,0.0,1
99,66,105,0.0,0.0,1
99,66,105,0.0,0.0,1
99,66,105,0.0,0.0,1
99,114,105,0.0,0.0,1
99,49,105,0.0,0.0,1
99,49,105,0.0,0.0,1
38,49,105,0.0,0.0,1
38,255,105,0.0,0.0,1
38,255,105,0.0,0.0,1
37,255,105,0.0,0.0,1
37,42,105,0.0,0.0,1
37,42,105,0.0,0.0,1
38,42,105,0.0,0.0,1
38,43,105,0.0,0.0,1
39,43,103,0.0,0.0,1
39,29,103,0.0,0.0,1
39,29,95,0.0,0.0,1
29,29,95,0.0,0.0,1
29,19,95,0.0,0.0,1
29,19,92,0.0,0.0,1
30,19,92,0.0,0.0,1
30,20,92,0.0,0.0,1
106,67,40,0.0,0.0,1
106,69,40,0.0,0.0,1
106,69,42,0.0,0.0,1
107,69,42,0.0,0.0,1
107,72,42,0.0,0.0,1
107,72,42,0.0,0.0,1
106,72,42,0.0,0.0,1
106,68,42,0.0,0.0,1
106,68,42,0.0,0.0,1
106,68,42,0.0,0.0,1
106,69,42,0.0,0.0,1
106,69,42,0.0,0.0,1
107,69,42,0.0,0.0,1
107,70,42,0.0,0.0,1
107,70,42,0.0,0.0,1
106,68,42,0.0,0.0,1
106,68,42,0.0,0.0,1
107,68,42,0.0,0.0,1
107,70,42,0.0,0.0,1
107,70,42,0.0,0.0,1
107,70,42,0.0,0.0,1
107,71,42,0.0,0.0,1
107,71,42,0.0,0.0,1
106,71,42,0.0,0.0,1
106,69,42,0.0,0.0,1
106,69,42,0.0,0.0,1
107,69,42,0.0,0.0,1
107,66,42,0.0,0.0,1
107,66,42,0.0,0.0,1
106,66,42,0.0,0.0,1
106,68,42,0.0,0.0,1
106,68,42,0.0,0.0,1
106,68,42,0.0,0.0,1
106,38,42,0.0,0.0,1
106,38,40,0.0,0.0,1
106,38,40,0.0,0.0,1
106,36,40,0.0,0.0,1
106,36,42,0.0,0.0,1
106,35,42,0.0,0.0,1
106,35,40,0.0,0.0,1
106,35,40,0.0,0.0,1
106,38,40,0.0,0.0,1
106,38,42,0.0,0.0,1
106,38,42,0.0,0.0,1
106,38,42,0.0,0.0,1
106,38,40,0.0,0.0,1
106,38,40,0.0,0.0,1
106,38,40,0.0,0.0,1
106,38,40,0.0,0.0,1
106,38,40,0.0,0.0,1
106,37,40,0.0,0.0,1
106,37,40,0.0,0.0,1
106,37,40,0.0,0.0,1
106,36,40,0.0,0.0,1
106,36,42,0.0,0.0,1
106,36,42,0.0,0.0,1
106,39,42,0.0,0.0,1
106,39,42,0.0,0.0,1
107,36,42,0.0,0.0,1
107,36,42,0.0,0.0,1
107,36,42,0.0,0.0,1
107,46,3,0.0,0.0,1
106,46,3,0.0,0.0,1
106,43,3,0.0,0.0,1
106,43,3,0.0,0.0,1
107,43,3,0.0,0.0,1
107,37,3,0.0,0.0,1
107,37,3,0.0,0.0,1
106,37,3,0.0,0.0,1
106,38,3,0.0,0.0,1
106,38,4,0.0,0.0,1
107,38,4,0.0,0.0,1
107,36,4,0.0,0.0,1
107,36,40,0.0,0.0,1
106,36,40,0.0,0.0,1
106,36,40,0.0,0.0,1
4,36,40,0.0,0.0,1
4,36,40,0.0,0.0,1
4,36,40,0.0,0.0,1
107,36,40,0.0,0.0,1
107,36,40,0.0,0.0,1
107,36,40,0.0,0.0,1
107,40,40,0.0,0.0,1
107,40,40,0.0,0.0,1
107,40,40,0.0,0.0,1
107,47,40,0.0,0.0,1
107,49,40,0.0,0.0,1
107,49,40,0.0,0.0,1
87,49,40,0.0,0.0,1
87,38,40,0.0,0.0,1
87,38,40,0.0,0.0,1
76,38,40,0.0,0.0,1
76,49,40,0.0,0.0,1
76,49,40,0.0,0.0,1
75,49,40,0.0,0.0,1
75,56,40,0.0,0.0,1
74,56,40,0.0,0.0,1
74,46,40,0.0,0.0,1
74,46,40,0.0,0.0,1
87,46,40,0.0,0.0,1
87,44,40,0.0,0.0,1
87,44,40,0.0,0.0,1
73,44,40,0.0,0.0,1
73,35,40,0.0,0.0,1
73,35,40,0.0,0.0,1
87,35,40,0.0,0.0,1
87,189,40,0.0,0.0,1
87,189,40,0.0,0.0,1
54,189,40,0.0,0.0,1
54,189,40,0.0,0.0,1
54,189,40,0.0,0.0,1
255,255,255,0.0,0.0,1
90,74,54,0.0,0.0,2
90,74,54,0.0,0.0,2
90,74,54,0.0,0.0,2
90,74,54,120.0,0.0,2
90,74,54,30.0,0.0,2
90,74,54,120.0,0.0,2
90,74,54,180.0,30.0,2
90,74,54,60.0,0.0,2
90,74,54,60.0,0.0,2
90,74,54,180.0,0.0,2
91,74,54,90.0,0.0,2
91,74,54,120.0,0.0,2
91,74,54,90.0,0.0,2
91,74,54,90.0,0.0,2
91,74,54,90.0,0.0,2
91,74,54,540.0,0.0,2
90,74,54,240.0,0.0,2
90,74,54,120.0,0.0,2
90,74,54,90.0,0.0,2
90,74,54,90.0,90.0,2
90,74,54,90.0,90.0,2
90,74,54,120.0,0.0,2
90,74,54,90.0,0.0,2
90,74,54,660.0,0.0,2
90,74,54,150.0,30.0,2
90,74,54,120.0,0.0,2
90,74,54,120.0,0.0,2
90,74,54,90.0,0.0,2
91,74,54,90.0,0.0,2
91,74,54,90.0,0.0,2
91,74,54,690.0,0.0,2
91,74,54,180.0,0.0,2
91,74,54,180.0,0.0,2
91,74,54,90.0,0.0,2
91,74,54,120.0,0.0,2
91,74,54,60.0,0.0,2
90,74,54,120.0,0.0,2
90,74,54,120.0,0.0,2
90,74,54,630.0,0.0,2
91,74,54,180.0,0.0,2
90,74,54,0.0,0.0,3
91,74,54,0.0,0.0,3
91,74,54,0.0,0.0,3
91,74,54,0.0,0.0,3
91,74,54,0.0,60.0,3
91,74,54,0.0,0.0,3
91,74,54,90.0,0.0,3
91,74,54,60.0,30.0,3
91,74,54,150.0,0.0,3
91,74,54,0.0,0.0,3
91,74,54,150.0,0.0,3
91,74,54,90.0,0.0,3
91,74,54,810.0,0.0,3
91,74,54,810.0,0.0,3
91,74,54,60.0,0.0,3
91,74,54,90.0,0.0,3
91,74,54,90.0,0.0,3
91,74,54,90.0,0.0,3
91,74,54,60.0,0.0,3
91,74,54,150.0,0.0,3
91,74,54,60.0,0.0,3
91,74,54,90.0,0.0,3
91,74,54,690.0,0.0,3
90,74,54,120.0,0.0,3
90,74,54,90.0,0.0,3
90,74,54,90.0,0.0,3
90,74,54,90.0,0.0,3
90,74,54,90.0,0.0,3
90,74,54,180.0,0.0,3
91,74,54,0.0,0.0,3
91,74,54,180.0,0.0,3
91,74,54,60.0,0.0,3
90,74,54,720.0,0.0,3
90,74,54,210.0,0.0,3
90,74,54,120.0,0.0,3
91,74,54,120.0,0.0,3
91,74,54,90.0,0.0,3
91,74,54,90.0,0.0,3
91,74,54,0.0,0.0,4
91,74,54,0.0,0.0,4
90,74,54,0.0,0.0,4
90,74,54,0.0,0.0,4
90,74,54,0.0,0.0,4
90,74,54,0.0,0.0,4
90,74,54,0.0,0.0,4
90,74,54,0.0,0.0,4
90,74,54,0.0,0.0,4
90,74,54,0.0,0.0,4
90,74,54,0.0,0.0,4
90,74,54,0.0,0.0,4
90,74,54,0.0,0.0,4
90,74,54,0.0,0.0,4
91,74,54,0.0,0.0,4
91,74,54,0.0,0.0,4
91,74,54,0.0,0.0,4
90,74,54,0.0,0.0,4
90,74,54,0.0,0.0,4
91,74,54,0.0,0.0,4
91,74,54,0.0,0.0,4
91,74,54,0.0,0.0,4
91,74,54,0.0,0.0,4
91,74,54,0.0,0.0,4
91,74,54,0.0,0.0,4
91,74,54,0.0,0.0,4
91,74,54,0.0,0.0,4
91,74,54,0.0,0.0,4
91,74,54,0.0,0.0,4
91,74,54,0.0,0.0,4
91,74,54,0.0,0.0,4
91,74,54,0.0,0.0,4
91,74,54,0.0,0.0,4
91,74,54,0.0,0.0,4
90,74,54,0.0,0.0,4
90,74,54,0.0,0.0,4
90,74,54,0.0,0.0,4
90,74,54,0.0,0.0,4
90,74,54,0.0,0.0,4
102,74,54,5430.0,0.0,4
102,74,54,5430.0,0.0,4
102,75,54,12420.0,0.0,4
106,75,54,7110.0,0.0,4
106,76,54,0.0,0.0,4
106,76,47,0.0,0.0,4
106,76,47,0.0,0.0,4
106,76,47,0.0,0.0,4
106,76,54,0.0,0.0,4
105,76,54,0.0,0.0,4
105,76,54,0.0,0.0,4
105,76,54,0.0,0.0,4
106,76,54,0.0,0.0,4
106,76,54,0.0,0.0,4
106,76,54,0.0,0.0,4
90,76,54,0.0,0.0,4
90,75,54,0.0,0.0,4
90,75,54,0.0,0.0,4
92,75,54,0.0,0.0,4
92,75,54,0.0,0.0,4
92,75,54,0.0,0.0,4
92,75,54,0.0,0.0,4
92,75,54,0.0,0.0,4
92,75,54,0.0,0.0,4
92,75,54,0.0,0.0,4
92,75,54,0.0,0.0,4
92,75,54,0.0,0.0,4
92,73,54,690.0,0.0,4
92,73,55,0.0,0.0,4
96,73,55,0.0,0.0,4
96,73,55,0.0,0.0,4
96,73,55,0.0,0.0,4
108,73,55,0.0,0.0,4
108,73,55,0.0,0.0,4
108,73,55,0.0,0.0,4
97,73,55,0.0,0.0,4
97,73,55,0.0,0.0,4
97,73,55,0.0,0.0,4
98,73,55,0.0,0.0,4
98,73,55,0.0,0.0,4
98,73,55,0.0,0.0,4
98,73,55,0.0,0.0,4
98,73,55,0.0,0.0,4
108,73,55,0.0,0.0,4
108,73,55,0.0,0.0,4
108,73,55,0.0,0.0,4
88,73,55,0.0,0.0,4
88,16,55,0.0,0.0,4
88,16,55,5370.0,0.0,4
88,16,55,0.0,0.0,4
88,16,55,0.0,0.0,4
88,16,55,0.0,0.0,4
88,16,55,0.0,0.0,4
88,73,55,0.0,0.0,4
88,73,55,0.0,0.0,4
88,73,55,0.0,0.0,4
88,73,55,0.0,0.0,4
88,73,55,0.0,0.0,4
88,73,55,0.0,0.0,4
88,73,55,0.0,0.0,4
88,73,55,0.0,0.0,4
88,73,55,0.0,0.0,4
88,73,55,0.0,0.0,4
88,73,55,0.0,0.0,4
88,15,55,3960.0,0.0,4
88,15,55,3960.0,0.0,4
97,15,55,0.0,0.0,4
97,73,55,0.0,0.0,4
97,73,54,0.0,0.0,4
97,73,54,0.0,0.0,4
97,74,54,0.0,0.0,4
97,74,54,0.0,0.0,4
108,74,54,0.0,0.0,4
108,74,54,0.0,0.0,4
108,74,55,0.0,0.0,4
108,74,55,0.0,0.0,4
108,74,55,0.0,0.0,4
108,74,54,0.0,0.0,4
97,74,54,0.0,0.0,4
97,73,54,0.0,0.0,4
108,73,55,0.0,0.0,4
108,73,55,0.0,0.0,4
108,73,55,0.0,0.0,4
108,73,55,0.0,0.0,4
108,73,55,0.0,0.0,4
108,73,55,0.0,0.0,4
108,73,55,0.0,0.0,4
108,74,55,0.0,0.0,4
108,74,54,0.0,0.0,4
97,74,54,0.0,0.0,4
97,73,54,0.0,0.0,4
97,73,55,0.0,0.0,4
108,73,55,0.0,0.0,4
108,73,55,0.0,0.0,4
108,73,55,0.0,0.0,4
97,73,55,0.0,0.0,4
97,73,55,0.0,0.0,4
97,73,55,0.0,0.0,4
108,73,55,0.0,0.0,4
108,74,55,0.0,0.0,4
97,74,54,0.0,0.0,4
97,73,54,0.0,0.0,4
97,73,55,0.0,0.0,4
108,73,55,0.0,0.0,4
108,73,55,0.0,0.0,4
108,73,55,0.0,0.0,4
97,73,55,0.0,0.0,4
97,73,55,0.0,0.0,4
97,73,55,0.0,0.0,4
97,73,55,0.0,0.0,4
97,73,55,0.0,0.0,4
97,73,55,0.0,0.0,1
97,74,55,0.0,0.0,1
108,74,55,0.0,0.0,1
108,73,55,0.0,0.0,1
108,73,55,0.0,0.0,1
97,73,55,0.0,0.0,1
97,73,55,0.0,0.0,1
97,73,54,0.0,0.0,1
108,73,54,0.0,0.0,1
108,73,54,0.0,0.0,1
108,73,55,0.0,0.0,1
97,73,55,0.0,0.0,1
97,73,55,0.0,0.0,1
97,73,54,0.0,0.0,1
98,73,54,0.0,0.0,1
98,73,54,0.0,0.0,1
98,73,55,0.0,0.0,1
98,73,55,0.0,0.0,1
98,74,55,0.0,0.0,1
98,73,55,0.0,0.0,1
96,74,55,0.0,0.0,1
96,73,55,0.0,0.0,1
108,73,55,0.0,0.0,1
108,73,55,0.0,0.0,1
108,73,54,0.0,0.0,1
100,73,54,0.0,0.0,1
100,73,54,0.0,0.0,1
100,74,55,0.0,0.0,1
98,73,55,0.0,0.0,1
98,73,55,0.0,0.0,1
98,73,55,0.0,0.0,1
108,73,55,0.0,0.0,1
108,73,55,0.0,0.0,1
108,73,55,0.0,0.0,1
98,73,55,0.0,0.0,1
98,73,55,0.0,0.0,1
98,73,55,0.0,0.0,1
107,74,55,0.0,0.0,1
107,74,55,0.0,0.0,1
107,73,55,0.0,0.0,1
107,73,55,0.0,0.0,1
107,73,55,180.0,0.0,1
92,73,54,0.0,0.0,1
92,73,54,0.0,0.0,1
92,73,54,0.0,0.0,1
92,74,54,0.0,0.0,1
92,74,54,1170.0,0.0,1
92,78,50,60.0,0.0,1
104,78,50,30.0,0.0,1
104,138,50,60.0,0.0,1
104,138,55,30.0,0.0,1
102,138,55,510.0,0.0,1
102,77,55,30.0,0.0,1
102,77,55,120.0,0.0,1
103,77,55,60.0,0.0,1
103,78,55,30.0,0.0,1
103,207,55,90.0,0.0,1
104,207,55,30.0,0.0,1
104,77,55,0.0,0.0,1
104,77,55,0.0,0.0,1
104,77,55,150.0,0.0,1
104,77,55,150.0,0.0,1
84,78,55,0.0,0.0,1
84,79,55,540.0,0.0,1
84,79,47,0.0,0.0,1
88,79,47,0.0,0.0,1
88,78,47,0.0,0.0,1
88,78,48,0.0,0.0,1
104,78,48,0.0,0.0,1
104,78,48,0.0,0.0,1
104,77,47,0.0,0.0,1
90,77,47,0.0,0.0,1
90,77,47,0.0,0.0,1
90,77,48,0.0,0.0,1
102,77,48,0.0,0.0,1
102,77,48,0.0,0.0,1
102,77,47,0.0,0.0,1
89,77,47,0.0,0.0,1
89,77,47,0.0,0.0,1
89,77,47,0.0,0.0,1
89,77,47,0.0,0.0,1
89,77,47,0.0,0.0,1
89,77,48,0.0,0.0,1
89,77,48,0.0,0.0,1
89,77,47,0.0,0.0,1
90,77,47,0.0,0.0,1
90,77,47,0.0,0.0,1
90,77,48,0.0,30.0,1
88,77,48,0.0,0.0,1
88,77,48,330.0,0.0,1
88,78,48,150.0,0.0,1
87,77,48,30.0,0.0,1
87,77,48,0.0,0.0,1
87,77,50,0.0,0.0,1
104,77,50,0.0,0.0,1
104,78,50,30.0,0.0,1
104,78,47,60.0,0.0,1
102,78,47,720.0,0.0,1
102,78,47,60.0,90.0,1
102,78,47,30.0,0.0,1
103,78,47,150.0,0.0,1
103,77,47,60.0,0.0,1
103,77,47,60.0,0.0,1
103,78,47,150.0,0.0,1
103,78,48,0.0,0.0,1
103,78,48,150.0,0.0,1
103,77,48,0.0,0.0,1
103,77,47,120.0,0.0,1
103,77,47,120.0,0.0,1
103,77,47,30.0,0.0,1
103,77,47,90.0,0.0,1
103,77,47,30.0,0.0,1
103,78,47,390.0,0.0,1
103,78,47,90.0,0.0,1
103,78,47,60.0,0.0,1
103,77,47,240.0,0.0,1
103,79,47,210.0,0.0,1
103,78,47,0.0,0.0,1
103,78,47,60.0,0.0,1
103,78,48,120.0,0.0,1
103,78,48,120.0,0.0,1
103,78,48,120.0,0.0,1
103,78,47,60.0,0.0,1
103,78,47,60.0,0.0,1
103,78,47,540.0,0.0,1
90,77,47,120.0,0.0,1
90,77,47,60.0,0.0,1
90,77,47,90.0,0.0,1
104,77,47,330.0,0.0,1
104,77,47,0.0,0.0,1
104,77,48,60.0,0.0,1
103,77,48,90.0,0.0,1
103,77,48,150.0,0.0,1
103,77,47,120.0,0.0,1
103,77,47,30.0,0.0,1
103,77,47,90.0,0.0,1
103,78,47,60.0,0.0,1
103,78,47,480.0,0.0,1
103,78,47,480.0,0.0,1
103,78,47,60.0,0.0,1
103,78,47,120.0,0.0,1
103,78,47,270.0,0.0,1
103,78,48,210.0,0.0,1
103,77,48,90.0,0.0,1
103,77,48,60.0,0.0,1
103,78,48,240.0,0.0,1
103,78,48,240.0,0.0,1
103,78,47,60.0,30.0,1
103,78,47,60.0,0.0,1
103,78,47,420.0,0.0,1
103,78,47,60.0,0.0,1
103,78,47,60.0,0.0,1
103,78,47,60.0,0.0,1
103,78,47,120.0,0.0,1
102,78,47,450.0,30.0,1
102,78,47,60.0,0.0,1
102,78,48,90.0,0.0,1
103,78,48,90.0,0.0,1
103,78,48,90.0,0.0,1
103,78,47,90.0,0.0,1
103,78,47,90.0,0.0,1
103,78,47,90.0,0.0,1
103,78,47,0.0,0.0,1
103,78,47,0.0,0.0,1
103,78,47,0.0,0.0,1
103,78,47,0.0,0.0,1
103,78,47,0.0,0.0,1
103,78,47,0.0,0.0,1
103,78,47,0.0,0.0,1
103,78,47,0.0,0.0,1
103,78,47,0.0,0.0,1
103,78,47,0.0,0.0,1
103,78,47,0.0,0.0,1
103,78,47,0.0,0.0,1
103,78,47,0.0,0.0,1
103,78,47,0.0,0.0,1
103,78,47,0.0,0.0,1
103,78,47,0.0,0.0,1
103,78,47,0.0,0.0,1
103,78,47,0.0,0.0,1
103,78,47,0.0,0.0,1
103,78,47,0.0,0.0,1
103,78,47,0.0,0.0,1
103,78,47,0.0,0.0,1
103,78,47,0.0,0.0,1
103,78,47,0.0,0.0,1
103,78,47,0.0,0.0,1
103,78,47,0.0,0.0,1
103,78,47,0.0,0.0,1
103,78,47,0.0,0.0,1
103,78,47,0.0,0.0,1
103,78,47,0.0,0.0,1
103,78,47,0.0,330.0,1
103,78,47,0.0,0.0,1
103,78,47,0.0,0.0,1
103,78,47,0.0,0.0,1
103,78,47,0.0,0.0,1
103,78,47,0.0,0.0,1
103,78,47,0.0,0.0,1
103,78,47,0.0,0.0,1
103,78,47,0.0,0.0,1
103,78,47,0.0,0.0,1
103,78,47,0.0,0.0,1
103,78,47,0.0,0.0,1
103,78,47,0.0,0.0,1
103,78,47,0.0,0.0,1
103,78,47,0.0,0.0,1
103,78,47,0.0,0.0,1
103,78,47,0.0,0.0,1
103,78,47,0.0,0.0,1
103,78,47,0.0,0.0,1
103,78,47,0.0,0.0,1
103,78,47,0.0,0.0,1
103,78,48,0.0,0.0,1
103,78,48,0.0,0.0,1
103,78,48,0.0,0.0,1
103,78,47,0.0,0.0,1
103,78,47,0.0,0.0,1
103,78,47,0.0,0.0,1
103,78,47,0.0,0.0,1
103,78,47,0.0,0.0,1
103,78,47,0.0,0.0,1
103,78,47,0.0,0.0,1
103,78,47,0.0,0.0,1
103,78,47,0.0,0.0,1
102,78,47,0.0,0.0,1
102,78,47,0.0,0.0,1
102,78,47,0.0,0.0,1
102,78,47,0.0,0.0,1
102,78,47,0.0,0.0,1
102,78,47,0.0,0.0,1
103,78,47,0.0,0.0,1
103,78,47,0.0,0.0,1
103,78,47,0.0,0.0,1
103,78,47,0.0,0.0,1
103,78,47,0.0,0.0,1
103,78,47,0.0,0.0,1
103,78,47,0.0,0.0,1
103,78,47,0.0,0.0,1
103,78,47,0.0,0.0,1
102,78,47,0.0,0.0,1
102,78,47,0.0,0.0,1
102,78,47,0.0,0.0,1
102,78,47,0.0,0.0,1
102,78,47,0.0,0.0,1
103,78,47,0.0,0.0,1
103,78,47,0.0,0.0,1
103,78,47,0.0,0.0,1
103,78,47,0.0,0.0,1
103,78,47,0.0,0.0,1
103,78,47,0.0,0.0,1
103,78,47,0.0,0.0,1
103,78,47,0.0,0.0,1
103,78,47,0.0,0.0,1
103,78,47,0.0,0.0,1
103,78,47,0.0,0.0,1
103,78,55,0.0,0.0,1
104,78,55,0.0,0.0,1
104,78,55,0.0,0.0,1
104,78,55,0.0,0.0,1
90,78,55,0.0,0.0,1
90,78,54,0.0,0.0,1
91,78,54,0.0,0.0,1
91,78,54,0.0,0.0,1
91,78,54,0.0,0.0,1
90,78,54,0.0,0.0,1
90,78,54,0.0,0.0,1
90,78,54,0.0,0.0,1
97,78,54,0.0,0.0,1
97,78,54,0.0,0.0,1
97,78,54,0.0,0.0,1
97,78,54,0.0,0.0,1
97,73,54,0.0,0.0,1
97,73,54,0.0,0.0,1
90,73,54,0.0,0.0,1
90,73,54,0.0,0.0,1
90,73,55,0.0,0.0,1
95,72,55,0.0,0.0,1
95,72,55,0.0,0.0,1
95,72,58,0.0,0.0,1
106,72,58,0.0,0.0,1
106,167,58,0.0,0.0,1
110,255,58,11190.0,0.0,1
110,255,58,0.0,0.0,1
110,255,49,0.0,0.0,1
110,255,49,0.0,0.0,1
110,255,49,0.0,0.0,1
110,255,50,0.0,0.0,1
112,255,50,0.0,0.0,1
112,255,50,0.0,0.0,1
112,255,49,0.0,0.0,1
102,255,49,0.0,0.0,1
102,255,49,0.0,0.0,1
102,255,53,0.0,0.0,1
102,255,53,0.0,0.0,1
102,128,53,0.0,0.0,1
102,128,61,0.0,0.0,1
95,128,61,0.0,0.0,1
95,255,61,0.0,0.0,1
95,255,58,0.0,0.0,1
90,255,58,0.0,0.0,1
90,126,58,0.0,0.0,1
90,126,56,0.0,0.0,1
116,255,56,0.0,0.0,1
116,255,58,0.0,0.0,1
95,255,58,0.0,0.0,1
95,83,58,0.0,0.0,1
95,83,48,0.0,0.0,1
103,83,48,0.0,0.0,1
103,77,48,0.0,0.0,1
103,77,54,0.0,0.0,1
90,77,54,0.0,0.0,1
90,75,54,0.0,0.0,1
90,73,48,630.0,0.0,1
90,73,48,570.0,0.0,1
90,74,48,0.0,0.0,1
90,74,53,0.0,0.0,1
91,74,53,0.0,0.0,1
91,74,53,0.0,0.0,1
91,74,45,0.0,0.0,1
102,74,45,0.0,0.0,1
102,74,45,0.0,0.0,1
102,74,49,0.0,0.0,1
102,74,49,0.0,0.0,1
102,74,49,0.0,0.0,1
91,74,49,0.0,0.0,1
91,74,49,0.0,0.0,1
91,74,49,0.0,0.0,1
91,74,49,0.0,0.0,1
91,74,49,0.0,0.0,1
91,74,49,0.0,0.0,1
102,74,49,0.0,0.0,1
102,74,49,0.0,0.0,1
102,74,49,0.0,0.0,1
92,74,49,0.0,0.0,1
92,74,49,0.0,0.0,1
92,74,49,0.0,0.0,1
91,74,49,0.0,0.0,1
91,73,49,0.0,0.0,1
91,73,50,0.0,0.0,1
90,73,50,0.0,0.0,1
90,74,50,0.0,0.0,1
90,74,50,0.0,0.0,1
91,74,50,0.0,0.0,1
91,74,50,0.0,0.0,1
91,73,49,0.0,0.0,1
90,73,49,0.0,0.0,1
90,74,49,0.0,0.0,1
90,74,50,0.0,30.0,1
90,74,50,0.0,0.0,1
90,74,50,0.0,0.0,1
90,74,50,0.0,0.0,1
90,74,50,0.0,0.0,1
90,74,49,0.0,0.0,1
90,74,49,0.0,0.0,1
90,74,49,0.0,0.0,1
90,73,50,0.0,0.0,1
90,74,50,0.0,0.0,1
90,74,50,0.0,0.0,1
90,74,50,0.0,0.0,1
90,74,50,0.0,0.0,1
90,74,50,0.0,0.0,1
90,74,49,0.0,0.0,1
89,74,49,0.0,0.0,1
89,73,49,0.0,0.0,1
89,73,50,0.0,0.0,1
90,73,50,0.0,30.0,1
90,73,50,0.0,0.0,1
90,74,47,0.0,0.0,1
89,73,47,0.0,0.0,1
89,74,47,0.0,0.0,1
89,74,50,0.0,0.0,1
89,74,50,0.0,0.0,1
89,74,50,0.0,0.0,1
90,74,50,0.0,0.0,1
90,74,50,0.0,0.0,1
90,74,50,0.0,0.0,1
90,74,50,0.0,0.0,1
90,74,50,0.0,0.0,1
90,74,50,0.0,0.0,1
90,74,50,0.0,0.0,1
90,74,50,0.0,0.0,1
90,74,50,0.0,30.0,1
90,74,50,0.0,30.0,1
90,74,50,0.0,0.0,1
90,74,50,0.0,0.0,1
96,74,50,0.0,0.0,1
96,74,50,0.0,0.0,1
96,74,50,0.0,0.0,1
89,74,50,0.0,0.0,1
89,74,50,0.0,0.0,1
89,74,49,0.0,0.0,1
90,74,49,0.0,0.0,1
90,74,49,0.0,0.0,1
90,74,54,0.0,0.0,1
91,73,54,0.0,0.0,1
91,73,54,0.0,0.0,1
89,73,54,0.0,0.0,1
89,73,54,0.0,0.0,1
89,73,54,0.0,0.0,1
88,73,54,0.0,0.0,1
88,73,54,0.0,0.0,1
88,73,55,0.0,0.0,1
88,73,55,0.0,0.0,1
88,73,55,0.0,0.0,1
88,73,55,0.0,0.0,1
89,73,55,0.0,0.0,1
89,73,55,0.0,0.0,1
89,73,55,0.0,0.0,1
89,73,55,0.0,0.0,1
89,73,55,0.0,0.0,1
89,73,54,0.0,0.0,1
89,73,54,0.0,0.0,1
89,73,54,0.0,0.0,1
89,73,54,0.0,0.0,1
89,73,54,0.0,0.0,1
89,73,55,0.0,0.0,1
89,73,55,0.0,0.0,1
89,73,55,0.0,0.0,1
89,73,55,0.0,0.0,1
88,72,55,0.0,0.0,1
88,72,55,0.0,0.0,1
88,72,54,0.0,0.0,1
88,72,54,0.0,0.0,1
88,72,54,0.0,0.0,1
88,72,54,0.0,0.0,1
88,72,54,0.0,0.0,1
88,72,54,0.0,0.0,1
88,73,54,0.0,0.0,1
88,73,54,0.0,0.0,1
88,73,54,0.0,0.0,1
88,73,55,0.0,0.0,1
88,73,55,0.0,0.0,1
88,73,55,0.0,0.0,1
88,73,55,0.0,0.0,1
89,73,55,0.0,0.0,1
89,73,55,0.0,0.0,1
88,72,55,0.0,0.0,1
88,72,55,0.0,0.0,1
88,72,55,0.0,0.0,1
89,72,55,0.0,0.0,1
89,72,55,0.0,0.0,1
89,72,55,0.0,0.0,1
88,72,55,0.0,0.0,1
88,72,55,0.0,0.0,1
88,73,55,0.0,0.0,1
89,73,55,0.0,0.0,1
89,73,55,0.0,0.0,1
89,73,55,0.0,0.0,1
88,73,55,0.0,0.0,1
88,73,55,0.0,0.0,1
88,73,55,0.0,0.0,1
88,73,55,0.0,0.0,1
88,72,55,0.0,0.0,1
88,72,55,0.0,0.0,1
88,72,55,0.0,0.0,1
88,72,55,0.0,0.0,1
88,72,55,0.0,0.0,1
88,72,55,0.0,0.0,1
88,72,55,0.0,0.0,1
88,68,55,0.0,0.0,1
88,68,55,0.0,0.0,1
88,68,55,0.0,0.0,1
88,68,55,0.0,0.0,1
88,68,55,0.0,0.0,1
88,68,55,0.0,0.0,1
88,68,55,0.0,0.0,1
88,68,55,0.0,0.0,1
88,72,55,0.0,0.0,1
88,72,55,0.0,0.0,1
88,72,55,0.0,0.0,1
88,72,55,0.0,0.0,1
88,72,55,0.0,0.0,1
88,72,55,0.0,0.0,1
88,72,55,0.0,0.0,1
88,72,55,0.0,0.0,1
88,72,55,0.0,0.0,1
88,72,55,0.0,0.0,1
88,72,55,0.0,0.0,1
88,72,55,0.0,30.0,1
88,72,55,0.0,30.0,1
88,72,55,0.0,0.0,1
88,72,55,0.0,60.0,1
88,72,55,0.0,0.0,1
88,72,55,0.0,0.0,1
88,72,55,0.0,0.0,1
88,72,55,0.0,30.0,1
88,72,55,0.0,30.0,1
88,72,55,0.0,0.0,1
88,72,55,0.0,0.0,1
88,72,55,0.0,0.0,1
88,72,55,0.0,0.0,1
88,72,55,0.0,0.0,1
88,72,55,0.0,0.0,1
88,72,55,0.0,0.0,1
88,72,55,0.0,0.0,2
88,72,55,0.0,0.0,2
88,72,55,0.0,0.0,2
88,72,55,0.0,0.0,2
88,72,55,0.0,0.0,2
88,72,55,0.0,0.0,2
88,72,55,0.0,0.0,2
88,72,55,0.0,0.0,2
88,72,55,0.0,0.0,2
88,72,55,0.0,0.0,2
88,72,55,0.0,0.0,2
88,72,55,0.0,0.0,2
88,72,55,0.0,0.0,2
88,72,55,0.0,0.0,2
88,72,55,0.0,0.0,2
88,72,55,0.0,0.0,2
88,72,55,0.0,0.0,2
88,72,55,0.0,0.0,2
88,72,55,0.0,0.0,2
88,72,55,0.0,0.0,2
88,72,55,0.0,0.0,2
88,72,55,0.0,60.0,2
88,72,55,0.0,0.0,2
88,72,55,0.0,0.0,2
88,72,55,0.0,0.0,2
88,72,55,0.0,0.0,2
88,72,55,0.0,0.0,2
88,72,55,0.0,0.0,2
88,72,55,0.0,0.0,2
88,72,55,0.0,0.0,2
88,72,55,0.0,0.0,3
88,72,55,0.0,0.0,3
88,72,55,0.0,0.0,3
88,72,55,0.0,0.0,3
88,72,55,0.0,0.0,3
88,72,55,0.0,0.0,3
88,72,55,0.0,0.0,3
88,72,55,0.0,0.0,3
88,72,55,0.0,0.0,3
88,72,55,0.0,0.0,3
88,72,55,0.0,0.0,3
88,72,55,0.0,0.0,3
88,72,55,0.0,0.0,3
88,72,55,0.0,0.0,3
88,72,55,0.0,0.0,3
88,72,55,0.0,0.0,3
88,72,55,0.0,0.0,3
88,72,55,0.0,0.0,3
88,72,55,0.0,0.0,3
88,72,55,0.0,0.0,3
88,72,55,0.0,0.0,3
88,72,55,0.0,0.0,3
88,72,55,0.0,0.0,3
88,72,55,0.0,0.0,3
88,72,55,0.0,0.0,3
88,72,55,0.0,0.0,3
88,72,55,0.0,0.0,4
88,72,55,0.0,0.0,4
88,72,55,0.0,0.0,4
88,72,55,0.0,0.0,4
88,72,55,0.0,0.0,4
88,72,55,0.0,0.0,4
88,72,55,0.0,0.0,4
88,72,55,0.0,0.0,4
88,72,55,0.0,0.0,4
88,72,55,0.0,0.0,4
88,72,55,0.0,0.0,4
88,72,55,0.0,0.0,4
88,72,55,0.0,0.0,4
88,72,55,0.0,0.0,4
88,72,55,0.0,0.0,4
88,72,55,0.0,0.0,4
88,72,55,0.0,0.0,4
88,72,55,0.0,0.0,4
88,72,55,0.0,0.0,4
88,72,55,0.0,0.0,4
88,72,55,0.0,0.0,4
88,72,55,0.0,0.0,4
88,72,55,0.0,0.0,4
88,72,55,0.0,0.0,4
88,72,55,0.0,0.0,4
88,72,55,0.0,0.0,4
88,72,55,0.0,0.0,4
88,72,55,0.0,0.0,4
88,72,55,0.0,0.0,4
88,72,55,0.0,0.0,4
88,72,55,0.0,0.0,4
88,72,55,0.0,0.0,4
88,72,55,0.0,0.0,4
88,72,55,0.0,0.0,4
88,72,55,0.0,30.0,4
88,72,55,0.0,0.0,4
88,72,55,0.0,0.0,4
88,72,55,0.0,0.0,4
88,72,55,0.0,0.0,4
88,72,55,0.0,0.0,4
88,72,55,0.0,0.0,4
88,72,55,0.0,0.0,4
88,72,55,0.0,0.0,4
88,72,55,0.0,0.0,4
88,72,55,0.0,0.0,4
88,72,55,0.0,30.0,4
88,72,55,0.0,0.0,4
88,72,55,0.0,0.0,4
88,232,55,0.0,0.0,1
88,232,55,0.0,0.0,1
88,232,55,0.0,0.0,1
88,232,55,0.0,0.0,1
88,232,55,0.0,0.0,1
88,232,55,0.0,0.0,1
88,232,55,0.0,0.0,1
88,232,55,0.0,0.0,1
88,232,55,0.0,0.0,1
88,232,55,0.0,0.0,1
88,232,55,0.0,0.0,1
88,232,55,0.0,0.0,1
88,232,55,0.0,0.0,1
88,232,55,0.0,0.0,1
88,232,55,0.0,0.0,1
88,232,55,0.0,0.0,1
88,232,55,0.0,0.0,1
88,232,55,0.0,0.0,1
88,232,55,0.0,0.0,1
88,232,55,0.0,0.0,1
88,232,55,0.0,0.0,1
88,232,55,0.0,0.0,1
88,232,55,0.0,0.0,1
88,232,55,0.0,0.0,1
88,232,55,0.0,0.0,1
88,232,55,0.0,0.0,1
88,232,55,0.0,0.0,1
88,232,55,0.0,0.0,1
88,232,55,0.0,0.0,1
88,232,55,0.0,0.0,1
88,232,55,0.0,0.0,1
88,232,55,0.0,0.0,1
88,232,55,0.0,0.0,1
88,232,55,0.0,0.0,1
88,232,55,0.0,0.0,1
88,232,55,0.0,0.0,1
88,232,55,0.0,0.0,1
88,232,55,0.0,0.0,1
88,232,55,0.0,0.0,1
88,232,55,0.0,0.0,1
88,232,55,0.0,0.0,1
88,232,55,0.0,0.0,1
88,232,55,0.0,0.0,1
88,232,55,0.0,0.0,1
88,232,55,0.0,0.0,1
88,232,55,0.0,0.0,1
88,232,55,0.0,0.0,1
88,232,55,0.0,0.0,1
88,232,55,0.0,0.0,1
88,232,55,0.0,0.0,1
88,232,55,0.0,0.0,1
88,232,55,0.0,0.0,1
88,232,55,0.0,0.0,1
88,232,55,0.0,0.0,1
88,232,55,0.0,0.0,1
88,232,55,0.0,0.0,1
88,232,55,0.0,0.0,1
88,232,55,0.0,0.0,1
88,232,55,0.0,0.0,1
88,232,55,0.0,0.0,1
88,232,55,0.0,0.0,1
88,232,55,0.0,0.0,1
88,232,55,0.0,0.0,1
88,232,55,0.0,0.0,1
88,232,55,0.0,0.0,1
88,232,55,0.0,0.0,1
88,232,55,0.0,0.0,1
88,232,55,0.0,0.0,1
88,232,55,0.0,0.0,1
88,232,55,0.0,0.0,1
88,232,55,0.0,0.0,1
88,232,55,0.0,0.0,1
88,232,55,0.0,0.0,1
88,232,55,0.0,0.0,1
88,232,55,0.0,0.0,1
88,232,55,0.0,0.0,1
88,232,55,0.0,0.0,1
88,232,55,0.0,0.0,1
88,232,55,0.0,0.0,1
88,232,55,0.0,0.0,1
88,232,55,0.0,0.0,1
88,232,55,0.0,0.0,1
88,232,55,0.0,0.0,1
88,232,55,0.0,0.0,1
88,232,55,0.0,0.0,1
88,232,55,0.0,0.0,1
88,232,55,0.0,0.0,1
88,232,55,0.0,0.0,1
88,232,55,0.0,0.0,1
88,232,55,0.0,0.0,1
88,232,55,0.0,0.0,1
88,232,55,0.0,0.0,1
88,232,55,0.0,0.0,1
88,232,55,0.0,0.0,1
88,232,55,0.0,0.0,1
88,232,55,0.0,0.0,1
88,232,55,0.0,0.0,1
88,232,55,0.0,0.0,1
88,232,55,0.0,0.0,1
88,232,55,0.0,0.0,1
88,232,55,0.0,0.0,1
88,232,55,0.0,0.0,1
88,232,55,0.0,0.0,1
88,232,55,0.0,0.0,1
88,232,55,0.0,0.0,1
88,232,55,0.0,0.0,1
88,232,55,0.0,0.0,1
88,232,55,0.0,0.0,1
88,232,55,0.0,0.0,1
88,232,55,0.0,0.0,1
88,232,55,0.0,0.0,1
88,232,55,0.0,0.0,1
88,232,55,0.0,0.0,1
88,232,55,0.0,0.0,1
88,232,55,0.0,0.0,1
88,232,55,0.0,0.0,1
88,232,55,0.0,0.0,1
88,232,55,0.0,0.0,1
88,232,55,0.0,0.0,1
88,232,55,0.0,0.0,1
88,232,55,0.0,0.0,1
88,232,55,0.0,0.0,1
88,232,55,0.0,0.0,1
88,232,55,0.0,0.0,1
88,232,55,0.0,0.0,1
88,232,55,0.0,0.0,1
88,232,55,0.0,0.0,1
88,232,55,0.0,0.0,1
88,232,55,0.0,0.0,1
88,232,55,0.0,0.0,1
88,232,55,0.0,0.0,1
88,232,55,0.0,0.0,1
88,232,55,0.0,0.0,1
88,232,55,0.0,0.0,1
88,232,55,0.0,0.0,1
88,232,55,0.0,0.0,1
88,232,55,0.0,0.0,1
88,232,55,0.0,0.0,1
88,232,55,0.0,0.0,1
88,232,55,0.0,0.0,1
88,232,55,0.0,0.0,1
88,232,55,0.0,0.0,1
88,232,55,0.0,0.0,1
88,232,55,0.0,0.0,1
88,232,55,0.0,0.0,1
88,232,55,0.0,0.0,1
88,72,55,0.0,0.0,2
88,72,55,0.0,0.0,2
88,72,55,0.0,0.0,2
88,72,55,0.0,0.0,2
88,72,55,0.0,0.0,2
88,72,55,0.0,0.0,2
88,72,55,0.0,0.0,2
88,72,55,0.0,0.0,2
88,72,55,0.0,0.0,2
88,72,55,0.0,0.0,2
88,72,55,0.0,0.0,2
88,72,55,0.0,0.0,2
88,72,55,0.0,0.0,2
88,72,55,0.0,0.0,2
88,72,55,0.0,0.0,2
88,72,55,0.0,0.0,2
88,72,55,0.0,0.0,2
88,72,55,0.0,0.0,2
88,72,55,0.0,0.0,2
88,72,55,0.0,0.0,2
88,72,55,0.0,0.0,2
88,72,55,0.0,0.0,2
88,72,55,0.0,0.0,2
88,72,55,0.0,0.0,2
88,72,55,0.0,0.0,2
88,72,55,0.0,0.0,2
88,72,55,0.0,0.0,2
88,72,55,0.0,0.0,2
88,72,55,0.0,0.0,2
88,72,55,0.0,0.0,2
88,72,55,0.0,0.0,2
88,72,55,0.0,0.0,2
88,72,55,0.0,0.0,2
88,72,55,0.0,0.0,2
88,72,55,0.0,0.0,2
88,72,55,0.0,0.0,2
88,72,55,0.0,0.0,2
88,72,55,0.0,0.0,2
88,72,55,0.0,0.0,2
88,72,55,0.0,0.0,2
88,72,55,0.0,0.0,2
88,72,55,0.0,0.0,2
88,72,55,0.0,0.0,2
88,72,55,0.0,0.0,2
88,72,55,0.0,0.0,2
88,72,55,0.0,0.0,2
88,72,55,0.0,0.0,2
88,72,55,0.0,0.0,2
88,72,55,0.0,0.0,2
88,72,55,0.0,0.0,2
88,72,55,0.0,0.0,2
88,72,55,0.0,0.0,2
88,72,55,0.0,0.0,2
88,72,55,0.0,0.0,2
88,72,55,0.0,0.0,2
88,72,55,0.0,0.0,2
88,72,55,0.0,0.0,2
88,72,55,0.0,0.0,2
88,72,55,0.0,0.0,2
88,72,55,0.0,0.0,2
88,72,55,0.0,0.0,2
88,72,55,0.0,0.0,2
88,72,55,0.0,0.0,2
88,72,55,0.0,0.0,2
88,72,55,0.0,0.0,2
88,72,55,0.0,0.0,2
88,72,55,0.0,0.0,2
88,72,55,0.0,0.0,2
88,72,55,0.0,0.0,2
88,72,55,0.0,0.0,2
88,72,55,0.0,0.0,2
88,72,55,0.0,0.0,2
88,72,55,0.0,0.0,2
88,72,55,0.0,0.0,2
88,72,55,0.0,0.0,2
88,72,55,0.0,0.0,2
89,72,55,0.0,0.0,2
89,72,55,0.0,0.0,2
89,72,55,0.0,0.0,2
88,72,55,0.0,0.0,2
88,72,55,0.0,0.0,2
88,72,55,0.0,0.0,2
88,72,55,0.0,0.0,2
88,72,55,0.0,0.0,2
88,72,55,0.0,0.0,2
88,72,55,0.0,0.0,2
88,72,55,0.0,0.0,2
88,72,55,0.0,0.0,2
88,72,55,0.0,0.0,2
88,72,55,0.0,0.0,2
88,72,55,0.0,0.0,2
88,72,55,0.0,0.0,2
88,72,55,0.0,0.0,2
88,72,55,0.0,0.0,2
88,72,55,0.0,0.0,2
88,72,55,0.0,0.0,2
88,72,55,0.0,0.0,2
88,72,55,0.0,0.0,2
88,72,55,0.0,0.0,3
88,72,55,0.0,0.0,3
88,72,55,0.0,0.0,3
88,72,55,0.0,0.0,3
88,72,55,0.0,0.0,3
88,72,55,0.0,0.0,3
88,72,55,0.0,0.0,3
88,72,55,0.0,0.0,3
88,72,55,0.0,0.0,3
88,72,55,0.0,0.0,3
88,72,55,0.0,0.0,3
88,72,55,0.0,0.0,3
88,72,55,0.0,0.0,3
88,72,55,0.0,0.0,3
88,72,55,0.0,0.0,3
88,72,55,0.0,0.0,3
88,72,55,0.0,0.0,3
88,72,55,0.0,0.0,3
88,72,55,0.0,0.0,3
88,72,55,0.0,0.0,3
88,72,55,0.0,0.0,3
88,72,54,0.0,0.0,3
88,18,54,0.0,0.0,3
88,16,54,0.0,0.0,3
88,16,55,0.0,0.0,3
95,16,55,0.0,0.0,3
95,16,55,0.0,0.0,3
95,16,55,0.0,0.0,3
90,16,55,0.0,0.0,3
90,73,54,0.0,0.0,3
108,73,54,0.0,0.0,3
108,73,54,0.0,0.0,3
108,73,55,0.0,0.0,3
90,73,55,0.0,0.0,3
90,73,55,0.0,0.0,3
90,73,55,0.0,0.0,3
90,73,55,0.0,0.0,3
90,73,55,0.0,0.0,3
90,73,55,0.0,0.0,3
95,73,55,0.0,0.0,3
95,16,55,0.0,0.0,3
95,16,55,0.0,0.0,3
96,16,55,0.0,0.0,3
96,72,55,0.0,0.0,3
96,72,55,0.0,0.0,3
89,72,55,0.0,0.0,3
89,73,55,0.0,0.0,3
89,73,54,0.0,0.0,3
92,73,54,0.0,0.0,3
92,74,54,0.0,0.0,3
108,74,53,0.0,0.0,3
108,74,53,0.0,0.0,3
108,74,50,0.0,0.0,3
104,74,50,0.0,0.0,3
104,74,50,0.0,0.0,3
104,74,50,0.0,0.0,3
104,74,50,0.0,0.0,3
104,74,50,0.0,0.0,3
104,74,50,0.0,0.0,3
103,74,50,0.0,0.0,3
103,74,50,0.0,0.0,3
103,74,46,0.0,0.0,3
104,74,46,0.0,0.0,3
104,74,46,0.0,0.0,3
104,74,45,0.0,0.0,3
104,74,45,0.0,0.0,3
104,74,45,0.0,0.0,3
104,74,45,0.0,0.0,3
104,74,45,0.0,0.0,3
104,74,45,0.0,0.0,3
103,74,45,0.0,0.0,3
103,74,45,0.0,0.0,3
103,74,45,0.0,0.0,3
103,74,45,0.0,0.0,3
103,74,45,0.0,0.0,3
103,74,45,0.0,0.0,3
103,74,45,0.0,0.0,3
103,74,45,0.0,0.0,3
103,74,45,0.0,0.0,3
103,74,45,0.0,0.0,3
103,74,45,0.0,0.0,3
103,74,45,0.0,0.0,3
103,74,45,0.0,0.0,3
103,74,45,0.0,0.0,3
103,74,47,0.0,0.0,3
103,74,47,0.0,0.0,3
103,74,47,0.0,0.0,3
103,74,47,0.0,0.0,3
103,74,47,0.0,0.0,3
103,74,47,0.0,0.0,3
103,74,47,0.0,0.0,3
103,74,47,0.0,0.0,3
103,74,46,0.0,0.0,3
103,74,46,0.0,0.0,3
103,74,46,0.0,0.0,3
103,74,47,0.0,0.0,3
103,74,47,0.0,0.0,3
103,74,47,0.0,0.0,3
103,74,46,0.0,0.0,3
103,74,46,0.0,0.0,3
103,74,46,0.0,0.0,3
103,74,47,0.0,0.0,3
103,74,47,0.0,0.0,3
79,56,77,0.0,0.0,1
79,56,77,0.0,0.0,1
79,56,77,0.0,0.0,1
79,56,76,0.0,0.0,1
80,56,76,0.0,0.0,1
80,56,76,0.0,0.0,1
80,56,76,0.0,0.0,1
80,56,76,0.0,0.0,1
80,56,77,0.0,0.0,1
80,56,77,0.0,0.0,1
80,56,77,0.0,0.0,1
80,56,76,0.0,0.0,1
80,56,76,0.0,0.0,1
80,56,76,0.0,0.0,1
80,56,77,0.0,0.0,1
80,56,77,0.0,0.0,1
80,56,77,0.0,0.0,1
80,56,76,0.0,0.0,1
80,56,76,0.0,0.0,1
80,63,76,0.0,0.0,1
80,63,77,0.0,0.0,1
84,63,77,0.0,0.0,1
84,56,77,0.0,0.0,1
84,56,76,0.0,0.0,1
79,56,76,0.0,0.0,1
79,56,76,0.0,0.0,1
79,56,76,0.0,0.0,1
80,56,76,0.0,0.0,1
80,56,76,0.0,0.0,1
7,56,76,0.0,0.0,1
80,56,76,0.0,0.0,1
80,56,76,0.0,0.0,1
80,56,76,0.0,0.0,1
80,56,76,0.0,0.0,1
80,56,76,0.0,0.0,1
79,56,76,0.0,0.0,1
79,56,76,0.0,0.0,1
80,56,76,0.0,0.0,1
80,56,76,0.0,0.0,1
80,56,76,0.0,0.0,1
80,56,76,0.0,0.0,1
80,56,76,0.0,0.0,1
80,56,76,0.0,30.0,1
80,56,76,0.0,0.0,1
80,56,76,0.0,0.0,1
80,56,76,0.0,0.0,1
80,56,76,0.0,0.0,1
80,56,76,0.0,60.0,1
80,56,76,0.0,0.0,1
80,56,76,0.0,0.0,1
80,56,76,0.0,0.0,1
80,56,76,0.0,0.0,1
80,56,76,0.0,60.0,1
80,56,76,0.0,0.0,1
80,56,76,0.0,0.0,1
80,56,76,0.0,0.0,1
80,56,76,0.0,0.0,1
80,56,77,0.0,0.0,1
4,56,76,0.0,0.0,1
4,56,76,0.0,0.0,1
4,56,76,0.0,0.0,1
4,56,76,0.0,0.0,1
4,56,76,0.0,0.0,1
4,56,76,0.0,0.0,1
3,56,76,0.0,0.0,1
3,56,76,0.0,0.0,1
3,56,76,0.0,0.0,1
3,56,76,0.0,0.0,1
3,56,76,0.0,0.0,1
4,56,76,0.0,0.0,1
4,56,76,0.0,0.0,1
4,56,76,0.0,0.0,1
4,56,76,0.0,0.0,1
4,56,76,0.0,0.0,1
4,56,77,0.0,0.0,1
3,56,77,0.0,0.0,1
3,56,77,0.0,0.0,1
3,56,76,0.0,0.0,1
80,56,76,0.0,0.0,1
80,56,76,0.0,0.0,1
80,56,76,0.0,0.0,1
80,56,76,0.0,0.0,1
80,56,76,0.0,0.0,1
81,56,76,0.0,30.0,1
81,56,76,0.0,0.0,1
81,56,76,0.0,0.0,1
80,56,76,0.0,0.0,1
80,56,76,0.0,0.0,1
80,56,76,0.0,0.0,1
80,56,76,0.0,30.0,1
80,56,76,0.0,0.0,1
80,56,76,0.0,0.0,1
80,56,76,0.0,0.0,1
80,56,76,0.0,0.0,1
80,56,76,0.0,0.0,1
80,56,76,0.0,60.0,1
80,56,76,0.0,0.0,1
80,56,76,0.0,0.0,1
80,56,76,0.0,0.0,1
80,56,76,0.0,0.0,1
80,56,76,0.0,0.0,1
80,56,76,0.0,0.0,1
80,56,77,0.0,0.0,1
81,56,77,0.0,0.0,1
81,59,77,0.0,0.0,1
81,59,76,0.0,30.0,1
80,59,76,0.0,0.0,1
80,56,76,0.0,0.0,1
80,56,77,0.0,0.0,1
80,56,77,0.0,0.0,1
80,58,77,0.0,0.0,1
80,58,76,0.0,60.0,1
80,58,76,0.0,0.0,1
80,56,76,0.0,0.0,1
80,56,76,0.0,0.0,1
81,56,76,0.0,0.0,1
81,56,76,0.0,30.0,1
81,56,76,0.0,0.0,1
80,56,76,0.0,0.0,1
80,56,76,0.0,0.0,1
80,56,76,0.0,0.0,1
80,57,76,0.0,60.0,1
80,57,76,0.0,0.0,1
80,57,76,0.0,0.0,1
80,56,76,0.0,0.0,1
80,56,77,0.0,0.0,1
80,56,77,0.0,0.0,1
80,56,77,0.0,60.0,1
80,56,76,0.0,30.0,1
80,56,76,0.0,60.0,1
80,57,76,0.0,0.0,1
80,57,76,0.0,0.0,1
81,57,76,0.0,0.0,1
81,56,76,0.0,0.0,1
81,56,77,0.0,60.0,1
81,56,77,0.0,60.0,1
80,56,77,0.0,0.0,2
80,56,77,0.0,0.0,2
80,56,76,0.0,0.0,2
80,56,76,0.0,0.0,2
80,56,76,0.0,0.0,2
80,56,76,0.0,0.0,2
80,56,76,0.0,0.0,2
80,59,76,0.0,0.0,2
80,59,76,0.0,0.0,2
80,56,76,0.0,0.0,2
80,56,76,0.0,0.0,2
81,56,76,0.0,0.0,2
81,57,76,0.0,30.0,2
81,57,76,0.0,30.0,2
80,57,76,0.0,0.0,2
80,57,76,0.0,30.0,2
80,57,77,0.0,30.0,2
80,57,77,0.0,30.0,2
80,56,77,0.0,0.0,2
80,56,76,0.0,30.0,2
80,56,76,0.0,240.0,2
80,56,76,0.0,30.0,2
80,57,76,0.0,300.0,2
80,56,76,0.0,30.0,2
80,57,76,0.0,0.0,2
80,57,76,0.0,30.0,2
80,57,76,0.0,30.0,2
80,57,76,0.0,0.0,2
80,58,76,0.0,0.0,2
80,56,76,0.0,0.0,2
80,56,76,0.0,30.0,2
80,56,76,0.0,0.0,2
80,57,76,0.0,0.0,2
80,57,77,0.0,60.0,2
81,56,77,0.0,30.0,2
81,57,77,0.0,0.0,2
81,57,76,0.0,0.0,2
81,57,76,0.0,30.0,2
81,56,76,0.0,0.0,2
81,56,77,0.0,0.0,2
80,56,77,0.0,30.0,2
80,56,77,0.0,0.0,2
80,56,76,0.0,0.0,2
81,57,76,0.0,0.0,2
81,57,76,0.0,30.0,2
81,57,77,0.0,90.0,2
80,56,77,0.0,0.0,3
80,56,77,0.0,0.0,3
80,56,77,0.0,0.0,3
80,56,76,0.0,0.0,3
80,56,76,0.0,0.0,3
80,56,76,0.0,0.0,3
80,56,76,0.0,0.0,3
80,56,76,0.0,0.0,3
80,56,76,0.0,0.0,3
80,56,76,0.0,0.0,3
81,56,76,0.0,0.0,3
81,56,76,0.0,30.0,3
80,56,77,0.0,30.0,3
80,56,76,0.0,0.0,4
81,56,76,0.0,30.0,4
81,56,77,0.0,0.0,4
81,56,77,0.0,0.0,4
81,56,77,0.0,30.0,4
81,56,76,0.0,0.0,4
80,56,76,0.0,0.0,4
80,56,76,0.0,0.0,4
80,56,77,0.0,0.0,1
80,56,77,0.0,0.0,1
80,56,76,0.0,0.0,1
80,56,76,0.0,0.0,1
80,56,76,0.0,0.0,1
80,56,77,0.0,0.0,1
80,56,77,0.0,0.0,1
80,56,77,0.0,0.0,1
80,56,76,0.0,0.0,1
80,56,76,0.0,30.0,1
80,56,76,0.0,0.0,1
80,56,77,0.0,0.0,1
80,56,77,0.0,0.0,1
80,56,77,0.0,30.0,1
80,56,76,0.0,0.0,1
81,56,76,0.0,0.0,1
81,56,76,0.0,30.0,1
81,56,76,0.0,0.0,1
81,56,76,0.0,0.0,1
81,56,76,0.0,0.0,1
81,56,76,0.0,30.0,1
80,56,76,0.0,0.0,1
80,56,76,0.0,0.0,1
80,56,77,0.0,0.0,1
80,56,77,0.0,0.0,1
80,56,77,0.0,0.0,1
80,56,77,0.0,30.0,1
80,56,77,0.0,0.0,1
80,56,76,0.0,0.0,1
80,56,76,0.0,0.0,1
80,56,76,0.0,0.0,1
80,56,77,0.0,0.0,1
80,56,77,0.0,0.0,1
80,56,77,0.0,0.0,2
80,56,76,0.0,0.0,2
80,56,76,0.0,0.0,2
80,56,77,0.0,0.0,2
81,56,77,0.0,60.0,2
81,56,77,0.0,0.0,2
81,56,76,0.0,0.0,2
80,56,76,0.0,0.0,2
80,56,76,0.0,30.0,2
80,56,77,0.0,0.0,2
80,56,77,0.0,0.0,2
80,56,77,0.0,30.0,2
80,56,76,0.0,0.0,2
80,56,76,0.0,0.0,2
80,56,76,0.0,0.0,2
80,56,77,0.0,30.0,2
80,56,77,0.0,0.0,2
80,56,77,0.0,0.0,2
80,56,76,0.0,0.0,2
80,56,76,0.0,0.0,2
80,56,76,0.0,0.0,2
80,56,76,0.0,30.0,2
80,56,76,0.0,0.0,2
80,56,77,0.0,0.0,2
80,56,77,0.0,60.0,2
80,56,77,0.0,0.0,2
80,56,77,0.0,0.0,2
80,56,77,0.0,0.0,2
80,56,77,0.0,30.0,2
80,56,77,0.0,0.0,2
80,56,77,0.0,0.0,2
80,56,77,0.0,30.0,2
80,56,76,0.0,0.0,2
80,56,76,0.0,0.0,1
80,56,76,0.0,0.0,1
80,56,76,0.0,0.0,1
80,56,76,0.0,0.0,1
80,56,76,0.0,0.0,1
80,56,72,0.0,0.0,1
81,56,72,0.0,0.0,1
81,56,77,0.0,0.0,1
81,56,77,0.0,30.0,1
81,56,77,0.0,0.0,1
81,56,76,0.0,0.0,1
80,56,76,0.0,0.0,1
80,56,76,0.0,30.0,1
80,56,77,0.0,0.0,1
80,56,77,0.0,0.0,1
80,56,77,0.0,0.0,1
80,56,77,0.0,0.0,1
80,56,77,0.0,0.0,1
80,56,77,0.0,0.0,1
80,56,76,0.0,60.0,1
80,56,76,0.0,0.0,3
80,56,76,0.0,0.0,3
80,56,77,0.0,0.0,3
80,56,77,0.0,0.0,3
80,56,77,0.0,0.0,3
80,56,76,0.0,0.0,3
80,56,76,0.0,0.0,3
80,56,76,0.0,0.0,3
80,56,77,0.0,0.0,3
80,56,77,0.0,0.0,3
80,56,77,0.0,0.0,3
80,56,76,0.0,0.0,3
80,56,76,0.0,0.0,3
80,56,76,0.0,0.0,3
80,56,77,0.0,0.0,3
80,56,77,0.0,0.0,3
80,56,76,0.0,0.0,4
80,56,76,0.0,0.0,4
80,56,77,0.0,60.0,4
80,56,77,0.0,0.0,4
80,56,77,0.0,0.0,4
80,56,76,0.0,0.0,4
80,56,76,0.0,30.0,4
80,56,76,0.0,0.0,4
80,56,77,0.0,0.0,4
81,56,77,0.0,0.0,4
81,56,77,0.0,30.0,4
81,56,77,0.0,0.0,4
81,56,77,0.0,30.0,4
81,56,76,0.0,0.0,4
81,56,76,0.0,0.0,4
81,56,76,0.0,0.0,4
81,56,76,0.0,30.0,4
87,255,40,0.0,0.0,1,HUMAN
87,255,40,0.0,0.0,1,HUMAN
87,255,40,0.0,0.0,1,HUMAN
87,255,40,0.0,0.0,1,HUMAN
87,255,40,0.0,0.0,1,HUMAN
87,255,40,0.0,0.0,1,HUMAN
87,255,40,0.0,0.0,1,HUMAN
87,255,74,0.0,0.0,1,HUMAN
87,255,74,0.0,0.0,1,HUMAN
87,255,74,0.0,0.0,1,HUMAN
87,255,40,0.0,0.0,1,HUMAN
87,255,40,0.0,0.0,1,HUMAN
87,255,65,0.0,0.0,1,HUMAN
87,255,65,0.0,0.0,1,HUMAN
87,255,65,0.0,0.0,1,HUMAN
87,255,40,0.0,0.0,1,HUMAN
87,255,40,0.0,0.0,1,HUMAN
87,255,40,0.0,0.0,1,HUMAN
87,255,74,0.0,0.0,1,HUMAN
87,255,74,0.0,0.0,1,HUMAN
87,255,74,0.0,0.0,1,HUMAN
87,255,74,0.0,0.0,1,HUMAN
86,255,74,0.0,0.0,1,HUMAN
86,255,74,0.0,0.0,1,HUMAN
86,255,40,0.0,0.0,1,HUMAN
87,255,40,0.0,0.0,1,HUMAN
87,255,40,0.0,0.0,1,HUMAN
87,255,67,0.0,0.0,1,HUMAN
86,255,67,0.0,0.0,1,HUMAN
86,255,67,0.0,0.0,1,HUMAN
86,255,40,0.0,0.0,1,HUMAN
86,255,40,0.0,0.0,1,HUMAN
86,255,40,0.0,0.0,1,HUMAN
87,255,67,0.0,0.0,1,HUMAN
87,255,67,0.0,0.0,1,HUMAN
87,255,67,0.0,0.0,1,HUMAN
86,255,67,0.0,0.0,1,HUMAN
86,255,67,0.0,0.0,1,HUMAN
86,255,40,0.0,0.0,1,HUMAN
86,255,40,0.0,0.0,1,HUMAN
86,255,40,0.0,0.0,1,HUMAN
86,255,74,0.0,0.0,1,HUMAN
87,255,74,0.0,0.0,1,HUMAN
87,255,74,0.0,0.0,1,HUMAN
87,255,67,0.0,0.0,1,HUMAN
86,255,67,0.0,0.0,1,HUMAN
86,255,67,0.0,0.0,1,HUMAN
86,255,40,0.0,0.0,1,HUMAN
86,255,40,0.0,0.0,1,HUMAN
86,255,40,0.0,0.0,1,HUMAN
86,255,66,0.0,0.0,1,HUMAN
86,255,66,0.0,0.0,1,HUMAN
86,255,66,0.0,0.0,1,HUMAN
86,255,66,0.0,0.0,1,HUMAN
86,255,66,0.0,0.0,1,HUMAN
86,255,65,0.0,0.0,1,HUMAN
86,255,65,0.0,0.0,1,HUMAN
86,255,65,0.0,0.0,1,HUMAN
86,255,40,0.0,0.0,1,HUMAN
87,255,40,0.0,0.0,1,HUMAN
87,255,40,0.0,0.0,1,HUMAN
87,255,40,0.0,0.0,1,HUMAN
86,255,40,0.0,0.0,1,HUMAN
86,255,40,0.0,0.0,1,HUMAN
86,255,65,0.0,0.0,1,HUMAN
87,255,65,0.0,0.0,1,HUMAN
87,255,65,0.0,0.0,1,HUMAN
87,255,67,0.0,0.0,1,HUMAN
86,255,67,0.0,0.0,1,HUMAN
86,255,67,0.0,0.0,1,HUMAN
86,255,66,0.0,0.0,1,HUMAN
86,255,66,0.0,0.0,1,HUMAN
86,255,66,0.0,0.0,1,HUMAN
87,255,66,0.0,0.0,1,HUMAN
87,255,66,0.0,0.0,1,HUMAN
87,255,66,0.0,0.0,1,HUMAN
87,255,66,0.0,0.0,1,HUMAN
87,255,66,0.0,0.0,1,HUMAN
86,255,74,0.0,0.0,2,HUMAN
86,255,74,0.0,0.0,2,HUMAN
86,255,74,0.0,0.0,2,HUMAN
86,255,74,0.0,0.0,2,HUMAN
86,255,73,0.0,0.0,2,HUMAN
87,255,73,0.0,0.0,2,HUMAN
87,255,73,0.0,0.0,2,HUMAN
87,255,66,0.0,0.0,2,HUMAN
87,255,66,0.0,0.0,2,HUMAN
87,255,66,0.0,0.0,2,HUMAN
87,255,67,0.0,0.0,2,HUMAN
86,255,67,0.0,0.0,2,HUMAN
86,255,67,0.0,0.0,2,HUMAN
86,255,74,0.0,0.0,2,HUMAN
82,255,74,0.0,0.0,2,HUMAN
82,255,74,0.0,0.0,2,HUMAN
82,255,67,0.0,0.0,2,HUMAN
87,255,67,0.0,0.0,2,HUMAN
87,255,67,0.0,0.0,2,HUMAN
87,255,40,0.0,0.0,2,HUMAN
86,255,40,0.0,0.0,2,HUMAN
86,255,66,0.0,0.0,2,HUMAN
87,255,66,0.0,0.0,2,HUMAN
87,255,66,0.0,0.0,2,HUMAN
87,255,67,0.0,0.0,2,HUMAN
86,255,67,0.0,0.0,2,HUMAN
86,255,67,0.0,0.0,2,HUMAN
86,255,67,0.0,0.0,2,HUMAN
87,255,67,0.0,0.0,2,HUMAN
87,255,67,0.0,0.0,2,HUMAN
87,255,74,0.0,0.0,2,HUMAN
87,255,74,0.0,0.0,2,HUMAN
87,255,40,0.0,0.0,4,HUMAN
87,255,40,0.0,0.0,4,HUMAN
87,255,40,0.0,0.0,4,HUMAN
87,255,40,0.0,0.0,4,HUMAN
87,255,40,0.0,0.0,4,HUMAN
87,255,40,0.0,0.0,4,HUMAN
87,255,74,0.0,0.0,4,HUMAN
86,255,74,0.0,0.0,4,HUMAN
86,255,74,0.0,0.0,4,HUMAN
86,255,40,0.0,0.0,4,HUMAN
86,255,40,0.0,0.0,4,HUMAN
86,255,40,0.0,0.0,4,HUMAN
86,255,67,0.0,0.0,4,HUMAN
87,255,67,0.0,0.0,4,HUMAN
87,255,67,0.0,0.0,4,HUMAN
87,255,40,0.0,0.0,4,HUMAN
86,255,40,0.0,0.0,4,HUMAN
86,255,40,0.0,0.0,1,HUMAN
86,255,40,0.0,0.0,1,HUMAN
86,255,40,0.0,0.0,1,HUMAN
87,255,40,0.0,0.0,1,HUMAN
87,255,40,0.0,0.0,1,HUMAN
87,255,40,0.0,0.0,1,HUMAN
87,255,40,0.0,0.0,1,HUMAN
87,255,40,0.0,0.0,1,HUMAN
87,255,40,0.0,0.0,1,HUMAN
87,255,40,0.0,0.0,1,HUMAN
87,255,40,0.0,0.0,1,HUMAN
87,255,40,0.0,0.0,1,HUMAN
87,255,40,0.0,0.0,1,HUMAN
87,255,40,0.0,0.0,1,HUMAN
7,255,40,0.0,0.0,1,HUMAN
7,255,40,0.0,0.0,2,RULE
7,255,40,0.0,0.0,2,RULE
7,255,40,0.0,0.0,2,RULE
7,255,40,0.0,0.0,2,RULE
7,255,40,0.0,0.0,2,RULE
7,255,67,0.0,0.0,2,RULE
87,255,67,0.0,0.0,2,RULE
87,255,67,0.0,0.0,2,RULE
87,255,39,0.0,0.0,2,RULE
86,255,39,0.0,0.0,2,RULE
86,255,39,0.0,0.0,3,RULE
86,255,39,0.0,0.0,3,RULE
86,255,39,0.0,0.0,3,RULE
86,255,39,0.0,0.0,3,RULE
86,255,40,0.0,0.0,3,RULE
86,255,40,0.0,0.0,3,RULE
86,255,40,0.0,0.0,3,RULE
86,255,40,0.0,0.0,3,RULE
86,255,40,0.0,0.0,1,RULE
86,255,40,0.0,0.0,1,HUMAN
86,255,40,0.0,0.0,1,HUMAN
86,255,40,0.0,0.0,1,HUMAN
86,255,40,0.0,0.0,1,HUMAN
86,255,40,0.0,0.0,1,HUMAN
86,255,39,0.0,0.0,1,HUMAN
86,255,39,0.0,0.0,1,HUMAN
86,255,39,0.0,0.0,1,HUMAN
86,255,39,0.0,0.0,1,HUMAN
87,255,39,0.0,0.0,1,HUMAN
87,255,39,0.0,0.0,1,HUMAN
87,255,39,0.0,0.0,1,HUMAN
86,255,39,0.0,0.0,1,HUMAN
86,255,39,0.0,0.0,1,HUMAN
86,255,39,0.0,0.0,1,HUMAN
86,255,39,0.0,0.0,1,HUMAN
86,255,39,0.0,0.0,1,HUMAN
86,255,39,0.0,0.0,1,HUMAN
86,255,39,0.0,0.0,1,HUMAN
86,255,39,0.0,0.0,1,HUMAN
86,255,39,0.0,0.0,1,HUMAN
86,255,39,0.0,0.0,1,HUMAN
86,255,39,0.0,0.0,1,HUMAN
86,255,39,0.0,0.0,1,HUMAN
86,255,39,0.0,0.0,1,HUMAN
86,255,39,0.0,0.0,1,HUMAN
86,255,39,0.0,0.0,1,HUMAN
86,255,39,0.0,0.0,1,HUMAN
86,255,39,0.0,0.0,1,HUMAN
86,255,39,0.0,0.0,1,HUMAN
86,255,39,0.0,0.0,1,HUMAN
86,255,39,0.0,0.0,1,HUMAN
86,255,39,0.0,0.0,1,HUMAN
86,255,39,0.0,0.0,1,HUMAN
86,255,39,0.0,0.0,1,HUMAN
86,255,39,0.0,0.0,1,HUMAN
86,255,39,0.0,0.0,1,HUMAN
86,255,39,0.0,0.0,1,HUMAN
86,255,39,0.0,0.0,1,HUMAN
86,255,39,0.0,0.0,1,HUMAN
86,255,39,0.0,0.0,1,HUMAN
86,255,39,0.0,0.0,1,HUMAN
86,255,39,0.0,0.0,1,HUMAN
86,255,39,0.0,0.0,1,HUMAN
86,255,39,0.0,0.0,1,HUMAN
86,255,39,0.0,0.0,1,HUMAN
86,255,39,0.0,0.0,1,HUMAN
86,255,39,0.0,0.0,1,HUMAN
86,255,39,0.0,0.0,1,HUMAN
86,255,39,0.0,0.0,1,HUMAN
86,255,39,0.0,0.0,1,HUMAN
86,255,39,0.0,0.0,1,HUMAN
86,255,39,0.0,0.0,1,HUMAN
86,255,39,0.0,0.0,1,HUMAN
86,255,39,0.0,0.0,1,HUMAN
86,255,39,0.0,0.0,1,HUMAN
86,255,39,0.0,0.0,1,HUMAN
86,255,39,0.0,0.0,1,HUMAN
86,255,39,0.0,0.0,1,HUMAN
86,255,39,0.0,0.0,1,HUMAN
86,255,39,0.0,0.0,1,HUMAN
86,255,39,0.0,0.0,1,HUMAN
86,255,39,0.0,0.0,1,HUMAN
86,255,39,0.0,0.0,1,HUMAN
86,255,39,0.0,0.0,1,HUMAN
86,255,39,0.0,0.0,1,HUMAN
86,255,39,0.0,0.0,1,HUMAN
86,255,39,0.0,0.0,1,HUMAN
86,255,39,0.0,0.0,1,HUMAN
86,255,39,0.0,0.0,1,HUMAN
86,255,39,0.0,0.0,1,HUMAN
86,255,39,0.0,0.0,1,HUMAN
86,255,39,0.0,0.0,1,HUMAN
86,255,39,0.0,0.0,1,HUMAN
86,255,39,0.0,0.0,1,HUMAN
86,255,39,0.0,0.0,1,HUMAN
86,255,39,0.0,0.0,1,HUMAN
86,255,39,0.0,0.0,1,HUMAN
86,255,39,0.0,0.0,1,HUMAN
86,255,39,0.0,0.0,1,HUMAN
86,255,39,0.0,0.0,1,HUMAN
86,255,39,0.0,0.0,1,HUMAN
86,255,39,0.0,0.0,1,HUMAN
86,255,39,0.0,0.0,1,HUMAN
86,255,39,0.0,0.0,1,HUMAN
86,255,39,0.0,0.0,1,HUMAN
86,255,39,0.0,0.0,1,HUMAN
86,255,39,0.0,0.0,1,HUMAN
86,255,39,0.0,0.0,1,HUMAN
86,255,39,0.0,0.0,1,HUMAN
86,255,39,0.0,0.0,1,HUMAN
86,255,39,0.0,0.0,1,HUMAN
86,255,39,0.0,0.0,1,HUMAN
86,255,39,0.0,0.0,1,HUMAN
86,255,39,0.0,0.0,1,HUMAN
86,255,39,0.0,0.0,1,HUMAN
86,255,39,0.0,0.0,1,HUMAN
86,255,39,0.0,0.0,1,HUMAN
86,255,39,0.0,0.0,1,HUMAN
86,255,39,0.0,0.0,1,HUMAN
87,255,39,0.0,0.0,1,HUMAN
87,255,39,0.0,0.0,1,HUMAN
87,255,39,0.0,0.0,1,HUMAN
86,255,39,0.0,0.0,1,HUMAN
86,255,39,0.0,0.0,1,HUMAN
86,255,39,0.0,0.0,1,HUMAN
86,255,39,0.0,0.0,1,HUMAN
86,255,39,0.0,0.0,1,HUMAN
86,255,39,0.0,0.0,1,HUMAN
86,255,39,0.0,0.0,1,HUMAN
86,255,39,0.0,0.0,1,HUMAN
86,255,39,0.0,0.0,1,HUMAN
86,255,39,0.0,0.0,1,HUMAN
86,255,39,0.0,0.0,1,HUMAN
86,255,39,0.0,0.0,1,HUMAN
86,255,39,0.0,0.0,1,HUMAN
86,255,39,0.0,0.0,1,HUMAN
86,255,39,0.0,0.0,1,HUMAN
86,255,39,0.0,0.0,1,HUMAN
86,255,39,0.0,0.0,1,HUMAN
86,255,39,0.0,0.0,1,HUMAN
86,255,39,0.0,0.0,1,HUMAN
86,255,39,0.0,0.0,1,HUMAN
86,255,39,0.0,0.0,1,HUMAN
86,255,39,0.0,0.0,1,HUMAN
86,255,39,0.0,0.0,1,HUMAN
86,255,39,0.0,0.0,1,HUMAN
86,255,39,0.0,0.0,1,HUMAN
86,255,39,0.0,0.0,1,HUMAN
86,255,39,0.0,0.0,1,HUMAN
86,255,39,0.0,0.0,1,HUMAN
87,255,39,0.0,0.0,1,HUMAN
87,255,39,0.0,0.0,1,HUMAN
87,255,39,0.0,0.0,1,HUMAN
86,255,39,0.0,0.0,1,HUMAN
86,255,39,0.0,0.0,1,HUMAN
86,255,39,0.0,0.0,1,HUMAN
87,255,39,0.0,0.0,1,HUMAN
87,255,39,0.0,0.0,1,HUMAN
87,255,39,0.0,0.0,1,HUMAN
86,255,39,0.0,0.0,1,HUMAN
86,255,39,0.0,0.0,1,HUMAN
86,255,39,0.0,0.0,1,HUMAN
86,255,39,0.0,0.0,2,HUMAN
86,255,39,0.0,0.0,2,HUMAN
86,255,39,0.0,0.0,2,HUMAN
86,255,39,0.0,0.0,2,HUMAN
86,255,39,0.0,0.0,2,HUMAN
86,255,39,0.0,0.0,2,HUMAN
86,255,39,0.0,0.0,2,HUMAN
86,255,39,0.0,0.0,2,HUMAN
86,255,39,0.0,0.0,2,HUMAN
85,255,39,0.0,0.0,2,HUMAN
85,255,39,0.0,0.0,2,HUMAN
85,255,39,0.0,0.0,2,HUMAN
86,255,39,0.0,0.0,2,HUMAN
86,255,39,0.0,0.0,2,HUMAN
86,255,39,0.0,0.0,2,HUMAN
86,255,39,0.0,0.0,2,HUMAN
86,255,39,0.0,0.0,2,HUMAN
86,255,39,0.0,0.0,2,HUMAN
86,255,39,0.0,0.0,2,HUMAN
86,255,39,0.0,0.0,2,HUMAN
86,255,39,0.0,0.0,2,HUMAN
86,255,39,0.0,0.0,2,HUMAN
86,255,39,0.0,0.0,2,HUMAN
86,255,39,0.0,0.0,2,HUMAN
86,255,39,0.0,0.0,2,HUMAN
86,255,39,0.0,0.0,2,HUMAN
86,255,39,0.0,0.0,2,HUMAN
86,255,39,0.0,0.0,2,HUMAN
86,255,39,0.0,0.0,2,HUMAN
86,255,39,0.0,0.0,2,HUMAN
86,255,39,0.0,0.0,2,HUMAN
86,255,39,0.0,0.0,2,HUMAN
87,151,37,0.0,0.0,1,HUMAN
87,151,37,0.0,0.0,1,HUMAN
87,151,37,0.0,0.0,1,HUMAN
87,151,37,0.0,0.0,1,HUMAN
87,151,37,0.0,0.0,1,HUMAN
87,151,37,0.0,0.0,1,HUMAN
87,151,37,0.0,0.0,1,HUMAN
87,151,37,0.0,0.0,1,HUMAN
87,151,37,0.0,0.0,1,HUMAN
87,151,37,0.0,0.0,1,HUMAN
87,151,37,0.0,0.0,1,HUMAN
87,151,37,0.0,0.0,1,HUMAN
87,151,37,0.0,0.0,1,HUMAN
87,151,37,0.0,0.0,1,HUMAN
87,151,37,0.0,0.0,1,HUMAN
87,151,37,0.0,0.0,1,HUMAN
87,151,37,0.0,0.0,1,HUMAN
87,151,37,0.0,0.0,1,HUMAN
87,151,37,0.0,0.0,1,HUMAN
87,151,37,0.0,0.0,1,HUMAN
87,151,33,0.0,0.0,1,HUMAN
87,151,33,0.0,0.0,1,HUMAN
87,151,33,0.0,0.0,1,HUMAN
87,151,37,0.0,0.0,1,HUMAN
87,151,37,0.0,0.0,1,HUMAN
87,151,37,0.0,0.0,1,HUMAN
87,151,37,0.0,0.0,1,HUMAN
87,151,37,0.0,0.0,1,HUMAN
87,151,37,0.0,0.0,1,HUMAN
87,151,37,0.0,0.0,1,HUMAN
87,151,37,0.0,0.0,1,HUMAN
87,151,37,0.0,0.0,1,HUMAN
87,151,37,0.0,0.0,1,HUMAN
87,151,37,0.0,0.0,1,HUMAN
87,151,37,0.0,0.0,1,HUMAN
87,151,37,0.0,0.0,1,HUMAN
87,151,37,0.0,0.0,1,HUMAN
87,151,39,0.0,0.0,1,HUMAN
89,151,39,0.0,0.0,1,HUMAN
89,151,39,0.0,0.0,1,HUMAN
89,151,66,0.0,0.0,1,HUMAN
87,151,66,0.0,0.0,1,HUMAN
87,151,66,0.0,0.0,1,HUMAN
87,151,74,0.0,0.0,1,HUMAN
85,151,74,0.0,0.0,1,HUMAN
85,151,74,0.0,0.0,1,HUMAN
85,151,75,0.0,0.0,1,HUMAN
84,151,75,0.0,0.0,1,HUMAN
84,151,75,0.0,0.0,1,HUMAN
84,151,76,0.0,0.0,1,HUMAN
84,151,76,0.0,0.0,1,HUMAN
84,151,75,0.0,0.0,1,HUMAN
85,151,75,0.0,0.0,1,HUMAN
85,151,75,0.0,0.0,1,HUMAN
85,151,75,0.0,0.0,1,HUMAN
38,151,75,0.0,0.0,1,HUMAN
38,151,75,0.0,0.0,1,HUMAN
38,151,75,0.0,0.0,1,HUMAN
37,151,75,0.0,0.0,1,HUMAN
37,151,75,0.0,0.0,1,HUMAN
37,151,75,0.0,0.0,1,HUMAN
37,151,75,0.0,0.0,1,HUMAN
37,151,75,0.0,0.0,1,HUMAN
37,151,75,0.0,0.0,1,HUMAN
84,151,75,0.0,0.0,1,HUMAN
84,151,75,0.0,0.0,1,HUMAN
84,151,75,0.0,0.0,1,HUMAN
84,151,75,0.0,0.0,1,HUMAN
84,151,75,0.0,0.0,1,HUMAN
84,151,75,0.0,0.0,1,HUMAN
84,151,75,0.0,0.0,1,HUMAN
84,151,75,0.0,0.0,1,HUMAN
84,151,75,0.0,0.0,1,HUMAN
84,151,75,0.0,0.0,1,HUMAN
84,151,76,0.0,0.0,1,HUMAN
37,151,76,0.0,0.0,1,HUMAN
37,151,76,0.0,0.0,1,HUMAN
37,151,75,0.0,0.0,1,HUMAN
37,151,75,0.0,0.0,1,HUMAN
37,151,75,0.0,0.0,1,HUMAN
37,151,75,0.0,0.0,1,HUMAN
37,151,75,0.0,0.0,1,HUMAN
37,151,75,0.0,0.0,1,HUMAN
37,151,74,0.0,0.0,1,HUMAN
37,151,74,0.0,0.0,1,HUMAN
37,151,74,0.0,0.0,1,HUMAN
37,151,75,0.0,0.0,1,HUMAN
84,151,75,0.0,0.0,1,HUMAN
84,151,75,0.0,0.0,1,HUMAN
84,151,74,0.0,0.0,1,HUMAN
84,151,74,0.0,0.0,1,HUMAN
84,151,74,0.0,0.0,1,HUMAN
84,151,75,0.0,0.0,1,HUMAN
84,151,75,0.0,0.0,1,HUMAN
84,151,74,0.0,0.0,1,HUMAN
84,151,74,0.0,0.0,1,HUMAN
84,151,74,0.0,0.0,1,HUMAN
84,151,76,0.0,0.0,1,HUMAN
84,151,76,0.0,0.0,1,HUMAN
84,151,76,0.0,0.0,1,HUMAN
84,151,76,0.0,0.0,1,HUMAN
84,151,76,0.0,0.0,1,HUMAN
84,151,76,0.0,0.0,1,HUMAN
84,151,86,0.0,0.0,1,HUMAN
84,151,86,0.0,0.0,1,HUMAN
84,151,86,0.0,0.0,1,HUMAN
84,151,86,0.0,0.0,1,HUMAN
84,151,86,0.0,0.0,1,HUMAN
84,151,86,0.0,0.0,1,HUMAN
84,151,74,0.0,0.0,1,HUMAN
84,151,74,0.0,0.0,1,HUMAN
84,151,74,0.0,0.0,1,HUMAN
84,151,75,0.0,0.0,1,HUMAN
84,151,75,0.0,0.0,1,HUMAN
84,151,86,0.0,0.0,1,HUMAN
84,151,86,0.0,0.0,1,HUMAN
84,151,86,0.0,0.0,1,HUMAN
84,151,75,0.0,0.0,1,HUMAN
84,151,75,0.0,0.0,1,HUMAN
84,151,75,0.0,0.0,1,HUMAN
84,151,74,0.0,0.0,1,HUMAN
84,151,74,0.0,0.0,1,HUMAN
84,151,74,0.0,0.0,1,HUMAN
84,151,74,0.0,0.0,1,HUMAN
84,151,74,0.0,0.0,1,HUMAN
84,151,74,0.0,0.0,1,HUMAN
84,151,75,0.0,0.0,1,HUMAN
84,151,75,0.0,0.0,1,HUMAN
84,151,75,0.0,0.0,1,HUMAN
84,151,86,0.0,0.0,1,HUMAN
84,151,86,0.0,0.0,1,HUMAN
84,151,86,0.0,0.0,1,HUMAN
84,151,86,0.0,0.0,1,HUMAN
84,151,86,0.0,0.0,1,HUMAN
84,151,75,0.0,0.0,1,HUMAN
84,151,75,0.0,0.0,1,HUMAN
84,151,75,0.0,0.0,1,HUMAN
84,151,74,0.0,0.0,1,HUMAN
84,151,74,0.0,0.0,1,HUMAN
84,151,74,0.0,0.0,1,HUMAN
84,151,76,0.0,0.0,1,HUMAN
84,151,76,0.0,0.0,1,HUMAN
84,151,76,0.0,0.0,1,HUMAN
84,151,74,0.0,0.0,1,HUMAN
84,151,74,0.0,0.0,1,HUMAN
84,151,74,0.0,0.0,1,HUMAN
84,151,75,0.0,0.0,1,HUMAN
84,151,75,0.0,0.0,1,HUMAN
84,151,75,0.0,0.0,1,HUMAN
84,151,74,0.0,0.0,1,HUMAN
84,151,74,0.0,0.0,1,HUMAN
84,151,74,0.0,0.0,1,HUMAN
84,151,74,0.0,0.0,1,HUMAN
84,151,74,0.0,0.0,1,HUMAN
84,151,75,0.0,0.0,1,HUMAN
84,151,75,0.0,0.0,1,HUMAN
84,151,75,0.0,0.0,1,HUMAN
84,151,86,0.0,0.0,1,HUMAN
84,151,86,0.0,0.0,1,HUMAN
84,151,86,0.0,0.0,1,HUMAN
84,151,86,0.0,0.0,1,HUMAN
84,151,86,0.0,0.0,1,HUMAN
84,151,86,0.0,0.0,1,HUMAN
84,151,74,0.0,0.0,1,HUMAN
84,151,74,0.0,0.0,1,HUMAN
84,151,74,0.0,0.0,1,HUMAN
84,151,74,0.0,0.0,1,HUMAN
84,151,74,0.0,0.0,1,HUMAN
84,151,74,0.0,0.0,1,HUMAN
84,151,86,0.0,0.0,1,HUMAN
84,151,86,0.0,0.0,1,HUMAN
84,151,86,0.0,0.0,1,HUMAN
84,151,76,0.0,0.0,1,HUMAN
84,151,76,0.0,0.0,1,HUMAN
84,151,74,0.0,0.0,1,HUMAN
84,151,74,0.0,0.0,1,HUMAN
84,151,74,0.0,0.0,1,HUMAN
84,151,75,0.0,0.0,1,HUMAN
84,151,75,0.0,0.0,1,HUMAN
84,151,75,0.0,0.0,1,HUMAN
84,151,74,0.0,0.0,1,HUMAN
84,151,74,0.0,0.0,1,HUMAN
84,151,74,0.0,0.0,1,HUMAN
84,151,74,0.0,0.0,1,HUMAN
84,151,74,0.0,0.0,1,HUMAN
84,151,74,0.0,0.0,1,HUMAN
84,151,75,0.0,0.0,1,HUMAN
84,151,75,0.0,0.0,1,HUMAN
84,151,75,0.0,0.0,1,HUMAN
84,151,74,0.0,0.0,1,HUMAN
84,151,74,0.0,0.0,1,HUMAN
84,151,74,0.0,0.0,1,HUMAN
84,151,74,0.0,0.0,1,HUMAN
84,151,74,0.0,0.0,1,HUMAN
84,151,74,0.0,0.0,1,HUMAN
84,151,74,0.0,0.0,1,HUMAN
84,151,74,0.0,0.0,1,HUMAN
84,151,74,0.0,0.0,1,HUMAN
84,151,74,0.0,0.0,1,HUMAN
84,151,74,0.0,0.0,1,HUMAN
84,151,74,0.0,0.0,1,HUMAN
84,151,74,0.0,0.0,1,HUMAN
84,151,74,0.0,0.0,1,HUMAN
84,151,86,60.0,0.0,1,HUMAN
84,151,86,0.0,0.0,1,HUMAN
84,151,86,0.0,0.0,1,HUMAN
84,151,74,0.0,0.0,1,HUMAN
84,151,74,0.0,0.0,1,HUMAN
84,151,74,0.0,0.0,1,HUMAN
84,151,75,0.0,0.0,1,HUMAN
84,151,75,0.0,0.0,1,HUMAN
84,151,75,0.0,0.0,1,HUMAN
84,151,74,0.0,0.0,1,HUMAN
87,151,74,0.0,0.0,1,HUMAN
87,151,74,0.0,0.0,1,HUMAN
87,151,74,0.0,0.0,1,HUMAN
87,151,74,0.0,0.0,1,HUMAN
87,151,65,0.0,0.0,1,HUMAN
87,151,65,0.0,0.0,1,HUMAN
87,151,65,0.0,0.0,1,HUMAN
87,151,65,0.0,0.0,1,HUMAN
87,151,65,0.0,0.0,1,HUMAN
87,151,65,0.0,0.0,1,HUMAN
87,151,74,0.0,0.0,1,HUMAN
87,151,74,0.0,0.0,1,HUMAN
87,151,74,0.0,0.0,1,HUMAN
87,151,65,0.0,0.0,1,HUMAN
87,151,65,0.0,0.0,1,HUMAN
87,151,65,0.0,0.0,1,HUMAN
87,255,65,0.0,0.0,1,HUMAN
87,255,65,0.0,0.0,1,HUMAN
87,255,65,0.0,0.0,1,HUMAN
87,255,65,0.0,0.0,1,HUMAN
87,255,65,0.0,0.0,1,HUMAN
87,255,64,0.0,0.0,1,HUMAN
86,255,64,0.0,0.0,1,HUMAN
86,255,64,0.0,0.0,1,HUMAN
86,255,65,0.0,0.0,1,HUMAN
85,255,65,0.0,0.0,1,HUMAN
85,255,65,0.0,0.0,1,HUMAN
85,255,74,0.0,0.0,1,HUMAN
85,255,74,0.0,0.0,1,HUMAN
85,255,74,0.0,0.0,1,HUMAN
85,255,66,0.0,0.0,1,HUMAN
84,255,66,0.0,0.0,1,HUMAN
84,255,66,0.0,0.0,1,HUMAN
84,255,66,0.0,0.0,1,HUMAN
84,255,66,0.0,0.0,1,HUMAN
84,255,66,0.0,0.0,1,HUMAN
84,255,74,0.0,0.0,1,HUMAN
84,255,74,0.0,0.0,1,HUMAN
84,255,74,0.0,0.0,1,HUMAN
84,255,74,0.0,0.0,1,HUMAN
84,255,74,0.0,0.0,1,HUMAN
84,255,74,0.0,0.0,1,HUMAN
84,255,74,0.0,0.0,1,HUMAN
84,255,74,0.0,0.0,1,HUMAN
84,255,86,0.0,0.0,1,HUMAN
84,255,86,0.0,0.0,1,HUMAN
84,255,86,0.0,0.0,1,HUMAN
84,255,82,0.0,0.0,1,HUMAN
84,255,82,0.0,0.0,1,HUMAN
84,255,82,0.0,0.0,1,HUMAN
84,255,75,0.0,0.0,1,HUMAN
84,255,75,0.0,0.0,1,HUMAN
84,255,75,0.0,0.0,1,HUMAN
84,255,74,0.0,0.0,1,HUMAN
84,255,74,0.0,0.0,1,HUMAN
84,255,74,0.0,0.0,1,HUMAN
84,255,74,0.0,0.0,1,HUMAN
84,255,74,0.0,0.0,1,HUMAN
84,255,74,0.0,0.0,1,HUMAN
84,255,74,0.0,0.0,1,HUMAN
84,255,74,0.0,0.0,1,HUMAN
84,255,75,0.0,0.0,1,HUMAN
84,255,75,0.0,0.0,1,HUMAN
84,255,75,0.0,0.0,1,HUMAN
84,255,74,0.0,0.0,1,HUMAN
84,255,74,0.0,0.0,1,HUMAN
84,255,74,0.0,0.0,1,HUMAN
84,255,74,0.0,0.0,1,HUMAN
84,255,74,0.0,0.0,1,HUMAN
84,255,74,0.0,0.0,1,HUMAN
84,255,74,0.0,0.0,2,HUMAN
84,255,74,0.0,0.0,2,HUMAN
84,255,75,0.0,0.0,2,HUMAN
84,255,75,0.0,0.0,2,HUMAN
84,255,75,0.0,0.0,2,HUMAN
84,255,74,0.0,0.0,2,HUMAN
84,255,74,0.0,0.0,2,HUMAN
84,255,74,0.0,0.0,2,HUMAN
84,255,75,0.0,0.0,2,HUMAN
84,255,75,0.0,0.0,2,HUMAN
84,255,75,0.0,0.0,2,HUMAN
84,255,75,0.0,0.0,2,HUMAN
84,255,75,0.0,0.0,2,HUMAN
84,255,75,0.0,0.0,2,HUMAN
84,255,75,0.0,0.0,2,HUMAN
84,255,75,0.0,0.0,2,HUMAN
84,255,75,0.0,0.0,2,HUMAN
84,255,74,0.0,0.0,2,HUMAN
84,255,74,0.0,0.0,2,HUMAN
84,255,74,0.0,0.0,2,HUMAN
84,255,74,0.0,0.0,2,HUMAN
84,255,74,0.0,0.0,2,HUMAN
84,255,78,0.0,0.0,2,HUMAN
84,255,78,0.0,0.0,2,HUMAN
84,255,78,0.0,0.0,2,HUMAN
84,255,74,0.0,0.0,2,HUMAN
84,255,74,0.0,0.0,2,HUMAN
84,255,73,0.0,0.0,1,HUMAN
84,255,73,0.0,0.0,1,HUMAN
84,255,74,0.0,0.0,1,HUMAN
84,255,74,0.0,0.0,1,HUMAN
84,255,74,0.0,0.0,1,HUMAN
84,255,74,0.0,0.0,1,HUMAN
84,255,74,0.0,0.0,1,HUMAN
84,255,74,0.0,0.0,1,HUMAN
84,255,73,0.0,0.0,1,HUMAN
84,255,73,0.0,0.0,1,HUMAN
84,255,73,0.0,0.0,1,HUMAN
84,255,74,0.0,0.0,1,HUMAN
84,255,74,0.0,0.0,1,HUMAN
84,255,74,0.0,0.0,1,HUMAN
84,255,74,0.0,0.0,1,HUMAN
84,255,74,0.0,0.0,1,HUMAN
84,255,74,0.0,0.0,1,HUMAN
84,255,73,0.0,0.0,1,HUMAN
84,255,73,0.0,0.0,1,HUMAN
84,255,73,0.0,0.0,1,HUMAN
84,255,74,0.0,0.0,1,HUMAN
84,255,74,0.0,0.0,1,HUMAN
84,255,74,0.0,0.0,1,HUMAN
84,255,74,0.0,0.0,1,HUMAN
84,255,74,0.0,0.0,1,HUMAN
84,255,74,0.0,0.0,1,HUMAN
84,255,74,0.0,0.0,1,HUMAN
84,255,74,0.0,0.0,1,HUMAN
84,255,75,0.0,0.0,1,HUMAN
84,255,75,0.0,0.0,1,HUMAN
84,255,75,0.0,0.0,1,HUMAN
84,255,74,0.0,0.0,1,HUMAN
84,255,74,0.0,0.0,1,HUMAN
84,255,74,0.0,0.0,3,HUMAN
84,255,74,0.0,0.0,3,HUMAN
84,255,74,0.0,0.0,3,HUMAN
84,255,74,0.0,0.0,3,HUMAN
84,255,74,0.0,0.0,3,HUMAN
84,255,74,0.0,0.0,3,HUMAN
84,255,74,0.0,0.0,3,HUMAN
84,255,74,0.0,0.0,3,HUMAN
84,255,74,0.0,0.0,3,HUMAN
84,255,74,0.0,0.0,3,HUMAN
84,255,74,0.0,0.0,3,HUMAN
84,255,74,0.0,0.0,3,HUMAN
84,255,74,0.0,0.0,3,HUMAN
84,255,74,0.0,0.0,3,HUMAN
84,255,74,0.0,0.0,3,HUMAN
84,255,74,0.0,0.0,3,HUMAN
84,255,74,0.0,0.0,3,HUMAN
84,255,74,0.0,0.0,3,HUMAN
84,255,74,0.0,0.0,3,HUMAN
84,255,74,0.0,0.0,3,HUMAN
84,255,74,0.0,0.0,3,HUMAN
84,255,74,0.0,0.0,3,HUMAN
84,255,74,0.0,0.0,3,HUMAN
84,255,74,0.0,0.0,3,HUMAN
84,255,75,0.0,0.0,3,HUMAN
84,255,75,0.0,0.0,3,HUMAN
84,209,75,30.0,0.0,3,HUMAN
84,209,86,0.0,0.0,3,HUMAN
36,209,86,0.0,0.0,3,HUMAN
36,210,86,0.0,0.0,3,HUMAN
36,210,86,0.0,0.0,3,HUMAN
84,210,86,0.0,0.0,3,HUMAN
84,255,86,0.0,0.0,3,HUMAN
84,255,86,0.0,0.0,3,HUMAN
84,255,86,0.0,0.0,3,HUMAN
84,255,86,0.0,0.0,3,HUMAN
84,255,86,30.0,0.0,3,HUMAN
84,255,86,0.0,0.0,3,HUMAN
84,255,86,0.0,0.0,3,HUMAN
84,255,86,0.0,0.0,3,HUMAN
84,255,86,0.0,0.0,3,HUMAN
84,255,86,0.0,0.0,3,HUMAN
84,255,86,0.0,0.0,3,HUMAN
84,255,86,0.0,0.0,3,HUMAN
84,255,86,0.0,0.0,3,HUMAN
84,255,86,0.0,0.0,3,HUMAN
84,255,86,0.0,0.0,3,HUMAN
84,255,86,0.0,0.0,3,HUMAN
84,255,86,0.0,0.0,3,HUMAN
84,255,86,0.0,0.0,3,HUMAN
84,255,86,0.0,0.0,3,HUMAN
84,255,86,0.0,0.0,3,HUMAN
84,255,86,0.0,0.0,3,HUMAN
84,255,86,0.0,0.0,3,HUMAN
84,255,86,0.0,0.0,3,HUMAN
84,255,86,0.0,0.0,3,HUMAN
84,255,86,0.0,0.0,3,HUMAN
36,255,86,0.0,0.0,3,HUMAN
36,255,86,0.0,0.0,3,HUMAN
84,255,86,0.0,0.0,3,HUMAN
84,255,86,0.0,0.0,3,HUMAN
84,255,86,0.0,0.0,3,HUMAN
84,255,86,0.0,0.0,3,HUMAN
84,255,86,0.0,0.0,3,HUMAN
84,255,86,0.0,0.0,3,HUMAN
84,255,86,0.0,0.0,3,HUMAN
84,255,86,0.0,0.0,3,HUMAN
84,255,86,0.0,0.0,3,HUMAN
84,255,86,0.0,0.0,3,HUMAN
84,255,86,0.0,0.0,3,HUMAN
84,255,86,0.0,0.0,3,HUMAN
84,255,86,0.0,0.0,3,HUMAN
84,255,86,0.0,0.0,3,HUMAN
84,255,86,0.0,0.0,4,HUMAN
84,255,86,0.0,0.0,4,HUMAN
84,255,86,0.0,0.0,4,HUMAN
84,255,86,0.0,0.0,4,HUMAN
84,255,86,0.0,0.0,4,HUMAN
84,255,86,0.0,0.0,4,HUMAN
84,255,86,0.0,0.0,4,HUMAN
84,255,86,0.0,0.0,4,HUMAN
84,255,86,0.0,0.0,4,HUMAN
84,255,86,0.0,0.0,4,HUMAN
84,255,86,0.0,0.0,4,HUMAN
84,255,86,0.0,0.0,4,HUMAN
84,255,86,0.0,0.0,4,HUMAN
84,210,86,0.0,0.0,4,HUMAN
84,210,86,0.0,0.0,4,HUMAN
83,210,86,0.0,0.0,4,HUMAN
83,255,86,0.0,0.0,4,HUMAN
83,255,86,0.0,0.0,4,HUMAN
84,255,86,0.0,0.0,4,HUMAN
84,255,86,0.0,0.0,4,HUMAN
84,255,86,0.0,0.0,4,HUMAN
84,255,86,0.0,0.0,4,HUMAN
84,255,86,0.0,0.0,4,HUMAN
84,255,86,0.0,0.0,4,HUMAN
84,255,86,0.0,0.0,4,HUMAN
84,255,86,0.0,0.0,4,HUMAN
84,255,86,0.0,0.0,4,HUMAN
84,255,86,0.0,0.0,4,HUMAN
59,30,36,0.0,0.0,1,HUMAN
59,30,36,0.0,0.0,1,HUMAN
59,30,36,0.0,0.0,1,HUMAN
59,30,37,0.0,0.0,1,HUMAN
59,29,37,0.0,0.0,1,HUMAN
59,29,36,0.0,0.0,1,HUMAN
59,29,36,0.0,0.0,1,HUMAN
59,29,36,0.0,0.0,1,HUMAN
59,29,36,0.0,0.0,1,HUMAN
59,29,36,0.0,0.0,1,HUMAN
59,30,36,0.0,0.0,1,HUMAN
59,30,36,0.0,0.0,1,HUMAN
59,30,36,0.0,0.0,1,HUMAN
59,29,36,0.0,0.0,1,HUMAN
59,29,36,0.0,0.0,1,HUMAN
59,29,36,0.0,0.0,1,HUMAN
59,30,36,0.0,0.0,1,HUMAN
59,30,36,0.0,0.0,1,HUMAN
59,30,36,0.0,0.0,1,HUMAN
59,35,36,0.0,0.0,1,HUMAN
59,35,36,0.0,0.0,1,HUMAN
59,35,36,0.0,0.0,1,HUMAN
59,35,36,0.0,0.0,1,HUMAN
59,35,36,0.0,0.0,1,HUMAN
59,35,36,0.0,0.0,1,HUMAN
59,35,36,0.0,0.0,1,HUMAN
59,35,36,0.0,0.0,1,HUMAN
59,35,36,0.0,0.0,1,HUMAN
59,35,36,0.0,0.0,1,HUMAN
59,35,36,0.0,0.0,1,HUMAN
59,35,36,0.0,0.0,1,HUMAN
59,35,36,0.0,0.0,1,HUMAN
59,35,36,0.0,0.0,1,HUMAN
59,30,36,0.0,0.0,1,HUMAN
59,30,36,0.0,0.0,1,HUMAN
59,30,36,0.0,0.0,1,HUMAN
59,30,36,0.0,0.0,1,HUMAN
59,30,36,0.0,0.0,1,HUMAN
59,30,36,0.0,0.0,1,HUMAN
59,34,36,0.0,0.0,1,HUMAN
59,34,40,0.0,0.0,1,HUMAN
59,34,40,0.0,0.0,1,HUMAN
59,34,40,0.0,0.0,1,HUMAN
58,34,43,0.0,0.0,1,HUMAN
58,34,43,0.0,0.0,1,HUMAN
58,34,42,0.0,0.0,1,HUMAN
59,34,42,0.0,0.0,1,HUMAN
59,35,42,0.0,0.0,1,HUMAN
59,35,41,0.0,0.0,1,HUMAN
59,35,41,0.0,0.0,1,HUMAN
59,34,41,0.0,0.0,1,HUMAN
59,34,41,0.0,0.0,1,HUMAN
59,34,41,0.0,0.0,1,HUMAN
59,34,41,0.0,0.0,1,HUMAN
59,34,41,0.0,0.0,1,HUMAN
59,34,41,0.0,0.0,1,HUMAN
59,34,41,0.0,0.0,1,HUMAN
59,34,49,0.0,0.0,1,HUMAN
59,34,49,0.0,0.0,1,HUMAN
59,34,49,0.0,0.0,1,HUMAN
59,34,49,0.0,0.0,1,HUMAN
59,34,49,0.0,0.0,1,HUMAN
59,34,52,0.0,0.0,1,HUMAN
59,34,52,0.0,0.0,1,HUMAN
59,34,52,0.0,0.0,1,HUMAN
59,34,54,0.0,0.0,1,HUMAN
59,34,54,0.0,0.0,1,HUMAN
59,34,54,0.0,0.0,1,HUMAN
59,34,56,0.0,0.0,1,HUMAN
59,34,56,0.0,0.0,1,HUMAN
59,34,56,0.0,0.0,1,HUMAN
59,34,49,0.0,0.0,1,HUMAN
59,34,49,0.0,0.0,1,HUMAN
59,34,49,0.0,0.0,1,HUMAN
59,34,56,0.0,0.0,1,HUMAN
59,34,56,0.0,0.0,1,HUMAN
59,34,56,0.0,0.0,1,HUMAN
59,34,59,0.0,0.0,1,HUMAN
59,34,59,0.0,0.0,1,HUMAN
59,30,59,0.0,0.0,1,HUMAN
59,30,56,0.0,0.0,1,HUMAN
59,30,56,0.0,0.0,1,HUMAN
59,34,56,0.0,0.0,1,HUMAN
59,34,56,0.0,0.0,1,HUMAN
59,34,56,0.0,0.0,1,HUMAN
59,34,49,0.0,0.0,1,HUMAN
59,34,49,0.0,0.0,1,HUMAN
59,255,49,0.0,0.0,1,HUMAN
59,255,54,0.0,0.0,1,HUMAN
59,255,54,0.0,0.0,1,HUMAN
59,33,54,0.0,0.0,1,HUMAN
59,33,56,0.0,0.0,1,HUMAN
59,33,56,0.0,0.0,1,HUMAN
59,32,56,0.0,0.0,1,HUMAN
59,32,56,0.0,0.0,1,HUMAN
59,32,56,0.0,0.0,1,HUMAN
59,31,56,0.0,0.0,1,HUMAN
59,31,60,0.0,0.0,1,HUMAN
59,31,60,0.0,0.0,1,HUMAN
59,31,60,0.0,0.0,1,HUMAN
59,31,41,0.0,0.0,1,HUMAN
59,31,41,0.0,0.0,1,HUMAN
59,30,41,0.0,0.0,1,HUMAN
59,30,60,0.0,0.0,1,HUMAN
59,30,60,0.0,0.0,1,HUMAN
59,30,59,0.0,0.0,1,HUMAN
59,30,59,0.0,0.0,1,HUMAN
59,30,59,0.0,0.0,1,HUMAN
59,30,56,0.0,0.0,1,HUMAN
59,30,56,0.0,0.0,1,HUMAN
59,40,56,0.0,0.0,1,HUMAN
59,40,56,0.0,0.0,1,HUMAN
59,40,56,0.0,0.0,1,HUMAN
59,49,56,0.0,0.0,1,HUMAN
59,49,56,0.0,0.0,1,HUMAN
59,49,56,0.0,0.0,1,HUMAN
59,50,56,0.0,0.0,1,HUMAN
59,50,54,0.0,0.0,1,HUMAN
59,50,54,0.0,0.0,1,HUMAN
59,29,54,0.0,0.0,1,HUMAN
59,29,41,0.0,0.0,1,HUMAN
59,29,41,0.0,0.0,1,HUMAN
59,30,41,0.0,0.0,1,HUMAN
59,30,41,0.0,0.0,1,HUMAN
59,27,41,0.0,0.0,1,HUMAN
59,27,54,0.0,0.0,1,HUMAN
59,27,54,0.0,0.0,1,HUMAN
59,26,54,0.0,0.0,1,HUMAN
59,26,43,0.0,0.0,1,HUMAN
58,26,43,0.0,0.0,1,HUMAN
58,28,43,0.0,0.0,1,HUMAN
58,28,54,0.0,0.0,1,HUMAN
58,28,54,0.0,0.0,1,HUMAN
58,26,54,30.0,0.0,1,HUMAN
58,26,40,0.0,0.0,1,HUMAN
161,26,40,0.0,0.0,1,HUMAN
161,26,40,0.0,0.0,1,HUMAN
161,26,40,0.0,0.0,1,HUMAN
161,26,40,0.0,0.0,1,HUMAN
161,26,40,0.0,0.0,1,HUMAN
161,26,41,0.0,0.0,1,HUMAN
61,26,41,0.0,0.0,1,HUMAN
61,26,41,0.0,0.0,1,HUMAN
61,26,41,0.0,0.0,1,HUMAN
59,26,41,0.0,0.0,1,HUMAN
59,26,41,0.0,0.0,1,HUMAN
59,26,41,0.0,0.0,1,HUMAN
59,29,41,0.0,0.0,1,HUMAN
59,29,41,0.0,0.0,1,HUMAN
60,29,41,0.0,0.0,1,HUMAN
60,29,41,0.0,0.0,1,HUMAN
60,29,41,0.0,0.0,1,HUMAN
156,29,41,0.0,0.0,1,HUMAN
156,26,41,0.0,0.0,1,HUMAN
156,26,42,0.0,0.0,1,HUMAN
60,26,42,0.0,0.0,1,HUMAN
60,26,42,0.0,0.0,1,HUMAN
60,26,42,0.0,0.0,1,HUMAN
60,26,42,0.0,0.0,1,HUMAN
60,29,42,0.0,0.0,1,HUMAN
60,29,60,0.0,0.0,1,HUMAN
63,29,60,0.0,0.0,1,HUMAN
63,57,60,0.0,0.0,1,HUMAN
63,57,60,0.0,0.0,1,HUMAN
62,57,60,0.0,0.0,1,HUMAN
62,58,60,0.0,0.0,1,HUMAN
62,58,56,0.0,0.0,1,HUMAN
62,3,56,0.0,0.0,1,HUMAN
62,3,57,0.0,0.0,1,HUMAN
64,3,57,0.0,0.0,1,HUMAN
64,3,57,0.0,0.0,1,HUMAN
64,3,52,0.0,0.0,1,HUMAN
64,3,52,0.0,0.0,1,HUMAN
64,3,52,0.0,0.0,1,HUMAN
64,3,57,0.0,0.0,1,HUMAN
164,3,57,0.0,0.0,1,HUMAN
164,3,57,0.0,0.0,1,HUMAN
164,3,56,0.0,0.0,1,HUMAN
163,3,56,0.0,0.0,1,HUMAN
163,3,56,0.0,0.0,1,HUMAN
163,3,4,0.0,0.0,1,HUMAN
62,3,4,0.0,0.0,1,HUMAN
62,26,4,0.0,0.0,1,HUMAN
62,26,56,0.0,0.0,1,HUMAN
64,26,56,0.0,0.0,1,HUMAN
64,9,56,0.0,0.0,1,HUMAN
64,9,57,0.0,0.0,1,HUMAN
64,4,57,0.0,0.0,1,HUMAN
64,4,57,0.0,0.0,1,HUMAN
64,4,57,0.0,0.0,1,HUMAN
64,255,57,0.0,0.0,1,HUMAN
64,255,56,0.0,0.0,1,HUMAN
63,255,56,0.0,0.0,1,HUMAN
63,255,56,0.0,0.0,1,HUMAN
63,255,36,0.0,0.0,1,HUMAN
65,255,36,0.0,0.0,1,HUMAN
65,25,36,0.0,0.0,1,HUMAN
65,25,21,0.0,0.0,1,HUMAN
255,25,21,0.0,0.0,1,HUMAN
255,50,21,0.0,0.0,1,HUMAN
255,50,36,0.0,0.0,1,HUMAN
63,50,36,0.0,0.0,1,HUMAN
63,255,36,0.0,0.0,1,HUMAN
63,255,37,0.0,0.0,1,HUMAN
160,255,37,0.0,0.0,1,HUMAN
160,38,37,0.0,0.0,1,HUMAN
62,38,22,0.0,0.0,1,HUMAN
62,255,22,0.0,0.0,1,HUMAN
62,255,22,0.0,0.0,1,HUMAN
62,255,22,0.0,0.0,1,HUMAN
62,46,22,0.0,0.0,1,HUMAN
62,46,22,0.0,0.0,1,HUMAN
62,46,22,0.0,0.0,1,HUMAN
62,30,22,0.0,0.0,1,HUMAN
62,30,22,0.0,0.0,1,HUMAN
62,30,22,0.0,0.0,1,HUMAN
62,35,22,0.0,0.0,1,HUMAN
62,35,22,0.0,0.0,1,HUMAN
62,35,22,0.0,0.0,1,HUMAN
62,44,22,0.0,0.0,1,HUMAN
62,44,22,0.0,0.0,1,HUMAN
62,44,22,0.0,0.0,1,HUMAN
62,35,22,0.0,0.0,1,HUMAN
62,35,22,0.0,0.0,1,HUMAN
62,35,22,0.0,0.0,1,HUMAN
62,29,22,0.0,0.0,1,HUMAN
62,29,22,0.0,0.0,1,HUMAN
62,32,22,0.0,0.0,1,HUMAN
62,32,22,0.0,0.0,1,HUMAN
62,32,22,0.0,0.0,1,HUMAN
62,29,22,0.0,0.0,1,HUMAN
62,29,22,0.0,0.0,1,HUMAN
62,29,22,0.0,0.0,1,HUMAN
62,26,22,0.0,0.0,1,HUMAN
62,26,36,0.0,0.0,1,HUMAN
62,26,36,0.0,0.0,1,HUMAN
62,29,36,0.0,0.0,1,HUMAN
62,29,36,0.0,0.0,1,HUMAN
62,29,36,0.0,0.0,1,HUMAN
62,25,36,0.0,0.0,1,HUMAN
62,25,22,0.0,0.0,1,HUMAN
62,25,22,0.0,0.0,1,HUMAN
62,25,22,0.0,0.0,1,HUMAN
62,25,22,0.0,0.0,1,HUMAN
62,25,22,0.0,0.0,1,HUMAN
62,28,22,0.0,0.0,1,HUMAN
62,28,36,0.0,0.0,1,HUMAN
62,29,36,0.0,0.0,1,HUMAN
62,29,49,0.0,0.0,1,HUMAN
62,29,49,0.0,0.0,1,HUMAN
62,25,49,0.0,0.0,1,HUMAN
62,25,36,0.0,0.0,1,HUMAN
62,25,36,0.0,0.0,1,HUMAN
62,25,36,0.0,0.0,1,HUMAN
62,25,36,0.0,0.0,1,HUMAN
62,25,36,0.0,0.0,1,HUMAN
62,25,36,0.0,0.0,1,HUMAN
62,25,36,0.0,0.0,1,HUMAN
63,25,36,0.0,0.0,1,HUMAN
63,25,36,0.0,0.0,1,HUMAN
63,25,36,0.0,0.0,1,HUMAN
63,25,36,0.0,0.0,1,HUMAN
63,25,36,0.0,0.0,1,HUMAN
63,25,37,0.0,0.0,1,HUMAN
62,25,36,0.0,0.0,4,HUMAN
62,25,36,0.0,0.0,4,HUMAN
62,25,36,0.0,0.0,4,HUMAN
62,25,36,0.0,0.0,4,HUMAN
62,25,36,0.0,0.0,4,HUMAN
62,25,29,0.0,0.0,4,HUMAN
63,25,29,0.0,0.0,4,HUMAN
63,25,29,0.0,0.0,4,HUMAN
63,25,36,0.0,0.0,4,HUMAN
63,25,36,0.0,0.0,4,HUMAN
63,25,36,0.0,0.0,4,HUMAN
63,25,36,0.0,0.0,4,HUMAN
62,25,36,0.0,0.0,4,HUMAN
62,25,29,0.0,0.0,4,HUMAN
63,25,29,0.0,0.0,4,HUMAN
63,25,29,0.0,0.0,4,HUMAN
63,25,29,0.0,0.0,4,HUMAN
62,25,29,0.0,0.0,4,HUMAN
62,25,29,0.0,0.0,4,HUMAN
62,25,22,0.0,0.0,3,HUMAN
62,25,22,0.0,0.0,3,HUMAN
63,25,22,0.0,0.0,3,HUMAN
63,25,22,0.0,0.0,3,HUMAN
62,25,22,0.0,0.0,3,HUMAN
62,25,22,0.0,0.0,3,HUMAN
62,25,24,0.0,0.0,3,HUMAN
62,25,24,0.0,0.0,3,HUMAN
62,25,24,0.0,0.0,3,HUMAN
62,25,22,0.0,0.0,3,HUMAN
62,25,22,0.0,0.0,3,HUMAN
62,25,22,0.0,0.0,3,HUMAN
62,25,24,0.0,0.0,3,HUMAN
62,25,24,0.0,0.0,3,HUMAN
62,25,24,0.0,0.0,3,HUMAN
62,25,24,0.0,0.0,3,HUMAN
62,25,24,0.0,0.0,1,HUMAN
62,25,24,0.0,0.0,1,HUMAN
62,25,24,0.0,0.0,1,HUMAN
62,25,24,0.0,0.0,1,HUMAN
62,25,24,0.0,0.0,1,HUMAN
62,25,22,0.0,0.0,1,HUMAN
62,29,56,0.0,0.0,1,HUMAN
62,27,56,0.0,0.0,1,HUMAN
62,27,56,0.0,0.0,1,HUMAN
62,29,56,0.0,0.0,1,HUMAN
62,29,56,0.0,0.0,1,HUMAN
62,29,56,0.0,0.0,1,HUMAN
62,28,56,0.0,0.0,1,HUMAN
62,28,22,0.0,0.0,1,HUMAN
62,28,22,0.0,0.0,1,HUMAN
62,28,22,0.0,0.0,1,HUMAN
62,28,56,0.0,0.0,1,HUMAN
62,28,56,0.0,0.0,1,HUMAN
62,28,56,0.0,0.0,1,HUMAN
62,28,56,0.0,0.0,1,HUMAN
62,28,56,0.0,0.0,1,HUMAN
62,29,56,0.0,0.0,1,HUMAN
62,29,56,0.0,0.0,1,HUMAN
62,29,56,0.0,0.0,1,HUMAN
62,29,56,0.0,0.0,1,HUMAN
62,29,55,0.0,0.0,1,HUMAN
62,33,55,0.0,0.0,1,HUMAN
62,33,56,0.0,0.0,1,HUMAN
62,33,56,0.0,0.0,1,HUMAN
62,34,56,0.0,0.0,1,HUMAN
62,34,22,0.0,0.0,1,HUMAN
62,34,22,0.0,0.0,1,HUMAN
62,31,22,0.0,0.0,1,HUMAN
62,31,22,0.0,0.0,1,HUMAN
62,31,22,0.0,0.0,1,HUMAN
62,33,22,0.0,0.0,1,HUMAN
62,33,22,0.0,0.0,1,HUMAN
62,33,22,0.0,0.0,1,HUMAN
62,34,22,0.0,0.0,1,HUMAN
62,34,56,0.0,0.0,1,HUMAN
62,34,56,0.0,0.0,1,HUMAN
62,34,56,0.0,0.0,1,HUMAN
62,34,22,0.0,0.0,1,HUMAN
62,34,22,0.0,0.0,1,HUMAN
62,34,22,0.0,0.0,1,HUMAN
62,34,22,0.0,0.0,1,HUMAN
62,34,22,0.0,0.0,1,HUMAN
62,34,56,0.0,0.0,1,HUMAN
62,34,56,0.0,0.0,1,HUMAN
62,34,56,0.0,0.0,1,HUMAN
62,26,55,0.0,0.0,1,HUMAN
62,26,55,0.0,0.0,1,HUMAN
62,28,55,0.0,0.0,1,HUMAN
62,28,56,0.0,0.0,1,HUMAN
62,28,56,0.0,0.0,1,HUMAN
62,27,56,0.0,0.0,1,HUMAN
62,27,56,0.0,0.0,1,HUMAN
62,27,56,0.0,0.0,1,HUMAN
62,26,56,0.0,0.0,1,HUMAN
62,26,56,0.0,0.0,1,HUMAN
62,26,56,0.0,0.0,1,HUMAN
62,27,56,0.0,0.0,1,HUMAN
62,27,56,0.0,0.0,1,HUMAN
62,27,56,0.0,0.0,1,HUMAN
62,27,56,0.0,0.0,1,HUMAN
62,27,56,0.0,0.0,1,HUMAN
62,25,56,0.0,0.0,1,HUMAN
62,25,22,0.0,0.0,1,HUMAN
62,25,22,0.0,0.0,1,HUMAN
62,27,22,0.0,0.0,1,HUMAN
62,27,56,0.0,0.0,1,HUMAN
62,27,56,0.0,0.0,1,HUMAN
62,27,56,0.0,0.0,1,HUMAN
62,27,56,0.0,0.0,1,HUMAN
62,27,56,0.0,0.0,1,HUMAN
62,28,56,0.0,0.0,1,HUMAN
62,28,55,0.0,0.0,1,HUMAN
62,28,55,0.0,0.0,1,HUMAN
62,28,55,0.0,0.0,1,HUMAN
62,28,56,0.0,0.0,1,HUMAN
62,28,56,0.0,0.0,1,HUMAN
62,29,56,0.0,0.0,1,HUMAN
62,29,55,0.0,0.0,1,HUMAN
62,29,55,0.0,0.0,1,HUMAN
62,29,55,0.0,0.0,1,HUMAN
62,29,55,0.0,0.0,1,HUMAN
62,26,55,0.0,0.0,1,HUMAN
62,26,22,0.0,0.0,1,HUMAN
62,26,22,0.0,0.0,1,HUMAN
62,29,22,0.0,0.0,1,HUMAN
62,29,56,0.0,0.0,1,HUMAN
62,29,56,0.0,0.0,1,HUMAN
62,29,56,0.0,0.0,1,HUMAN
62,29,55,0.0,0.0,1,HUMAN
62,29,55,0.0,0.0,1,HUMAN
62,26,55,0.0,0.0,1,HUMAN
62,26,55,0.0,0.0,1,HUMAN
62,26,55,0.0,0.0,1,HUMAN
62,26,55,0.0,0.0,1,HUMAN
62,26,56,0.0,0.0,1,HUMAN
62,26,56,0.0,0.0,1,HUMAN
62,26,56,0.0,0.0,1,HUMAN
62,26,22,0.0,0.0,1,HUMAN
62,26,22,0.0,0.0,1,HUMAN
62,26,56,0.0,0.0,1,HUMAN
62,26,56,0.0,0.0,1,HUMAN
62,26,56,0.0,0.0,1,HUMAN
62,26,22,0.0,0.0,1,HUMAN
63,26,22,0.0,0.0,1,HUMAN
63,25,22,0.0,0.0,1,HUMAN
63,25,56,0.0,0.0,1,HUMAN
62,25,56,0.0,0.0,1,HUMAN
62,25,56,0.0,0.0,1,HUMAN
62,25,55,0.0,0.0,1,HUMAN
63,25,55,0.0,0.0,1,HUMAN
63,29,55,0.0,0.0,1,HUMAN
63,29,56,0.0,0.0,1,HUMAN
62,29,56,0.0,0.0,1,HUMAN
62,27,56,0.0,0.0,1,HUMAN
62,27,55,0.0,0.0,1,HUMAN
62,27,55,0.0,0.0,1,HUMAN
62,24,55,0.0,0.0,1,HUMAN
62,24,22,0.0,0.0,1,HUMAN
62,24,22,0.0,0.0,1,HUMAN
62,24,56,0.0,0.0,1,HUMAN
62,24,56,0.0,0.0,1,HUMAN
62,25,56,0.0,0.0,1,HUMAN
62,25,55,0.0,0.0,1,HUMAN
62,25,55,0.0,0.0,1,HUMAN
62,24,55,0.0,0.0,1,HUMAN
62,24,22,0.0,0.0,1,HUMAN
62,24,22,0.0,0.0,1,HUMAN
62,24,22,0.0,0.0,1,HUMAN
62,24,22,0.0,0.0,1,HUMAN
62,24,22,0.0,0.0,1,HUMAN
62,25,22,0.0,0.0,1,HUMAN
62,25,22,0.0,0.0,1,HUMAN
62,25,22,0.0,0.0,1,HUMAN
62,10,22,0.0,0.0,1,HUMAN
62,10,56,0.0,0.0,1,HUMAN
62,10,56,0.0,0.0,1,HUMAN
62,3,56,0.0,0.0,1,HUMAN
62,3,56,0.0,0.0,1,HUMAN
165,3,56,0.0,0.0,1,HUMAN
165,43,56,0.0,0.0,1,HUMAN
170,43,83,0.0,0.0,1,HUMAN
170,5,83,0.0,0.0,1,HUMAN
170,5,67,0.0,0.0,1,HUMAN
171,5,67,0.0,0.0,1,HUMAN
171,39,67,0.0,0.0,1,HUMAN
171,39,67,0.0,0.0,1,HUMAN
170,39,67,0.0,0.0,1,HUMAN
170,3,67,0.0,0.0,1,HUMAN
170,3,68,0.0,0.0,1,HUMAN
169,3,68,0.0,0.0,1,HUMAN
169,5,68,0.0,0.0,1,HUMAN
169,5,90,0.0,0.0,1,HUMAN
165,5,90,0.0,0.0,1,HUMAN
165,5,90,0.0,0.0,1,HUMAN
165,5,91,0.0,0.0,1,HUMAN
169,5,91,0.0,0.0,1,HUMAN
169,19,91,0.0,0.0,1,HUMAN
169,19,56,0.0,0.0,1,HUMAN
173,19,56,0.0,0.0,1,HUMAN
173,36,56,0.0,0.0,1,HUMAN
174,36,65,0.0,0.0,1,HUMAN
174,35,65,0.0,0.0,1,HUMAN
174,35,4,0.0,0.0,1,HUMAN
173,35,4,0.0,0.0,1,HUMAN
173,16,4,0.0,0.0,1,HUMAN
173,16,3,0.0,0.0,1,HUMAN
16,16,3,0.0,0.0,2,RULE
16,16,3,0.0,0.0,2,RULE
16,16,3,0.0,0.0,2,RULE
16,16,3,0.0,0.0,2,RULE
16,16,3,0.0,0.0,2,RULE
16,16,3,0.0,0.0,2,RULE
16,255,6,0.0,0.0,2,RULE
175,255,6,0.0,0.0,2,RULE
175,17,6,0.0,0.0,2,RULE
175,17,16,0.0,0.0,2,RULE
174,17,16,0.0,0.0,2,RULE
174,17,9,0.0,0.0,4,RULE
174,17,9,0.0,0.0,4,RULE
174,17,9,0.0,0.0,4,RULE
174,17,56,0.0,0.0,4,RULE
174,17,56,0.0,0.0,4,RULE
174,17,56,0.0,0.0,4,RULE
174,17,65,0.0,0.0,4,RULE
174,17,9,0.0,0.0,1,HUMAN
174,17,9,0.0,0.0,1,HUMAN
174,17,9,0.0,0.0,1,HUMAN
174,17,7,0.0,0.0,1,HUMAN
174,17,7,0.0,0.0,1,HUMAN
174,16,7,0.0,0.0,1,HUMAN
174,16,9,0.0,0.0,1,HUMAN
174,16,9,0.0,0.0,1,HUMAN
174,17,9,0.0,0.0,1,HUMAN
174,17,56,0.0,0.0,1,HUMAN
174,17,56,0.0,0.0,1,HUMAN
174,16,56,0.0,0.0,1,HUMAN
174,16,56,0.0,0.0,1,HUMAN
174,16,56,0.0,0.0,1,HUMAN
174,16,56,0.0,0.0,1,HUMAN
174,16,56,0.0,0.0,1,HUMAN
174,16,56,0.0,0.0,1,HUMAN
174,16,56,0.0,0.0,1,HUMAN
174,16,56,0.0,0.0,1,HUMAN
174,255,56,0.0,0.0,1,HUMAN
174,255,56,0.0,0.0,1,HUMAN
71,255,56,0.0,0.0,1,HUMAN
71,16,56,0.0,0.0,1,HUMAN
71,16,62,0.0,0.0,1,HUMAN
70,16,62,0.0,0.0,1,HUMAN
70,30,62,0.0,0.0,1,HUMAN
70,30,22,0.0,0.0,1,HUMAN
68,30,22,0.0,180.0,1,HUMAN
68,36,22,0.0,0.0,1,HUMAN
68,36,56,0.0,0.0,1,HUMAN
63,29,56,0.0,0.0,1,HUMAN
63,29,57,0.0,0.0,1,HUMAN
162,29,57,0.0,0.0,1,HUMAN
162,38,57,0.0,0.0,1,HUMAN
162,38,56,0.0,0.0,1,HUMAN
54,38,56,0.0,0.0,1,HUMAN
54,37,56,0.0,30.0,1,HUMAN
54,37,56,0.0,0.0,1,HUMAN
108,37,56,0.0,0.0,1,HUMAN
108,42,56,0.0,0.0,1,HUMAN
108,42,57,0.0,0.0,1,HUMAN
100,50,57,0.0,0.0,1,HUMAN
100,50,57,0.0,0.0,1,HUMAN
100,50,58,0.0,0.0,1,HUMAN
131,56,58,0.0,0.0,1,HUMAN
131,56,58,0.0,30.0,1,HUMAN
131,56,57,0.0,0.0,1,HUMAN
89,56,57,0.0,0.0,1,HUMAN
89,62,57,0.0,0.0,1,HUMAN
89,62,58,0.0,0.0,1,HUMAN
82,62,58,0.0,0.0,1,HUMAN
82,69,59,0.0,0.0,1,HUMAN
76,75,59,0.0,0.0,1,HUMAN
76,78,59,0.0,60.0,1,HUMAN
76,78,60,0.0,0.0,1,HUMAN
68,78,60,0.0,0.0,1,HUMAN
68,87,60,0.0,0.0,1,HUMAN
68,87,36,0.0,0.0,1,HUMAN
255,87,36,0.0,0.0,1,HUMAN
255,112,36,0.0,0.0,1,HUMAN
255,112,35,0.0,0.0,1,HUMAN
57,112,35,0.0,0.0,1,HUMAN
57,29,35,0.0,0.0,1,HUMAN
57,29,36,0.0,30.0,1,HUMAN
255,29,36,0.0,0.0,1,HUMAN
255,35,36,0.0,0.0,1,HUMAN
255,35,37,0.0,0.0,1,HUMAN
177,35,37,0.0,0.0,1,HUMAN
177,110,37,0.0,0.0,1,HUMAN
85,110,66,0.0,0.0,1,HUMAN
85,116,66,0.0,0.0,1,HUMAN
85,116,67,0.0,0.0,1,HUMAN
164,116,67,0.0,30.0,1,HUMAN
164,57,67,0.0,0.0,1,HUMAN
164,57,68,0.0,0.0,1,HUMAN
159,57,68,0.0,0.0,1,HUMAN
159,56,68,0.0,0.0,1,HUMAN
159,56,69,0.0,0.0,1,HUMAN
151,56,69,0.0,0.0,1,HUMAN
151,62,69,0.0,0.0,1,HUMAN
151,62,69,0.0,0.0,1,HUMAN
145,62,69,0.0,30.0,1,HUMAN
145,70,69,0.0,0.0,1,HUMAN
145,70,70,0.0,0.0,1,HUMAN
138,70,70,0.0,0.0,1,HUMAN
138,155,70,0.0,0.0,1,HUMAN
138,155,72,0.0,0.0,1,HUMAN
132,80,72,0.0,0.0,1,HUMAN
132,80,72,0.0,0.0,1,HUMAN
124,80,72,0.0,120.0,1,HUMAN
124,85,72,0.0,0.0,1,HUMAN
124,85,58,0.0,0.0,1,HUMAN
196,85,58,0.0,0.0,1,HUMAN
196,91,58,0.0,0.0,1,HUMAN
196,91,56,0.0,0.0,1,HUMAN
189,91,56,0.0,0.0,1,HUMAN
189,96,56,0.0,0.0,1,HUMAN
189,96,54,0.0,0.0,1,HUMAN
127,96,54,0.0,0.0,1,HUMAN
127,102,54,0.0,90.0,1,HUMAN
127,102,51,0.0,90.0,1,HUMAN
100,102,51,0.0,0.0,1,HUMAN
100,109,51,0.0,0.0,1,HUMAN
100,109,50,0.0,0.0,1,HUMAN
91,109,50,0.0,0.0,1,HUMAN
91,116,50,0.0,0.0,1,HUMAN
91,116,50,0.0,0.0,1,HUMAN
84,116,50,0.0,0.0,1,HUMAN
84,122,50,0.0,0.0,1,HUMAN
56,122,50,0.0,0.0,1,HUMAN
56,128,50,0.0,0.0,1,HUMAN
56,128,56,0.0,0.0,1,HUMAN
71,128,56,0.0,0.0,1,HUMAN
71,51,56,0.0,0.0,1,HUMAN
71,51,56,0.0,0.0,1,HUMAN
65,51,56,0.0,0.0,1,HUMAN
65,56,56,0.0,0.0,1,HUMAN
65,56,58,0.0,60.0,1,HUMAN
58,56,58,0.0,0.0,1,HUMAN
58,61,58,0.0,0.0,1,HUMAN
58,61,61,0.0,0.0,1,HUMAN
52,61,61,0.0,30.0,1,HUMAN
52,66,61,0.0,0.0,1,HUMAN
52,66,64,0.0,0.0,1,HUMAN
46,66,64,0.0,0.0,1,HUMAN
46,23,64,0.0,0.0,1,HUMAN
46,23,68,0.0,0.0,1,HUMAN
42,23,68,0.0,150.0,1,HUMAN
42,255,68,0.0,0.0,1,HUMAN
36,255,86,0.0,0.0,1,HUMAN
36,30,86,0.0,90.0,1,HUMAN
36,30,87,0.0,0.0,1,HUMAN
31,30,87,0.0,0.0,1,HUMAN
31,30,87,0.0,0.0,2,RULE
31,30,87,0.0,0.0,2,RULE
31,30,87,0.0,0.0,2,RULE
31,30,87,0.0,0.0,2,RULE
31,30,87,0.0,0.0,2,RULE
31,35,88,0.0,0.0,2,RULE
16,35,88,0.0,0.0,2,RULE
16,46,88,0.0,0.0,2,RULE
16,46,89,0.0,0.0,2,RULE
16,46,89,0.0,0.0,2,RULE
16,46,89,0.0,0.0,2,RULE
16,46,89,0.0,0.0,2,RULE
16,46,89,0.0,0.0,3,RULE
16,46,89,0.0,0.0,3,RULE
17,46,89,0.0,0.0,3,RULE
17,46,89,0.0,0.0,3,RULE
17,46,30,0.0,0.0,3,RULE
16,46,30,0.0,0.0,3,RULE
16,46,30,0.0,0.0,3,RULE
16,46,89,0.0,0.0,3,RULE
16,46,89,0.0,0.0,1,RULE
16,46,30,0.0,0.0,1,HUMAN
16,46,30,0.0,0.0,1,HUMAN
16,46,30,0.0,0.0,1,HUMAN
16,46,89,0.0,0.0,1,HUMAN
16,46,89,0.0,0.0,1,HUMAN
16,46,89,0.0,0.0,1,HUMAN
16,46,89,0.0,0.0,1,HUMAN
16,46,89,0.0,0.0,1,HUMAN
16,46,89,0.0,0.0,1,HUMAN
16,46,89,0.0,0.0,1,HUMAN
16,46,89,0.0,0.0,1,HUMAN
16,46,30,0.0,0.0,1,HUMAN
16,46,30,0.0,0.0,1,HUMAN
16,46,30,0.0,0.0,1,HUMAN
16,46,30,0.0,0.0,1,HUMAN
16,46,30,0.0,0.0,1,HUMAN
16,46,30,0.0,0.0,1,HUMAN
16,46,89,0.0,0.0,1,HUMAN
16,46,89,0.0,0.0,1,HUMAN
16,46,89,0.0,0.0,1,HUMAN
16,46,89,0.0,0.0,2,RULE
16,46,89,0.0,0.0,2,RULE
16,46,89,0.0,0.0,2,RULE
16,46,89,0.0,0.0,2,RULE
16,46,89,0.0,0.0,2,RULE
16,46,89,0.0,0.0,2,RULE
16,46,89,0.0,0.0,2,RULE
16,46,89,0.0,0.0,2,RULE
16,46,89,0.0,0.0,2,RULE
16,46,89,0.0,0.0,2,RULE
16,46,89,0.0,0.0,2,RULE
16,46,89,0.0,0.0,2,RULE
16,46,89,0.0,0.0,2,RULE
16,46,89,0.0,0.0,2,RULE
16,46,89,0.0,0.0,2,RULE
16,46,89,0.0,0.0,2,RULE
16,46,89,0.0,0.0,2,RULE
16,46,89,0.0,0.0,2,RULE
16,46,89,0.0,0.0,2,RULE
16,46,89,0.0,0.0,2,RULE
16,46,89,0.0,0.0,2,RULE
16,46,89,0.0,0.0,2,RULE
16,46,89,0.0,0.0,2,RULE
16,46,89,0.0,0.0,2,RULE
16,46,89,0.0,0.0,2,RULE
16,46,89,0.0,0.0,2,RULE
16,46,89,0.0,0.0,2,RULE
16,46,89,0.0,0.0,2,RULE
16,46,89,0.0,0.0,2,RULE
16,46,89,0.0,0.0,2,RULE
16,46,89,0.0,0.0,4,RULE
16,46,89,0.0,0.0,4,RULE
16,46,89,0.0,0.0,4,RULE
16,46,89,0.0,0.0,4,RULE
16,46,89,0.0,0.0,4,RULE
16,46,89,0.0,0.0,4,RULE
16,46,89,0.0,0.0,4,RULE
16,46,89,0.0,0.0,3,RULE
16,46,89,0.0,0.0,3,RULE
16,46,89,0.0,0.0,3,RULE
16,46,89,0.0,0.0,3,RULE
16,46,89,0.0,0.0,3,RULE
17,46,89,0.0,0.0,3,RULE
17,46,89,0.0,0.0,3,RULE
17,46,89,0.0,0.0,3,RULE
17,46,89,0.0,0.0,1,HUMAN
17,46,89,0.0,0.0,1,HUMAN
17,46,89,0.0,0.0,1,HUMAN
17,46,89,0.0,0.0,1,HUMAN
17,46,89,0.0,0.0,1,HUMAN
17,46,89,0.0,0.0,1,HUMAN
17,46,89,0.0,0.0,1,HUMAN
17,46,89,0.0,0.0,1,HUMAN
17,46,89,0.0,0.0,1,HUMAN
17,46,89,0.0,0.0,1,HUMAN
17,46,89,0.0,0.0,1,HUMAN
17,46,89,0.0,0.0,1,HUMAN
17,46,61,0.0,0.0,1,HUMAN
17,46,61,0.0,0.0,1,HUMAN
17,46,61,0.0,0.0,1,HUMAN
17,46,89,0.0,0.0,1,HUMAN
17,46,89,0.0,0.0,1,HUMAN
17,46,89,0.0,0.0,1,HUMAN
17,46,89,0.0,0.0,1,HUMAN
17,46,89,0.0,0.0,1,HUMAN
17,46,89,0.0,0.0,2,RULE
17,46,89,0.0,0.0,2,RULE
17,46,89,0.0,0.0,2,RULE
17,46,89,0.0,0.0,2,RULE
17,46,89,0.0,0.0,2,RULE
17,46,89,0.0,0.0,2,RULE
17,46,89,0.0,0.0,2,RULE
17,46,89,0.0,0.0,2,RULE
16,46,89,0.0,0.0,2,RULE
16,47,89,0.0,0.0,2,RULE
16,47,89,0.0,0.0,2,RULE
16,47,89,0.0,0.0,2,RULE
16,47,89,0.0,0.0,2,RULE
16,47,89,0.0,0.0,2,RULE
16,47,89,0.0,0.0,2,RULE
16,47,89,0.0,0.0,2,RULE
16,47,89,0.0,0.0,2,RULE
16,47,89,0.0,0.0,2,RULE
16,47,89,0.0,0.0,2,RULE
16,47,89,0.0,0.0,2,RULE
16,47,89,0.0,0.0,2,RULE
16,47,89,0.0,0.0,2,RULE
16,47,89,0.0,0.0,2,RULE
16,47,89,0.0,0.0,2,RULE
16,47,89,0.0,0.0,2,RULE
16,47,89,0.0,0.0,2,RULE
16,47,89,0.0,0.0,2,RULE
16,47,89,0.0,0.0,2,RULE
16,47,89,0.0,0.0,2,RULE
16,47,89,0.0,0.0,2,RULE
16,47,89,0.0,0.0,4,RULE
16,47,89,0.0,0.0,4,RULE
16,47,89,0.0,0.0,4,RULE
16,47,89,0.0,0.0,4,RULE
16,47,89,0.0,0.0,4,RULE
16,47,89,0.0,0.0,4,RULE
16,47,89,0.0,0.0,4,RULE
16,47,89,0.0,0.0,3,RULE
16,47,89,0.0,0.0,3,RULE
16,47,89,0.0,0.0,3,RULE
16,47,89,0.0,0.0,3,RULE
16,47,62,0.0,0.0,3,RULE
16,47,62,0.0,0.0,3,RULE
16,47,62,0.0,0.0,3,RULE
16,47,89,0.0,0.0,3,RULE
16,47,89,0.0,0.0,1,HUMAN
16,47,89,0.0,0.0,1,HUMAN
16,47,89,0.0,0.0,1,HUMAN
16,47,89,0.0,0.0,1,HUMAN
16,47,89,0.0,0.0,1,HUMAN
16,47,89,0.0,0.0,1,HUMAN
16,47,89,0.0,0.0,1,HUMAN
16,47,89,0.0,0.0,1,HUMAN
16,47,89,0.0,0.0,1,HUMAN
16,47,89,0.0,0.0,1,HUMAN
16,47,89,0.0,0.0,1,HUMAN
16,47,89,0.0,0.0,1,HUMAN
16,47,89,0.0,0.0,1,HUMAN
16,47,89,0.0,0.0,1,HUMAN
16,47,89,0.0,0.0,1,HUMAN
16,47,89,0.0,0.0,1,HUMAN
16,47,89,0.0,0.0,1,HUMAN
16,47,89,0.0,0.0,1,HUMAN
16,47,89,0.0,0.0,1,HUMAN
16,47,89,0.0,0.0,1,HUMAN
16,47,89,0.0,0.0,2,RULE
16,47,89,0.0,0.0,2,RULE
16,47,89,0.0,0.0,2,RULE
16,47,89,0.0,0.0,2,RULE
16,47,89,0.0,0.0,2,RULE
16,47,89,0.0,0.0,2,RULE
16,47,89,0.0,0.0,2,RULE
16,47,89,0.0,0.0,2,RULE
16,47,89,0.0,0.0,2,RULE
16,47,89,0.0,0.0,2,RULE
16,47,89,0.0,0.0,2,RULE
16,47,89,0.0,0.0,2,RULE
16,47,89,0.0,0.0,2,RULE
16,47,89,0.0,0.0,2,RULE
16,47,89,0.0,0.0,2,RULE
16,47,89,0.0,0.0,2,RULE
16,47,89,0.0,0.0,2,RULE
16,47,89,0.0,0.0,2,RULE
16,47,89,0.0,0.0,2,RULE
16,47,89,0.0,0.0,2,RULE
16,47,89,0.0,0.0,2,RULE
16,47,89,0.0,0.0,2,RULE
16,47,89,0.0,0.0,2,RULE
16,47,89,0.0,0.0,2,RULE
16,47,89,0.0,0.0,2,RULE
16,47,89,0.0,0.0,2,RULE
16,47,89,0.0,0.0,2,RULE
16,47,89,0.0,0.0,2,RULE
16,47,89,0.0,0.0,2,HUMAN
16,47,89,0.0,0.0,2,HUMAN
16,47,89,0.0,0.0,2,HUMAN
16,47,89,0.0,0.0,2,HUMAN
16,47,89,0.0,0.0,2,HUMAN
16,47,89,0.0,0.0,2,HUMAN
16,47,89,0.0,0.0,2,HUMAN
16,47,89,0.0,0.0,2,HUMAN
16,47,89,0.0,0.0,2,HUMAN
16,47,89,0.0,0.0,2,HUMAN
16,47,89,0.0,0.0,2,HUMAN
16,47,89,0.0,0.0,2,HUMAN
16,47,89,0.0,0.0,2,HUMAN
16,47,89,0.0,0.0,2,HUMAN
16,47,89,0.0,0.0,2,HUMAN
16,47,89,0.0,0.0,2,HUMAN
16,47,89,0.0,0.0,2,HUMAN
16,47,89,0.0,0.0,2,HUMAN
16,47,89,0.0,0.0,2,HUMAN
16,47,89,0.0,0.0,2,HUMAN
16,47,89,0.0,0.0,2,HUMAN
16,47,89,0.0,0.0,2,HUMAN
16,47,89,0.0,0.0,2,HUMAN
16,47,89,0.0,0.0,2,HUMAN
16,47,89,0.0,0.0,2,HUMAN
16,47,89,0.0,0.0,2,HUMAN
16,47,89,0.0,0.0,2,HUMAN
16,47,89,0.0,0.0,2,HUMAN
16,47,89,0.0,0.0,2,HUMAN
16,47,89,0.0,0.0,2,HUMAN
16,47,89,0.0,0.0,2,HUMAN
16,47,89,0.0,0.0,2,HUMAN
16,47,89,0.0,0.0,2,HUMAN
16,47,89,0.0,0.0,2,HUMAN
16,47,89,0.0,0.0,2,HUMAN
16,47,89,0.0,0.0,2,HUMAN
16,47,89,0.0,0.0,2,HUMAN
16,47,89,0.0,0.0,2,HUMAN
16,47,89,0.0,0.0,2,HUMAN
16,47,89,0.0,0.0,2,HUMAN
16,47,89,0.0,0.0,2,HUMAN
16,47,89,0.0,0.0,2,HUMAN
16,47,89,0.0,0.0,2,HUMAN
16,47,89,0.0,0.0,2,HUMAN
16,47,89,0.0,0.0,2,HUMAN
16,47,89,0.0,0.0,2,HUMAN
16,47,89,0.0,0.0,2,HUMAN
16,47,89,0.0,0.0,2,HUMAN
16,47,89,0.0,0.0,2,HUMAN
16,47,89,0.0,0.0,2,HUMAN
16,47,89,0.0,0.0,2,HUMAN
16,47,89,0.0,0.0,2,HUMAN
16,47,89,0.0,0.0,2,HUMAN
16,47,89,0.0,0.0,2,HUMAN
16,47,89,0.0,0.0,2,HUMAN
16,47,89,0.0,0.0,2,HUMAN
16,47,89,0.0,0.0,2,HUMAN
16,47,89,0.0,0.0,2,HUMAN
16,47,89,0.0,0.0,2,HUMAN
16,47,89,0.0,0.0,2,HUMAN
16,47,89,0.0,0.0,2,HUMAN
16,47,89,0.0,0.0,2,HUMAN
16,47,89,0.0,0.0,2,HUMAN
16,47,89,0.0,0.0,2,HUMAN
16,47,89,0.0,0.0,2,HUMAN
16,47,89,0.0,0.0,2,HUMAN
16,47,89,0.0,0.0,2,HUMAN
16,47,89,0.0,0.0,2,HUMAN
16,47,89,0.0,0.0,2,HUMAN
16,47,89,0.0,0.0,2,HUMAN
16,47,89,0.0,0.0,2,HUMAN
16,47,89,0.0,0.0,2,HUMAN
16,47,89,0.0,0.0,2,HUMAN
16,47,89,0.0,0.0,2,HUMAN
16,47,89,0.0,0.0,2,HUMAN
16,47,89,0.0,0.0,2,HUMAN
16,47,89,0.0,0.0,2,HUMAN
16,47,89,0.0,0.0,2,HUMAN
16,47,89,0.0,0.0,2,HUMAN
16,47,89,0.0,0.0,2,HUMAN
16,47,89,0.0,0.0,2,HUMAN
16,47,89,0.0,0.0,2,HUMAN
16,47,89,0.0,0.0,2,HUMAN
16,47,89,0.0,0.0,2,HUMAN
16,47,89,0.0,0.0,2,HUMAN
16,47,89,0.0,0.0,2,HUMAN
16,47,89,0.0,0.0,2,HUMAN
16,47,89,0.0,0.0,2,HUMAN
16,47,89,0.0,0.0,2,HUMAN
16,47,89,0.0,0.0,2,HUMAN
16,47,89,0.0,0.0,2,HUMAN
16,47,89,0.0,0.0,2,HUMAN
16,47,89,0.0,0.0,2,HUMAN
16,47,89,0.0,0.0,2,HUMAN
16,47,89,0.0,0.0,2,HUMAN
16,47,89,0.0,0.0,2,HUMAN
16,47,89,0.0,0.0,2,HUMAN
16,47,89,0.0,0.0,2,HUMAN
16,47,89,0.0,0.0,2,HUMAN
16,47,89,0.0,0.0,2,HUMAN
16,47,89,0.0,0.0,2,HUMAN
16,47,89,0.0,0.0,2,HUMAN
16,47,89,0.0,0.0,2,HUMAN
16,47,89,0.0,0.0,2,HUMAN
16,47,89,0.0,0.0,2,HUMAN
16,47,89,0.0,0.0,2,HUMAN
16,47,89,0.0,0.0,2,HUMAN
16,47,89,0.0,0.0,2,HUMAN
16,47,89,0.0,0.0,2,HUMAN
16,47,89,0.0,0.0,2,HUMAN
16,47,89,0.0,0.0,2,HUMAN
16,47,89,0.0,0.0,2,HUMAN
16,47,89,0.0,0.0,2,HUMAN
16,47,89,0.0,0.0,2,HUMAN
16,47,89,0.0,0.0,2,HUMAN
16,47,89,0.0,0.0,2,HUMAN
16,47,89,0.0,0.0,2,HUMAN
16,47,89,0.0,0.0,2,HUMAN
16,47,89,0.0,0.0,2,HUMAN
16,47,89,0.0,0.0,2,HUMAN
16,47,89,0.0,0.0,2,HUMAN
16,47,89,0.0,0.0,2,HUMAN
16,47,89,0.0,0.0,2,HUMAN
16,47,89,0.0,0.0,2,HUMAN
16,47,89,0.0,0.0,2,HUMAN
16,47,89,0.0,0.0,2,HUMAN
16,47,89,0.0,0.0,2,HUMAN
16,47,89,0.0,0.0,2,HUMAN
16,47,89,0.0,0.0,2,HUMAN
16,47,89,0.0,0.0,2,HUMAN
16,47,89,0.0,0.0,2,HUMAN
16,47,89,0.0,0.0,2,HUMAN
16,47,89,0.0,0.0,2,HUMAN
16,47,89,0.0,0.0,2,HUMAN
16,47,89,0.0,0.0,2,HUMAN
16,47,89,0.0,0.0,2,HUMAN
16,47,89,0.0,0.0,2,HUMAN
16,47,89,0.0,0.0,2,HUMAN
16,47,89,0.0,0.0,2,HUMAN
16,47,89,0.0,0.0,2,HUMAN
16,47,89,0.0,0.0,2,HUMAN
16,47,89,0.0,0.0,2,HUMAN
16,47,89,0.0,0.0,2,HUMAN
16,47,89,0.0,0.0,2,HUMAN
16,47,89,0.0,0.0,2,HUMAN
16,47,89,0.0,0.0,2,HUMAN
16,47,89,0.0,0.0,2,HUMAN
16,47,89,0.0,0.0,2,HUMAN
16,47,89,0.0,0.0,2,HUMAN
16,47,89,0.0,0.0,2,HUMAN
16,47,89,0.0,0.0,2,HUMAN
16,47,89,0.0,0.0,2,HUMAN
16,47,89,0.0,0.0,2,HUMAN
16,47,89,0.0,0.0,2,HUMAN
16,47,89,0.0,0.0,2,HUMAN
16,47,89,0.0,0.0,2,HUMAN
16,47,89,0.0,0.0,2,HUMAN
16,47,89,0.0,0.0,2,HUMAN
16,47,89,0.0,0.0,2,HUMAN
16,47,89,0.0,0.0,2,HUMAN
16,47,89,0.0,0.0,2,HUMAN
16,47,89,0.0,0.0,2,HUMAN
16,47,89,0.0,0.0,2,HUMAN
16,47,89,0.0,0.0,2,HUMAN
16,47,89,0.0,0.0,2,HUMAN
16,47,89,0.0,0.0,2,HUMAN
16,47,89,0.0,0.0,2,HUMAN
16,47,89,0.0,0.0,2,HUMAN
16,47,89,0.0,0.0,2,HUMAN
16,47,89,0.0,0.0,2,HUMAN
16,47,89,0.0,0.0,2,HUMAN
16,47,89,0.0,0.0,2,HUMAN
16,47,89,0.0,0.0,2,HUMAN
16,47,89,0.0,0.0,2,HUMAN
16,47,89,0.0,0.0,2,HUMAN
16,47,89,0.0,0.0,2,HUMAN
16,47,89,0.0,0.0,2,HUMAN
16,47,89,0.0,0.0,2,HUMAN
16,47,89,0.0,0.0,2,HUMAN
16,47,89,0.0,0.0,2,HUMAN
16,47,89,0.0,0.0,2,HUMAN
16,47,89,0.0,0.0,2,HUMAN
16,47,89,0.0,0.0,2,HUMAN
16,47,89,0.0,0.0,2,HUMAN
16,47,89,0.0,0.0,2,HUMAN
16,47,89,0.0,0.0,2,HUMAN
16,47,89,0.0,0.0,2,HUMAN
16,47,89,0.0,0.0,2,HUMAN
16,47,89,0.0,0.0,2,HUMAN
16,47,89,0.0,0.0,2,HUMAN
16,47,89,0.0,0.0,2,HUMAN
16,47,89,0.0,0.0,2,HUMAN
16,47,89,0.0,0.0,2,HUMAN
16,47,89,0.0,0.0,2,HUMAN
16,47,89,0.0,0.0,2,HUMAN
16,47,89,0.0,0.0,2,HUMAN
16,47,89,0.0,0.0,2,HUMAN
16,47,89,0.0,0.0,2,HUMAN
16,47,89,0.0,0.0,2,HUMAN
16,47,89,0.0,0.0,2,HUMAN
16,47,89,0.0,0.0,2,HUMAN
16,47,89,0.0,0.0,2,HUMAN
16,47,89,0.0,0.0,2,HUMAN
16,47,89,0.0,0.0,2,HUMAN
16,47,89,0.0,0.0,2,HUMAN
16,47,89,0.0,0.0,2,HUMAN
16,47,89,0.0,0.0,2,HUMAN
16,47,89,0.0,0.0,2,HUMAN
16,47,89,0.0,0.0,2,HUMAN
16,47,89,0.0,0.0,2,HUMAN
16,47,89,0.0,0.0,2,HUMAN
16,47,89,0.0,0.0,2,HUMAN
16,47,89,0.0,0.0,2,HUMAN
16,47,89,0.0,0.0,2,HUMAN
16,47,89,0.0,0.0,2,HUMAN
16,47,89,0.0,0.0,2,HUMAN
16,47,89,0.0,0.0,2,HUMAN
16,47,89,0.0,0.0,2,HUMAN
16,47,89,0.0,0.0,2,HUMAN
16,47,89,0.0,0.0,2,HUMAN
16,47,89,0.0,0.0,2,HUMAN
16,47,89,0.0,0.0,2,HUMAN
16,47,89,0.0,0.0,2,HUMAN
16,47,89,0.0,0.0,2,HUMAN
16,47,89,0.0,0.0,2,HUMAN
16,47,89,0.0,0.0,2,HUMAN
16,47,89,0.0,0.0,2,HUMAN
16,47,89,0.0,0.0,2,HUMAN
16,47,89,0.0,0.0,3,HUMAN
16,47,89,0.0,0.0,3,HUMAN
16,47,89,0.0,0.0,3,HUMAN
16,47,89,0.0,0.0,3,HUMAN
16,47,89,0.0,0.0,3,HUMAN
16,47,89,0.0,0.0,3,HUMAN
16,47,89,0.0,0.0,3,HUMAN
16,47,89,0.0,0.0,3,HUMAN
16,47,89,0.0,0.0,3,HUMAN
16,47,89,0.0,0.0,3,HUMAN
16,47,89,0.0,0.0,3,HUMAN
16,47,89,0.0,0.0,3,HUMAN
16,47,89,0.0,0.0,3,HUMAN
16,47,89,0.0,0.0,3,HUMAN
16,47,89,0.0,0.0,3,HUMAN
16,47,89,0.0,0.0,3,HUMAN
16,47,89,0.0,0.0,3,HUMAN
16,47,89,0.0,0.0,3,HUMAN
42,197,203,0.0,0.0,1,HUMAN
41,197,203,0.0,0.0,1,HUMAN
41,197,203,0.0,0.0,1,HUMAN
41,197,203,0.0,0.0,1,HUMAN
41,197,203,0.0,0.0,1,HUMAN
41,197,203,0.0,0.0,1,HUMAN
41,197,203,0.0,0.0,1,HUMAN
41,198,203,0.0,0.0,1,HUMAN
41,198,58,0.0,0.0,1,HUMAN
41,198,58,0.0,0.0,1,HUMAN
41,197,58,0.0,0.0,1,HUMAN
41,197,203,0.0,0.0,1,HUMAN
42,197,203,0.0,0.0,1,HUMAN
42,197,203,0.0,0.0,1,HUMAN
42,197,203,0.0,0.0,1,HUMAN
42,197,203,0.0,0.0,1,HUMAN
42,197,203,0.0,0.0,1,HUMAN
42,197,203,0.0,0.0,1,HUMAN
42,197,203,0.0,0.0,1,HUMAN
42,197,203,0.0,0.0,1,HUMAN
42,197,203,0.0,0.0,1,HUMAN
42,197,203,0.0,0.0,1,HUMAN
42,197,203,0.0,0.0,1,HUMAN
42,197,203,0.0,0.0,1,HUMAN
42,197,203,0.0,0.0,1,HUMAN
42,197,203,0.0,0.0,1,HUMAN
42,197,203,0.0,0.0,1,HUMAN
42,197,203,0.0,0.0,1,HUMAN
42,197,203,0.0,0.0,1,HUMAN
42,197,203,0.0,0.0,1,HUMAN
42,198,203,0.0,0.0,1,HUMAN
42,198,203,0.0,0.0,1,HUMAN
42,198,203,0.0,0.0,1,HUMAN
42,197,203,0.0,0.0,1,HUMAN
42,197,203,0.0,0.0,1,HUMAN
42,197,203,0.0,0.0,1,HUMAN
42,197,203,0.0,0.0,1,HUMAN
42,197,203,0.0,0.0,1,HUMAN
42,197,203,0.0,0.0,1,HUMAN
42,197,203,0.0,0.0,1,HUMAN
42,197,203,0.0,0.0,1,HUMAN
42,197,203,0.0,0.0,1,HUMAN
42,197,203,0.0,0.0,1,HUMAN
42,197,203,0.0,0.0,1,HUMAN
42,197,203,0.0,0.0,1,HUMAN
42,197,203,0.0,0.0,1,HUMAN
42,197,203,0.0,0.0,1,HUMAN
42,197,203,0.0,0.0,1,HUMAN
42,197,203,0.0,0.0,1,HUMAN
42,197,203,0.0,0.0,1,HUMAN
42,197,203,0.0,0.0,1,HUMAN
42,197,203,0.0,0.0,1,HUMAN
42,197,203,0.0,0.0,1,HUMAN
42,197,203,0.0,0.0,1,HUMAN
42,197,203,0.0,0.0,1,HUMAN
42,197,203,0.0,0.0,1,HUMAN
42,197,203,0.0,0.0,1,HUMAN
42,197,203,0.0,0.0,1,HUMAN
42,197,203,0.0,0.0,1,HUMAN
42,197,203,0.0,0.0,1,HUMAN
42,197,203,0.0,0.0,1,HUMAN
42,197,203,0.0,0.0,1,HUMAN
42,197,203,0.0,0.0,1,HUMAN
42,197,203,0.0,0.0,1,HUMAN
42,197,203,0.0,0.0,1,HUMAN
42,197,203,0.0,0.0,1,HUMAN
42,197,203,0.0,0.0,1,HUMAN
42,197,203,0.0,0.0,1,HUMAN
42,197,203,0.0,0.0,1,HUMAN
42,197,203,0.0,0.0,1,HUMAN
42,197,203,0.0,0.0,1,HUMAN
42,197,203,0.0,0.0,1,HUMAN
42,197,203,0.0,0.0,1,HUMAN
42,197,203,0.0,0.0,1,HUMAN
42,197,203,0.0,0.0,1,HUMAN
42,197,203,0.0,0.0,1,HUMAN
42,197,203,0.0,0.0,1,HUMAN
42,197,203,0.0,0.0,1,HUMAN
42,197,203,0.0,0.0,1,HUMAN
7,20,80,0.0,0.0,2,RULE
7,20,80,0.0,0.0,2,RULE
7,20,80,0.0,0.0,2,RULE
7,20,80,0.0,0.0,2,RULE
7,20,80,0.0,0.0,2,RULE
7,20,80,0.0,0.0,2,RULE
7,20,80,0.0,0.0,2,RULE
7,19,64,0.0,0.0,2,RULE
7,19,50,0.0,0.0,2,RULE
6,19,50,0.0,0.0,2,RULE
6,20,50,0.0,0.0,2,RULE
6,20,3,0.0,0.0,2,RULE
6,19,50,0.0,0.0,2,RULE
6,19,49,0.0,0.0,2,RULE
6,19,49,0.0,0.0,2,RULE
6,19,49,0.0,0.0,2,RULE
6,19,49,0.0,0.0,2,RULE
6,19,49,0.0,0.0,2,RULE
6,19,49,0.0,0.0,2,RULE
6,19,50,0.0,0.0,2,RULE
6,19,50,0.0,0.0,2,RULE
6,3,34,0.0,0.0,2,RULE
6,19,45,0.0,0.0,2,RULE
6,19,45,0.0,0.0,2,RULE
6,19,45,0.0,0.0,2,RULE
6,19,50,0.0,0.0,2,RULE
6,19,16,0.0,0.0,2,RULE
6,20,50,0.0,0.0,2,RULE
6,20,50,0.0,0.0,2,RULE
6,20,50,0.0,0.0,2,RULE
6,19,50,0.0,0.0,4,RULE
6,19,50,0.0,0.0,4,RULE
6,19,50,0.0,0.0,4,RULE
6,19,50,0.0,0.0,4,RULE
6,19,50,0.0,0.0,4,RULE
255,20,49,0.0,0.0,3,RULE
160,3,80,180.0,0.0,3,RULE
56,29,80,0.0,0.0,3,RULE
56,22,80,120.0,0.0,3,RULE
56,17,65,120.0,0.0,3,RULE
57,16,65,240.0,0.0,3,RULE
57,16,65,300.0,0.0,3,RULE
57,18,80,150.0,0.0,3,RULE
61,17,80,0.0,0.0,1,RULE
9,17,80,0.0,0.0,1,HUMAN
9,16,80,0.0,0.0,1,HUMAN
9,16,58,0.0,0.0,1,HUMAN
8,16,58,0.0,0.0,1,HUMAN
8,16,58,0.0,0.0,1,HUMAN
8,16,57,0.0,0.0,1,HUMAN
8,16,57,0.0,0.0,1,HUMAN
8,16,57,0.0,0.0,1,HUMAN
8,16,57,0.0,0.0,1,HUMAN
8,16,57,0.0,0.0,1,HUMAN
8,16,57,0.0,0.0,1,HUMAN
8,16,58,0.0,0.0,1,HUMAN
8,16,58,0.0,0.0,1,HUMAN
8,16,58,0.0,0.0,1,HUMAN
8,16,57,0.0,0.0,1,HUMAN
8,16,57,0.0,0.0,1,HUMAN
8,16,57,0.0,0.0,1,HUMAN
8,16,57,0.0,0.0,1,HUMAN
8,16,57,0.0,0.0,1,HUMAN
8,16,57,0.0,0.0,2,RULE
8,16,57,0.0,0.0,2,RULE
6,16,57,0.0,0.0,2,RULE
6,16,56,0.0,0.0,2,RULE
6,16,56,0.0,0.0,2,RULE
6,16,56,0.0,0.0,2,RULE
6,16,56,0.0,0.0,2,RULE
6,16,56,0.0,0.0,2,RULE
6,16,56,0.0,0.0,2,RULE
6,16,57,0.0,0.0,2,RULE
6,16,57,0.0,0.0,2,RULE
6,16,57,0.0,0.0,2,RULE
6,16,56,0.0,0.0,2,RULE
6,16,56,0.0,0.0,2,RULE
108,17,69,0.0,0.0,1,HUMAN
108,17,56,0.0,0.0,1,HUMAN
108,17,56,0.0,0.0,1,HUMAN
108,16,56,0.0,0.0,1,HUMAN
108,16,56,0.0,0.0,1,HUMAN
108,16,56,0.0,0.0,1,HUMAN
108,16,56,0.0,0.0,1,HUMAN
108,16,70,0.0,0.0,1,HUMAN
108,16,70,0.0,0.0,1,HUMAN
108,16,70,0.0,0.0,1,HUMAN
108,16,56,0.0,0.0,1,HUMAN
108,16,56,0.0,0.0,1,HUMAN
108,16,57,0.0,0.0,1,HUMAN
108,16,57,0.0,0.0,1,HUMAN
108,16,57,0.0,0.0,1,HUMAN
108,16,56,0.0,0.0,1,HUMAN
108,16,56,0.0,0.0,1,HUMAN
108,16,56,0.0,0.0,1,HUMAN
108,16,56,0.0,0.0,1,HUMAN
108,16,56,0.0,0.0,1,HUMAN
108,16,56,0.0,0.0,1,HUMAN
108,16,56,0.0,0.0,1,HUMAN
108,16,56,0.0,0.0,1,HUMAN
108,16,56,0.0,0.0,1,HUMAN
108,16,70,0.0,0.0,1,HUMAN
108,16,70,0.0,0.0,1,HUMAN
108,16,70,0.0,0.0,1,HUMAN
108,16,70,0.0,0.0,1,HUMAN
108,16,70,0.0,0.0,1,HUMAN
108,16,70,0.0,0.0,1,HUMAN
108,16,56,0.0,0.0,1,HUMAN
108,16,56,0.0,0.0,1,HUMAN
108,16,56,0.0,0.0,1,HUMAN
108,16,56,0.0,0.0,1,HUMAN
108,16,56,0.0,0.0,1,HUMAN
108,16,56,0.0,0.0,1,HUMAN
108,16,56,0.0,0.0,1,HUMAN
108,16,56,0.0,0.0,1,HUMAN
108,16,56,0.0,0.0,1,HUMAN
108,16,56,0.0,0.0,1,HUMAN
108,16,56,0.0,0.0,1,HUMAN
108,16,56,0.0,0.0,1,HUMAN
108,16,56,0.0,0.0,1,HUMAN
108,16,56,0.0,0.0,1,HUMAN
108,16,57,0.0,0.0,1,HUMAN
108,16,57,0.0,0.0,1,HUMAN
108,16,57,0.0,0.0,1,HUMAN
108,16,57,0.0,0.0,1,HUMAN
108,16,57,0.0,0.0,1,HUMAN
108,16,57,0.0,0.0,1,HUMAN
108,17,57,0.0,0.0,1,HUMAN
108,17,69,0.0,0.0,1,HUMAN
108,17,69,0.0,0.0,1,HUMAN
108,16,70,0.0,0.0,1,HUMAN
108,16,70,0.0,0.0,1,HUMAN
108,16,70,0.0,0.0,1,HUMAN
108,16,70,0.0,0.0,1,HUMAN
108,16,70,0.0,0.0,1,HUMAN
108,16,70,0.0,0.0,1,HUMAN
108,16,57,0.0,0.0,1,HUMAN
108,16,57,0.0,0.0,1,HUMAN
108,16,57,0.0,0.0,1,HUMAN
108,16,56,0.0,0.0,1,HUMAN
108,16,56,0.0,0.0,1,HUMAN
108,16,56,0.0,0.0,1,HUMAN
108,16,56,0.0,0.0,1,HUMAN
108,16,56,0.0,0.0,1,HUMAN
108,16,56,0.0,0.0,1,HUMAN
108,16,57,0.0,0.0,1,HUMAN
108,16,57,0.0,0.0,1,HUMAN
108,16,57,0.0,0.0,1,HUMAN
108,16,56,0.0,0.0,1,HUMAN
108,16,56,0.0,0.0,1,HUMAN
108,16,70,0.0,0.0,1,HUMAN
108,16,70,0.0,0.0,1,HUMAN
108,16,70,0.0,0.0,1,HUMAN
108,16,70,0.0,0.0,1,HUMAN
108,16,57,0.0,0.0,1,HUMAN
108,16,57,0.0,0.0,1,HUMAN
108,16,70,0.0,0.0,1,HUMAN
108,16,70,0.0,0.0,1,HUMAN
108,16,70,0.0,0.0,1,HUMAN
108,16,56,0.0,0.0,1,HUMAN
108,16,56,0.0,0.0,1,HUMAN
108,16,56,0.0,0.0,1,HUMAN
108,16,70,0.0,0.0,1,HUMAN
108,16,70,0.0,0.0,1,HUMAN
108,16,70,0.0,0.0,1,HUMAN
108,16,57,0.0,0.0,1,HUMAN
108,16,57,0.0,0.0,1,HUMAN
108,16,57,0.0,0.0,1,HUMAN
108,16,57,0.0,0.0,1,HUMAN
108,16,57,0.0,0.0,1,HUMAN
108,16,70,0.0,0.0,1,HUMAN
108,16,70,0.0,0.0,1,HUMAN
108,16,70,0.0,0.0,1,HUMAN
108,16,56,0.0,0.0,1,HUMAN
108,16,56,0.0,0.0,1,HUMAN
108,16,56,0.0,0.0,1,HUMAN
108,16,70,0.0,0.0,1,HUMAN
108,16,70,0.0,0.0,1,HUMAN
108,16,70,0.0,0.0,1,HUMAN
108,16,57,0.0,0.0,1,HUMAN
108,16,57,0.0,0.0,1,HUMAN
108,16,57,0.0,0.0,1,HUMAN
108,16,70,0.0,0.0,1,HUMAN
108,16,70,0.0,0.0,1,HUMAN
108,16,70,0.0,0.0,1,HUMAN
108,16,70,0.0,0.0,1,HUMAN
108,16,70,0.0,0.0,1,HUMAN
108,16,70,0.0,0.0,1,HUMAN
108,16,70,0.0,0.0,1,HUMAN
108,16,70,0.0,0.0,1,HUMAN
108,16,57,0.0,0.0,1,HUMAN
108,16,57,0.0,0.0,1,HUMAN
108,16,57,0.0,0.0,1,HUMAN
108,16,70,0.0,0.0,1,HUMAN
108,16,70,0.0,0.0,1,HUMAN
108,16,70,0.0,0.0,1,HUMAN
108,16,68,0.0,0.0,1,HUMAN
108,16,68,0.0,0.0,1,HUMAN
108,17,68,0.0,0.0,1,HUMAN
108,17,70,0.0,0.0,1,HUMAN
108,17,70,0.0,0.0,1,HUMAN
108,17,70,0.0,0.0,1,HUMAN
108,16,56,0.0,0.0,1,HUMAN
108,16,56,0.0,0.0,1,HUMAN
108,16,56,0.0,0.0,1,HUMAN
108,16,56,0.0,0.0,1,HUMAN
108,16,56,0.0,0.0,1,HUMAN
108,16,56,0.0,0.0,1,HUMAN
108,16,56,0.0,0.0,1,HUMAN
108,16,56,0.0,0.0,1,HUMAN
108,16,56,0.0,0.0,1,HUMAN
108,16,56,0.0,0.0,1,HUMAN
108,16,56,0.0,0.0,1,HUMAN
108,16,56,0.0,0.0,1,HUMAN
108,16,56,0.0,0.0,1,HUMAN
108,16,56,0.0,0.0,1,HUMAN
108,16,70,0.0,0.0,1,HUMAN
108,16,70,0.0,0.0,1,HUMAN
108,16,70,0.0,0.0,1,HUMAN
108,16,70,0.0,0.0,1,HUMAN
108,16,70,0.0,0.0,1,HUMAN
108,16,70,0.0,0.0,1,HUMAN
108,16,70,0.0,0.0,1,HUMAN
108,16,70,0.0,0.0,1,HUMAN
108,16,70,0.0,0.0,1,HUMAN
108,16,70,0.0,0.0,1,HUMAN
108,16,70,0.0,0.0,1,HUMAN
108,16,70,0.0,0.0,1,HUMAN
108,16,57,0.0,0.0,1,HUMAN
108,16,57,0.0,0.0,1,HUMAN
108,16,70,0.0,0.0,1,HUMAN
108,16,70,0.0,0.0,1,HUMAN
108,56,70,0.0,0.0,1,HUMAN
108,56,67,0.0,0.0,1,HUMAN
108,56,67,0.0,0.0,1,HUMAN
108,38,67,0.0,0.0,1,HUMAN
108,38,69,0.0,0.0,1,HUMAN
108,38,69,0.0,0.0,1,HUMAN
108,33,69,0.0,0.0,1,HUMAN
108,33,36,0.0,0.0,1,HUMAN
108,33,36,0.0,0.0,1,HUMAN
108,32,36,0.0,0.0,1,HUMAN
108,32,36,0.0,0.0,1,HUMAN
108,32,36,0.0,0.0,1,HUMAN
108,32,36,0.0,0.0,1,HUMAN
108,32,36,0.0,0.0,1,HUMAN
108,32,36,0.0,0.0,1,HUMAN
108,32,36,0.0,0.0,1,HUMAN
108,32,36,0.0,0.0,1,HUMAN
108,32,36,0.0,0.0,1,HUMAN
108,32,36,0.0,0.0,1,HUMAN
108,32,36,0.0,0.0,1,HUMAN
108,32,36,0.0,0.0,1,HUMAN
108,32,36,0.0,0.0,1,HUMAN
108,32,36,0.0,0.0,1,HUMAN
108,32,36,0.0,0.0,1,HUMAN
108,32,36,0.0,0.0,1,HUMAN
108,32,36,0.0,0.0,1,HUMAN
108,32,36,0.0,0.0,1,HUMAN
108,32,36,0.0,0.0,1,HUMAN
108,32,36,0.0,0.0,1,HUMAN
108,32,36,0.0,0.0,1,HUMAN
108,32,36,0.0,0.0,1,HUMAN
108,32,36,0.0,0.0,1,HUMAN
108,32,36,0.0,0.0,1,HUMAN
108,32,36,0.0,0.0,1,HUMAN
108,32,36,0.0,0.0,1,HUMAN
108,32,36,0.0,0.0,1,HUMAN
108,32,36,0.0,0.0,1,HUMAN
108,32,36,0.0,0.0,1,HUMAN
108,32,36,0.0,0.0,1,HUMAN
108,32,36,0.0,0.0,1,HUMAN
108,32,36,0.0,0.0,1,HUMAN
108,32,36,0.0,0.0,1,HUMAN
108,32,36,0.0,0.0,1,HUMAN
108,32,36,0.0,0.0,1,HUMAN
108,32,36,0.0,0.0,1,HUMAN
108,32,36,0.0,0.0,1,HUMAN
108,32,36,0.0,0.0,1,HUMAN
108,32,36,0.0,0.0,1,HUMAN
108,32,36,0.0,0.0,1,HUMAN
108,32,36,0.0,0.0,1,HUMAN
108,32,36,0.0,0.0,1,HUMAN
108,32,36,0.0,0.0,1,HUMAN
108,32,36,0.0,0.0,1,HUMAN
108,32,36,0.0,0.0,1,HUMAN
108,32,36,0.0,0.0,1,HUMAN
108,32,36,0.0,0.0,1,HUMAN
108,32,36,0.0,0.0,1,HUMAN
108,32,36,0.0,0.0,1,HUMAN
108,32,36,0.0,0.0,1,HUMAN
108,32,36,0.0,0.0,1,HUMAN
108,32,36,0.0,0.0,1,HUMAN
108,32,36,0.0,0.0,1,HUMAN
108,32,36,0.0,0.0,1,HUMAN
108,32,36,0.0,0.0,1,HUMAN
108,32,36,0.0,0.0,1,HUMAN
108,32,36,0.0,0.0,1,HUMAN
108,32,36,0.0,0.0,1,HUMAN
108,32,36,0.0,0.0,1,HUMAN
108,32,36,0.0,0.0,1,HUMAN
108,32,36,0.0,0.0,1,HUMAN
108,32,36,0.0,0.0,1,HUMAN
108,32,36,0.0,0.0,1,HUMAN
108,32,36,0.0,0.0,1,HUMAN
108,32,36,0.0,0.0,1,HUMAN
108,32,36,0.0,0.0,1,HUMAN
108,32,36,0.0,0.0,1,HUMAN
108,32,36,0.0,0.0,1,HUMAN
108,32,36,0.0,0.0,1,HUMAN
108,32,36,0.0,0.0,1,HUMAN
108,32,36,0.0,0.0,1,HUMAN
108,32,36,0.0,0.0,1,HUMAN
108,32,36,0.0,0.0,1,HUMAN
108,32,36,0.0,0.0,1,HUMAN
108,32,36,0.0,0.0,1,HUMAN
108,32,36,0.0,0.0,1,HUMAN
108,32,36,0.0,0.0,1,HUMAN
108,33,36,0.0,0.0,1,HUMAN
108,33,255,0.0,0.0,1,HUMAN
108,33,255,0.0,0.0,1,HUMAN
108,65,255,0.0,0.0,1,HUMAN
108,65,69,0.0,0.0,1,HUMAN
108,65,69,0.0,0.0,1,HUMAN
108,65,69,0.0,0.0,1,HUMAN
108,65,69,0.0,0.0,1,HUMAN
108,65,69,0.0,0.0,1,HUMAN
108,65,69,0.0,0.0,1,HUMAN
108,65,69,0.0,0.0,1,HUMAN
108,65,69,0.0,0.0,1,HUMAN
108,67,69,0.0,0.0,1,HUMAN
108,67,69,0.0,0.0,1,HUMAN
108,66,69,0.0,0.0,1,HUMAN
108,66,69,0.0,0.0,1,HUMAN
108,66,69,0.0,0.0,1,HUMAN
108,66,69,0.0,0.0,1,HUMAN
108,66,69,0.0,0.0,1,HUMAN
108,66,69,0.0,0.0,1,HUMAN
108,66,69,0.0,0.0,1,HUMAN
108,66,69,0.0,0.0,1,HUMAN
108,66,69,0.0,0.0,1,HUMAN
108,66,69,0.0,0.0,1,HUMAN
108,66,69,0.0,0.0,1,HUMAN
108,66,69,0.0,0.0,1,HUMAN
108,66,69,0.0,0.0,1,HUMAN
108,66,69,0.0,0.0,1,HUMAN
108,66,69,0.0,0.0,1,HUMAN
108,66,69,0.0,0.0,1,HUMAN
108,66,69,0.0,0.0,1,HUMAN
108,66,69,0.0,0.0,1,HUMAN
108,66,69,0.0,0.0,1,HUMAN
108,66,69,0.0,0.0,1,HUMAN
108,66,69,0.0,0.0,1,HUMAN
108,66,65,0.0,0.0,1,HUMAN
108,66,65,0.0,0.0,1,HUMAN
108,66,65,0.0,0.0,1,HUMAN
108,66,69,0.0,0.0,1,HUMAN
108,66,69,0.0,0.0,1,HUMAN
108,66,69,0.0,0.0,1,HUMAN
108,66,69,0.0,0.0,1,HUMAN
108,66,69,0.0,0.0,1,HUMAN
108,66,69,0.0,0.0,1,HUMAN
108,66,69,0.0,0.0,1,HUMAN
108,66,70,0.0,0.0,1,HUMAN
108,66,70,0.0,0.0,1,HUMAN
108,64,70,0.0,0.0,1,HUMAN
108,64,70,0.0,0.0,1,HUMAN
108,64,70,0.0,0.0,1,HUMAN
108,64,68,0.0,0.0,1,HUMAN
108,64,68,0.0,0.0,1,HUMAN
108,64,68,0.0,0.0,1,HUMAN
108,64,69,0.0,0.0,1,HUMAN
108,65,69,0.0,0.0,1,HUMAN
108,65,70,0.0,0.0,1,HUMAN
108,65,70,0.0,0.0,1,HUMAN
108,64,70,0.0,0.0,1,HUMAN
108,63,70,0.0,0.0,1,HUMAN
108,65,70,0.0,0.0,1,HUMAN
108,65,70,0.0,0.0,1,HUMAN
108,65,70,0.0,0.0,1,HUMAN
108,65,70,0.0,0.0,1,HUMAN
108,65,70,0.0,0.0,1,HUMAN
108,65,70,0.0,0.0,1,HUMAN
108,65,70,0.0,0.0,1,HUMAN
108,65,70,0.0,0.0,1,HUMAN
108,65,70,0.0,0.0,1,HUMAN
3,64,70,0.0,0.0,1,HUMAN
108,65,70,0.0,0.0,1,HUMAN
108,65,70,0.0,0.0,1,HUMAN
108,65,70,0.0,0.0,1,HUMAN
108,65,70,0.0,0.0,1,HUMAN
108,65,70,0.0,0.0,1,HUMAN
108,65,70,0.0,0.0,1,HUMAN
108,64,70,0.0,0.0,1,HUMAN
108,64,70,0.0,0.0,1,HUMAN
108,65,70,0.0,0.0,1,HUMAN
108,65,70,0.0,0.0,1,HUMAN
108,65,70,0.0,0.0,1,HUMAN
108,64,70,0.0,0.0,1,HUMAN
108,64,59,0.0,0.0,1,HUMAN
108,64,59,0.0,0.0,1,HUMAN
108,64,59,0.0,0.0,1,HUMAN
108,64,70,0.0,0.0,1,HUMAN
108,64,70,0.0,0.0,1,HUMAN
108,65,70,0.0,0.0,1,HUMAN
108,65,70,0.0,0.0,1,HUMAN
108,65,70,0.0,0.0,1,HUMAN
108,64,70,0.0,0.0,1,HUMAN
108,64,70,0.0,0.0,1,HUMAN
108,64,70,0.0,0.0,1,HUMAN
108,64,70,0.0,0.0,1,HUMAN
108,64,70,0.0,0.0,1,HUMAN
108,64,70,0.0,0.0,1,HUMAN
108,65,70,0.0,0.0,1,HUMAN
108,65,70,0.0,0.0,1,HUMAN
108,64,70,0.0,0.0,1,HUMAN
108,64,70,0.0,0.0,1,HUMAN
108,64,70,0.0,0.0,1,HUMAN
108,65,70,0.0,0.0,1,HUMAN
108,65,70,0.0,0.0,1,HUMAN
108,65,70,0.0,0.0,1,HUMAN
108,64,70,0.0,0.0,1,HUMAN
108,64,58,0.0,0.0,1,HUMAN
108,64,58,0.0,0.0,1,HUMAN
108,64,58,0.0,0.0,1,HUMAN
108,64,69,0.0,0.0,1,HUMAN
108,64,69,0.0,0.0,1,HUMAN
108,66,69,0.0,0.0,1,HUMAN
108,66,69,0.0,0.0,1,HUMAN
108,66,69,0.0,0.0,1,HUMAN
108,66,69,0.0,0.0,1,HUMAN
108,66,69,0.0,0.0,1,HUMAN
108,66,69,0.0,0.0,1,HUMAN
108,64,69,0.0,0.0,1,HUMAN
108,64,69,0.0,0.0,1,HUMAN
108,67,70,0.0,0.0,1,HUMAN
108,67,69,0.0,0.0,1,HUMAN
108,67,69,0.0,0.0,1,HUMAN
108,65,69,0.0,0.0,1,HUMAN
108,65,69,0.0,0.0,1,HUMAN
108,65,69,0.0,0.0,1,HUMAN
108,65,69,0.0,0.0,1,HUMAN
108,65,69,0.0,0.0,1,HUMAN
108,65,69,0.0,0.0,1,HUMAN
108,66,69,0.0,0.0,1,HUMAN
108,66,69,0.0,0.0,1,HUMAN
108,66,69,0.0,0.0,1,HUMAN
108,64,69,0.0,0.0,1,HUMAN
108,64,70,0.0,0.0,1,HUMAN
108,64,70,0.0,0.0,1,HUMAN
108,66,70,0.0,0.0,1,HUMAN
108,66,69,0.0,0.0,1,HUMAN
108,66,69,0.0,0.0,1,HUMAN
108,66,69,0.0,0.0,1,HUMAN
108,66,69,0.0,0.0,1,HUMAN
108,66,69,0.0,0.0,1,HUMAN
108,66,69,0.0,0.0,1,HUMAN
108,66,69,0.0,0.0,1,HUMAN
108,65,69,0.0,0.0,1,HUMAN
108,65,69,0.0,0.0,1,HUMAN
108,65,69,0.0,0.0,1,HUMAN
108,66,69,0.0,0.0,1,HUMAN
108,66,69,0.0,0.0,1,HUMAN
108,66,69,0.0,0.0,1,HUMAN
108,65,69,0.0,0.0,1,HUMAN
108,65,69,0.0,0.0,1,HUMAN
108,65,69,0.0,0.0,1,HUMAN
108,65,69,0.0,0.0,1,HUMAN
108,65,69,0.0,0.0,1,HUMAN
108,65,69,0.0,0.0,1,HUMAN
108,65,69,0.0,0.0,1,HUMAN
108,65,70,0.0,0.0,1,HUMAN
108,65,70,0.0,0.0,1,HUMAN
108,66,69,0.0,0.0,1,HUMAN
108,66,69,0.0,0.0,1,HUMAN
108,65,69,0.0,0.0,1,HUMAN
108,65,69,0.0,0.0,1,HUMAN
108,65,69,0.0,0.0,1,HUMAN
108,66,69,0.0,0.0,1,HUMAN
108,66,69,0.0,0.0,1,HUMAN
108,66,69,0.0,0.0,1,HUMAN
108,66,69,0.0,0.0,1,HUMAN
108,65,70,0.0,0.0,1,HUMAN
108,65,70,0.0,0.0,1,HUMAN
108,65,70,0.0,0.0,1,HUMAN
108,65,69,0.0,0.0,1,HUMAN
108,65,69,0.0,0.0,1,HUMAN
108,65,69,0.0,0.0,1,HUMAN
108,65,69,0.0,0.0,1,HUMAN
108,65,69,0.0,0.0,1,HUMAN
108,65,69,0.0,0.0,1,HUMAN
108,65,69,0.0,0.0,1,HUMAN
108,65,69,0.0,0.0,1,HUMAN
108,65,69,0.0,0.0,1,HUMAN
108,65,70,0.0,0.0,1,HUMAN
108,65,70,0.0,0.0,1,HUMAN
108,65,70,0.0,0.0,1,HUMAN
108,65,70,0.0,0.0,1,HUMAN
108,65,70,0.0,0.0,1,HUMAN
108,65,70,0.0,0.0,1,HUMAN
108,65,70,0.0,0.0,1,HUMAN
108,65,70,0.0,0.0,1,HUMAN
108,65,69,0.0,0.0,1,HUMAN
108,65,69,0.0,0.0,1,HUMAN
108,65,69,0.0,0.0,1,HUMAN
108,65,69,0.0,0.0,1,HUMAN
108,65,70,0.0,0.0,1,HUMAN
108,65,70,0.0,0.0,1,HUMAN
108,65,69,0.0,0.0,1,HUMAN
108,65,69,0.0,0.0,1,HUMAN
108,65,69,0.0,0.0,1,HUMAN
108,65,69,0.0,0.0,1,HUMAN
108,65,69,0.0,0.0,1,HUMAN
108,65,69,0.0,0.0,1,HUMAN
108,65,69,0.0,0.0,1,HUMAN
108,65,69,0.0,0.0,1,HUMAN
108,65,70,0.0,0.0,1,HUMAN
108,65,70,0.0,0.0,1,HUMAN
108,65,70,0.0,0.0,1,HUMAN
108,65,70,0.0,0.0,1,HUMAN
108,65,70,0.0,0.0,1,HUMAN
108,65,70,0.0,0.0,1,HUMAN
108,65,69,0.0,0.0,1,HUMAN
108,65,69,0.0,0.0,1,HUMAN
108,66,69,0.0,0.0,1,HUMAN
108,66,70,0.0,0.0,1,HUMAN
108,66,70,0.0,0.0,1,HUMAN
108,66,70,0.0,0.0,1,HUMAN
108,65,70,0.0,0.0,1,HUMAN
108,65,70,0.0,0.0,1,HUMAN
108,65,70,0.0,0.0,1,HUMAN
108,65,70,0.0,0.0,1,HUMAN
108,65,70,0.0,0.0,1,HUMAN
108,65,70,0.0,0.0,1,HUMAN
108,65,69,0.0,0.0,1,HUMAN
108,65,69,0.0,0.0,1,HUMAN
108,65,69,0.0,0.0,1,HUMAN
108,65,69,0.0,0.0,1,HUMAN
108,65,69,0.0,0.0,1,HUMAN
108,65,69,0.0,0.0,1,HUMAN
108,65,69,0.0,0.0,1,HUMAN
108,65,69,0.0,0.0,1,HUMAN
108,65,70,0.0,0.0,1,HUMAN
108,65,70,0.0,0.0,1,HUMAN
108,65,70,0.0,0.0,1,HUMAN
108,65,70,0.0,0.0,1,HUMAN
108,65,70,0.0,0.0,1,HUMAN
108,66,70,0.0,0.0,1,HUMAN
108,66,63,0.0,0.0,1,HUMAN
108,66,63,0.0,0.0,1,HUMAN
108,67,63,0.0,0.0,1,HUMAN
108,67,63,0.0,0.0,1,HUMAN
108,67,69,0.0,0.0,1,HUMAN
108,65,69,0.0,0.0,1,HUMAN
108,65,69,0.0,0.0,1,HUMAN
108,65,69,0.0,0.0,1,HUMAN
108,65,69,0.0,0.0,1,HUMAN
108,65,69,0.0,0.0,1,HUMAN
108,66,69,0.0,0.0,1,HUMAN
108,66,69,0.0,0.0,1,HUMAN
108,66,69,0.0,0.0,1,HUMAN
108,66,69,0.0,0.0,1,HUMAN
108,66,70,0.0,0.0,1,HUMAN
108,66,70,0.0,0.0,1,HUMAN
108,66,70,0.0,0.0,1,HUMAN
108,66,70,0.0,0.0,1,HUMAN
108,66,70,0.0,0.0,1,HUMAN
108,66,70,0.0,0.0,1,HUMAN
108,66,70,0.0,0.0,1,HUMAN
108,66,70,0.0,0.0,1,HUMAN
108,66,70,0.0,0.0,1,HUMAN
108,66,70,0.0,0.0,1,HUMAN
108,66,70,0.0,0.0,1,HUMAN
108,66,70,0.0,0.0,1,HUMAN
108,66,70,0.0,0.0,1,HUMAN
108,65,70,0.0,0.0,1,HUMAN
108,65,70,0.0,0.0,1,HUMAN
108,65,70,0.0,0.0,1,HUMAN
108,65,70,0.0,0.0,1,HUMAN
108,65,70,0.0,0.0,1,HUMAN
108,65,70,0.0,0.0,1,HUMAN
108,65,70,0.0,0.0,1,HUMAN
108,65,70,0.0,0.0,1,HUMAN
108,65,70,0.0,0.0,1,HUMAN
108,65,70,0.0,0.0,1,HUMAN
108,65,70,0.0,0.0,1,HUMAN
108,65,70,0.0,0.0,1,HUMAN
108,65,70,0.0,0.0,1,HUMAN
108,65,70,0.0,0.0,1,HUMAN
108,65,70,0.0,0.0,1,HUMAN
108,65,70,0.0,0.0,1,HUMAN
108,65,70,0.0,0.0,1,HUMAN
108,65,70,0.0,0.0,1,HUMAN
108,65,70,0.0,0.0,1,HUMAN
108,65,70,0.0,0.0,1,HUMAN
108,66,70,0.0,0.0,1,HUMAN
108,66,70,0.0,0.0,1,HUMAN
108,66,70,0.0,0.0,1,HUMAN
108,66,70,0.0,0.0,1,HUMAN
108,64,69,0.0,0.0,1,HUMAN
108,64,69,0.0,0.0,1,HUMAN
108,65,69,0.0,0.0,1,HUMAN
108,65,69,0.0,0.0,1,HUMAN
108,65,69,0.0,0.0,1,HUMAN
108,65,69,0.0,0.0,1,HUMAN
108,65,69,0.0,0.0,1,HUMAN
108,65,69,0.0,0.0,1,HUMAN
108,65,69,0.0,0.0,1,HUMAN
108,65,69,0.0,0.0,1,HUMAN
108,65,69,0.0,0.0,1,HUMAN
108,65,69,0.0,0.0,1,HUMAN
108,65,69,0.0,0.0,1,HUMAN
108,65,69,0.0,0.0,1,HUMAN
108,65,69,0.0,0.0,1,HUMAN
108,65,69,0.0,0.0,1,HUMAN
108,65,69,0.0,0.0,1,HUMAN
108,65,69,0.0,0.0,1,HUMAN
108,65,69,0.0,0.0,1,HUMAN
108,65,69,0.0,0.0,1,HUMAN
108,65,68,0.0,0.0,1,HUMAN
108,65,68,0.0,0.0,1,HUMAN
108,64,68,0.0,0.0,1,HUMAN
108,64,5,0.0,0.0,1,HUMAN
108,64,69,0.0,0.0,1,HUMAN
108,65,69,0.0,0.0,1,HUMAN
108,65,69,0.0,0.0,1,HUMAN
108,65,69,0.0,0.0,1,HUMAN
108,65,69,0.0,0.0,1,HUMAN
108,65,69,0.0,0.0,1,HUMAN
108,65,69,0.0,0.0,1,HUMAN
108,64,69,0.0,0.0,1,HUMAN
108,64,69,0.0,0.0,1,HUMAN
108,64,69,0.0,0.0,1,HUMAN
108,65,69,0.0,0.0,1,HUMAN
108,65,69,0.0,0.0,1,HUMAN
108,66,69,0.0,0.0,1,HUMAN
108,66,69,0.0,0.0,1,HUMAN
108,66,69,0.0,0.0,1,HUMAN
108,65,69,0.0,0.0,1,HUMAN
108,65,69,0.0,0.0,1,HUMAN
108,65,69,0.0,0.0,1,HUMAN
108,65,69,0.0,0.0,1,HUMAN
108,65,60,0.0,0.0,1,HUMAN
108,65,60,0.0,0.0,1,HUMAN
108,64,24,0.0,0.0,1,HUMAN
108,64,24,0.0,0.0,1,HUMAN
108,64,24,0.0,0.0,1,HUMAN
108,64,24,0.0,0.0,1,HUMAN
108,64,24,0.0,0.0,1,HUMAN
108,64,69,0.0,0.0,1,HUMAN
108,64,69,0.0,0.0,1,HUMAN
108,65,69,0.0,0.0,1,HUMAN
108,65,69,0.0,0.0,1,HUMAN
108,65,69,0.0,0.0,1,HUMAN
108,65,69,0.0,0.0,1,HUMAN
108,65,68,0.0,0.0,1,HUMAN
108,64,68,0.0,0.0,1,HUMAN
108,64,69,0.0,0.0,1,HUMAN
108,64,69,0.0,0.0,1,HUMAN
108,65,69,0.0,0.0,1,HUMAN
108,65,69,0.0,0.0,1,HUMAN
108,65,69,0.0,0.0,1,HUMAN
108,64,69,0.0,0.0,1,HUMAN
108,64,68,0.0,0.0,1,HUMAN
108,64,68,0.0,0.0,1,HUMAN
108,65,68,0.0,0.0,1,HUMAN
108,65,69,0.0,0.0,1,HUMAN
108,65,69,0.0,0.0,1,HUMAN
108,65,69,0.0,0.0,1,HUMAN
108,65,68,0.0,0.0,1,HUMAN
108,65,68,0.0,0.0,1,HUMAN
108,65,68,0.0,0.0,1,HUMAN
108,65,69,0.0,0.0,1,HUMAN
108,65,69,0.0,0.0,1,HUMAN
108,65,69,0.0,0.0,1,HUMAN
108,65,69,0.0,0.0,1,HUMAN
108,65,69,0.0,0.0,1,HUMAN
108,65,69,0.0,0.0,1,HUMAN
108,65,69,0.0,0.0,1,HUMAN
108,65,69,0.0,0.0,1,HUMAN
108,65,69,0.0,0.0,1,HUMAN
108,65,69,0.0,0.0,1,HUMAN
108,67,69,0.0,0.0,1,HUMAN
108,67,69,0.0,0.0,1,HUMAN
108,67,69,0.0,0.0,1,HUMAN
108,65,69,0.0,0.0,1,HUMAN
108,65,70,0.0,0.0,1,HUMAN
108,65,70,0.0,0.0,1,HUMAN
108,65,70,0.0,0.0,1,HUMAN
108,65,71,0.0,0.0,1,HUMAN
108,65,71,0.0,0.0,1,HUMAN
108,64,71,0.0,0.0,1,HUMAN
8,3,68,0.0,0.0,2,RULE
108,64,68,0.0,0.0,2,RULE
108,65,68,0.0,0.0,2,RULE
108,65,69,0.0,0.0,2,RULE
108,1,68,0.0,0.0,2,RULE
108,65,69,0.0,0.0,3,RULE
108,65,69,0.0,0.0,3,RULE
108,65,69,0.0,0.0,3,RULE
108,65,68,0.0,0.0,3,RULE
108,65,68,0.0,0.0,3,RULE
108,65,68,0.0,0.0,3,RULE
108,65,68,0.0,0.0,3,RULE
108,65,69,0.0,0.0,1,HUMAN
108,65,69,0.0,0.0,1,HUMAN
108,65,69,0.0,0.0,1,HUMAN
108,65,70,0.0,0.0,1,HUMAN
108,65,70,0.0,0.0,1,HUMAN
108,65,70,0.0,0.0,1,HUMAN
108,65,70,30.0,0.0,1,HUMAN
108,66,70,90.0,0.0,1,HUMAN
108,66,67,90.0,0.0,1,HUMAN
108,66,67,90.0,0.0,1,HUMAN
108,38,67,0.0,0.0,1,HUMAN
108,38,64,0.0,0.0,1,HUMAN
108,38,64,0.0,0.0,1,HUMAN
108,97,64,0.0,0.0,1,HUMAN
108,97,64,0.0,0.0,1,HUMAN
108,97,64,0.0,0.0,1,HUMAN
108,80,64,0.0,0.0,1,HUMAN
108,80,63,0.0,0.0,1,HUMAN
108,80,63,0.0,0.0,1,HUMAN
108,96,63,0.0,0.0,1,HUMAN
108,96,63,0.0,0.0,1,HUMAN
108,96,63,0.0,0.0,1,HUMAN
108,39,63,0.0,0.0,1,HUMAN
108,39,40,0.0,0.0,1,HUMAN
108,39,40,0.0,0.0,1,HUMAN
108,32,40,0.0,0.0,1,HUMAN
108,32,39,0.0,0.0,1,HUMAN
108,32,39,0.0,0.0,1,HUMAN
108,32,36,0.0,0.0,1,HUMAN
108,32,36,0.0,0.0,1,HUMAN
108,32,36,0.0,0.0,1,HUMAN
108,32,39,0.0,0.0,1,HUMAN
108,32,39,0.0,0.0,1,HUMAN
108,32,39,0.0,0.0,1,HUMAN
108,32,39,0.0,0.0,1,HUMAN
108,32,39,0.0,0.0,1,HUMAN
108,32,39,0.0,0.0,1,HUMAN
108,32,39,0.0,0.0,1,HUMAN
108,32,39,0.0,0.0,1,HUMAN
108,32,39,0.0,0.0,1,HUMAN
108,32,107,0.0,0.0,1,HUMAN
108,32,107,0.0,0.0,1,HUMAN
108,32,107,0.0,0.0,1,HUMAN
108,32,39,0.0,0.0,1,HUMAN
108,32,39,0.0,0.0,1,HUMAN
108,32,39,0.0,0.0,1,HUMAN
108,32,36,0.0,0.0,1,HUMAN
108,32,36,30.0,0.0,1,HUMAN
108,32,36,0.0,0.0,1,HUMAN
108,32,36,0.0,0.0,1,HUMAN
108,32,36,0.0,0.0,1,HUMAN
108,32,36,0.0,0.0,1,HUMAN
108,32,36,0.0,0.0,1,HUMAN
108,32,36,0.0,0.0,1,HUMAN
108,32,39,0.0,0.0,1,HUMAN
108,32,39,0.0,0.0,1,HUMAN
108,32,39,0.0,0.0,1,HUMAN
108,32,39,0.0,0.0,1,HUMAN
108,32,39,0.0,0.0,1,HUMAN
108,32,39,0.0,0.0,1,HUMAN
108,32,38,0.0,0.0,1,HUMAN
108,32,38,0.0,0.0,1,HUMAN
108,32,38,0.0,0.0,1,HUMAN
108,32,38,0.0,0.0,1,HUMAN
108,32,38,0.0,0.0,1,HUMAN
108,32,38,0.0,0.0,1,HUMAN
108,32,36,0.0,0.0,1,HUMAN
108,32,36,0.0,0.0,1,HUMAN
108,32,39,0.0,0.0,1,HUMAN
108,32,39,0.0,0.0,1,HUMAN
108,32,39,0.0,0.0,1,HUMAN
108,32,39,0.0,0.0,1,HUMAN
108,32,39,0.0,0.0,1,HUMAN
108,32,39,0.0,0.0,1,HUMAN
108,32,39,0.0,0.0,1,HUMAN
108,32,39,0.0,0.0,1,HUMAN
108,32,39,0.0,0.0,1,HUMAN
108,32,39,0.0,0.0,1,HUMAN
108,32,39,0.0,0.0,1,HUMAN
108,32,39,0.0,0.0,1,HUMAN
108,32,39,0.0,0.0,1,HUMAN
108,32,39,0.0,0.0,1,HUMAN
108,32,39,0.0,0.0,1,HUMAN
108,32,39,0.0,0.0,1,HUMAN
108,32,39,0.0,0.0,1,HUMAN
108,32,39,0.0,0.0,1,HUMAN
108,32,39,0.0,0.0,1,HUMAN
108,32,39,0.0,0.0,1,HUMAN
108,32,39,0.0,0.0,1,HUMAN
108,32,39,0.0,0.0,1,HUMAN
108,32,39,0.0,0.0,1,HUMAN
108,32,36,0.0,0.0,1,HUMAN
108,32,36,0.0,0.0,1,HUMAN
108,32,36,0.0,0.0,1,HUMAN
108,32,36,0.0,0.0,1,HUMAN
108,32,36,0.0,0.0,1,HUMAN
108,32,36,0.0,0.0,1,HUMAN
108,32,36,0.0,0.0,1,HUMAN
108,32,36,0.0,0.0,1,HUMAN
108,32,36,0.0,0.0,1,HUMAN
108,32,39,0.0,0.0,1,HUMAN
108,32,39,0.0,0.0,1,HUMAN
108,32,39,0.0,0.0,1,HUMAN
108,32,38,0.0,0.0,1,HUMAN
108,32,38,0.0,0.0,1,HUMAN
108,32,38,0.0,0.0,1,HUMAN
108,32,39,0.0,0.0,1,HUMAN
108,32,39,0.0,0.0,1,HUMAN
108,32,38,0.0,0.0,1,HUMAN
108,32,38,0.0,0.0,1,HUMAN
108,32,38,0.0,0.0,1,HUMAN
108,32,39,0.0,0.0,1,HUMAN
108,32,39,0.0,0.0,1,HUMAN
108,32,39,0.0,0.0,1,HUMAN
108,32,39,0.0,0.0,1,HUMAN
108,32,39,0.0,0.0,1,HUMAN
108,32,39,0.0,0.0,1,HUMAN
108,32,39,0.0,0.0,1,HUMAN
108,32,39,0.0,0.0,1,HUMAN
108,32,39,0.0,0.0,1,HUMAN
108,32,38,0.0,0.0,1,HUMAN
108,32,38,0.0,0.0,1,HUMAN
108,32,38,0.0,0.0,1,HUMAN
108,32,38,0.0,0.0,1,HUMAN
108,32,38,0.0,0.0,1,HUMAN
108,32,38,0.0,0.0,1,HUMAN
108,32,59,0.0,0.0,1,HUMAN
108,32,59,0.0,0.0,1,HUMAN
108,32,59,0.0,0.0,1,HUMAN
108,32,59,0.0,0.0,1,HUMAN
108,32,59,0.0,0.0,1,HUMAN
108,32,59,0.0,0.0,1,HUMAN
108,32,59,0.0,0.0,1,HUMAN
108,33,59,0.0,0.0,1,HUMAN
108,33,59,0.0,0.0,1,HUMAN
108,33,59,0.0,0.0,1,HUMAN
108,32,59,0.0,0.0,1,HUMAN
108,32,59,0.0,0.0,1,HUMAN
108,32,59,0.0,0.0,1,HUMAN
108,32,59,0.0,0.0,1,HUMAN
108,32,59,0.0,0.0,1,HUMAN
108,32,59,0.0,0.0,1,HUMAN
108,33,59,0.0,0.0,1,HUMAN
108,33,59,0.0,0.0,1,HUMAN
108,33,59,0.0,0.0,1,HUMAN
108,33,59,0.0,0.0,1,HUMAN
108,33,59,0.0,0.0,1,HUMAN
108,32,59,0.0,0.0,1,HUMAN
108,32,59,0.0,0.0,1,HUMAN
108,32,59,0.0,0.0,1,HUMAN
108,33,59,0.0,0.0,1,HUMAN
108,33,59,0.0,0.0,1,HUMAN
108,33,59,0.0,0.0,1,HUMAN
108,32,59,0.0,0.0,1,HUMAN
108,32,59,0.0,0.0,1,HUMAN
108,32,59,0.0,0.0,1,HUMAN
108,33,59,0.0,0.0,1,HUMAN
108,33,59,0.0,0.0,1,HUMAN
108,33,59,0.0,0.0,1,HUMAN
108,33,59,0.0,0.0,1,HUMAN
108,33,59,0.0,0.0,1,HUMAN
108,33,59,0.0,0.0,1,HUMAN
108,32,59,0.0,0.0,1,HUMAN
108,32,59,0.0,0.0,1,HUMAN
108,32,59,0.0,0.0,1,HUMAN
108,33,59,0.0,0.0,1,HUMAN
108,33,59,0.0,0.0,1,HUMAN
108,33,59,0.0,0.0,1,HUMAN
108,33,59,0.0,0.0,1,HUMAN
108,33,59,0.0,0.0,1,HUMAN
108,33,59,0.0,0.0,1,HUMAN
108,33,59,0.0,0.0,1,HUMAN
108,33,59,0.0,0.0,1,HUMAN
108,32,59,0.0,0.0,1,HUMAN
108,32,59,0.0,0.0,1,HUMAN
108,32,59,0.0,0.0,1,HUMAN
108,33,59,0.0,0.0,1,HUMAN
108,33,59,0.0,0.0,1,HUMAN
108,33,59,0.0,0.0,1,HUMAN
108,32,59,0.0,0.0,1,HUMAN
108,32,59,0.0,0.0,1,HUMAN
108,32,59,0.0,0.0,1,HUMAN
108,32,59,0.0,0.0,1,HUMAN
108,32,59,0.0,0.0,1,HUMAN
108,32,59,0.0,0.0,1,HUMAN
108,32,59,0.0,0.0,1,HUMAN
108,32,59,0.0,0.0,1,HUMAN
108,32,59,0.0,0.0,1,HUMAN
108,32,59,0.0,0.0,1,HUMAN
108,32,59,0.0,0.0,1,HUMAN
108,32,59,0.0,0.0,1,HUMAN
108,32,59,0.0,0.0,1,HUMAN
108,32,59,0.0,0.0,1,HUMAN
108,32,59,0.0,0.0,1,HUMAN
108,32,59,0.0,0.0,1,HUMAN
108,32,59,0.0,0.0,1,HUMAN
108,32,59,0.0,0.0,1,HUMAN
108,32,59,0.0,0.0,1,HUMAN
108,32,59,0.0,0.0,1,HUMAN
108,33,59,0.0,0.0,1,HUMAN
108,33,59,0.0,0.0,1,HUMAN
108,33,59,0.0,0.0,1,HUMAN
108,32,59,0.0,0.0,1,HUMAN
108,32,59,0.0,0.0,1,HUMAN
108,32,59,0.0,0.0,1,HUMAN
108,32,59,0.0,0.0,1,HUMAN
108,32,59,0.0,0.0,1,HUMAN
108,32,59,0.0,0.0,1,HUMAN
108,32,58,0.0,0.0,1,HUMAN
108,32,58,0.0,0.0,1,HUMAN
108,33,58,1410.0,0.0,1,HUMAN
108,33,59,0.0,0.0,1,HUMAN
108,33,59,0.0,0.0,1,HUMAN
108,33,59,0.0,0.0,1,HUMAN
108,33,59,0.0,0.0,1,HUMAN
108,33,59,0.0,0.0,1,HUMAN
108,33,59,0.0,0.0,1,HUMAN
108,33,59,150.0,0.0,1,HUMAN
108,33,59,0.0,0.0,1,HUMAN
108,33,59,0.0,0.0,1,HUMAN
108,33,59,0.0,0.0,1,HUMAN
108,33,59,0.0,0.0,1,HUMAN
108,34,59,0.0,0.0,1,HUMAN
108,34,59,0.0,0.0,1,HUMAN
108,34,59,0.0,0.0,1,HUMAN
108,32,59,180.0,0.0,1,HUMAN
108,32,59,30.0,0.0,1,HUMAN
108,34,59,0.0,0.0,1,HUMAN
108,34,59,0.0,0.0,1,HUMAN
108,34,59,0.0,0.0,1,HUMAN
108,34,59,0.0,0.0,1,HUMAN
108,34,59,0.0,0.0,1,HUMAN
108,34,59,0.0,0.0,1,HUMAN
108,34,59,0.0,0.0,1,HUMAN
108,34,59,0.0,0.0,1,HUMAN
108,34,59,0.0,0.0,1,HUMAN
108,34,59,0.0,0.0,1,HUMAN
108,34,59,0.0,0.0,1,HUMAN
108,34,59,0.0,0.0,1,HUMAN
108,34,59,0.0,0.0,1,HUMAN
108,34,59,0.0,0.0,1,HUMAN
108,34,59,0.0,0.0,1,HUMAN
108,34,59,0.0,0.0,1,HUMAN
108,34,59,0.0,0.0,1,HUMAN
108,34,59,0.0,0.0,1,HUMAN
108,34,59,0.0,0.0,1,HUMAN
108,34,59,0.0,0.0,2,HUMAN
108,34,59,0.0,0.0,2,HUMAN
108,34,59,0.0,0.0,2,HUMAN
108,34,59,0.0,0.0,2,HUMAN
108,34,59,0.0,0.0,2,HUMAN
108,34,59,0.0,0.0,2,HUMAN
108,34,59,0.0,0.0,2,HUMAN
108,34,59,0.0,0.0,2,HUMAN
108,34,59,0.0,0.0,2,HUMAN
108,34,59,0.0,0.0,2,HUMAN
108,34,59,0.0,0.0,2,HUMAN
108,34,59,0.0,0.0,2,HUMAN
108,34,59,0.0,0.0,2,HUMAN
108,34,59,0.0,0.0,2,HUMAN
108,34,59,0.0,0.0,2,HUMAN
108,34,59,0.0,0.0,2,HUMAN
108,34,59,0.0,0.0,2,HUMAN
108,34,59,0.0,0.0,2,HUMAN
108,34,59,0.0,0.0,2,HUMAN
108,34,59,0.0,0.0,2,HUMAN
108,34,59,0.0,0.0,2,HUMAN
108,34,59,0.0,0.0,2,HUMAN
108,34,59,0.0,0.0,2,HUMAN
108,34,59,0.0,0.0,2,HUMAN
108,34,59,0.0,0.0,2,HUMAN
108,34,59,0.0,0.0,2,HUMAN
108,34,59,0.0,0.0,2,HUMAN
108,34,59,0.0,0.0,2,HUMAN
108,34,59,0.0,0.0,2,HUMAN
108,34,59,210.0,0.0,2,HUMAN
108,34,59,0.0,0.0,2,HUMAN
108,34,59,0.0,0.0,2,HUMAN
108,34,59,0.0,0.0,2,HUMAN
108,30,59,0.0,0.0,2,HUMAN
108,30,59,0.0,0.0,2,HUMAN
108,21,59,0.0,0.0,2,HUMAN
108,22,59,0.0,0.0,2,HUMAN
108,22,61,0.0,0.0,2,HUMAN
108,22,61,0.0,0.0,2,HUMAN
108,22,61,0.0,0.0,2,HUMAN
108,22,61,0.0,0.0,2,HUMAN
108,22,61,0.0,0.0,2,HUMAN
108,22,61,0.0,0.0,2,HUMAN
108,22,61,0.0,0.0,2,HUMAN
108,24,61,0.0,0.0,2,HUMAN
108,24,59,0.0,0.0,2,HUMAN
108,24,59,0.0,0.0,2,HUMAN
108,29,59,0.0,0.0,2,HUMAN
108,29,56,0.0,0.0,2,HUMAN
108,29,56,0.0,0.0,2,HUMAN
108,34,56,0.0,0.0,2,HUMAN
108,34,75,0.0,0.0,2,HUMAN
108,34,75,0.0,0.0,2,HUMAN
108,34,75,0.0,0.0,2,HUMAN
108,34,84,0.0,0.0,2,HUMAN
108,34,84,0.0,0.0,2,HUMAN
108,16,84,0.0,0.0,2,HUMAN
108,16,84,0.0,0.0,2,HUMAN
108,16,84,0.0,0.0,2,HUMAN
108,34,84,0.0,0.0,2,HUMAN
108,34,83,0.0,0.0,2,HUMAN
108,34,83,0.0,0.0,2,HUMAN
108,34,52,0.0,0.0,2,HUMAN
108,34,52,0.0,0.0,2,HUMAN
108,34,52,0.0,0.0,2,HUMAN
108,34,84,0.0,0.0,2,HUMAN
108,34,84,0.0,0.0,2,HUMAN
108,34,84,0.0,0.0,2,HUMAN
108,34,53,0.0,0.0,2,HUMAN
108,34,53,0.0,0.0,2,HUMAN
108,34,53,0.0,0.0,2,HUMAN
108,34,53,0.0,0.0,2,HUMAN
108,34,53,0.0,0.0,2,HUMAN
108,34,53,0.0,0.0,2,HUMAN
108,34,52,0.0,0.0,2,HUMAN
108,34,52,0.0,0.0,2,HUMAN
108,34,52,0.0,0.0,2,HUMAN
108,34,52,0.0,0.0,2,HUMAN
108,34,52,0.0,0.0,2,HUMAN
108,34,52,0.0,0.0,2,HUMAN
108,34,52,0.0,0.0,2,HUMAN
108,34,52,0.0,0.0,2,HUMAN
108,34,52,0.0,0.0,2,HUMAN
108,34,52,0.0,0.0,2,HUMAN
108,34,52,0.0,0.0,2,HUMAN
108,34,53,0.0,0.0,2,HUMAN
108,34,53,0.0,0.0,2,HUMAN
108,34,53,0.0,0.0,2,HUMAN
108,34,84,0.0,0.0,2,HUMAN
108,34,83,0.0,0.0,1,HUMAN
108,34,83,0.0,0.0,1,HUMAN
108,34,83,0.0,0.0,1,HUMAN
108,34,84,0.0,0.0,1,HUMAN
108,34,84,0.0,0.0,1,HUMAN
108,34,84,0.0,0.0,1,HUMAN
108,34,84,0.0,0.0,1,HUMAN
108,34,84,0.0,0.0,1,HUMAN
108,34,84,0.0,0.0,1,HUMAN
108,34,76,0.0,0.0,1,HUMAN
108,34,76,0.0,0.0,1,HUMAN
108,34,76,0.0,0.0,1,HUMAN
108,34,75,0.0,0.0,1,HUMAN
108,34,75,0.0,0.0,1,HUMAN
108,34,83,0.0,0.0,1,HUMAN
108,34,83,0.0,0.0,1,HUMAN
108,34,83,0.0,0.0,1,HUMAN
108,34,84,0.0,0.0,1,HUMAN
108,34,84,0.0,0.0,1,HUMAN
108,34,84,0.0,0.0,1,HUMAN
108,34,84,0.0,0.0,1,HUMAN
108,34,84,0.0,0.0,1,HUMAN
108,34,84,0.0,0.0,1,HUMAN
108,34,84,0.0,0.0,1,HUMAN
108,34,84,0.0,0.0,1,HUMAN
66,17,30,0.0,0.0,1,HUMAN
66,17,30,0.0,0.0,1,HUMAN
66,17,30,0.0,0.0,1,HUMAN
66,17,36,0.0,0.0,1,HUMAN
67,17,36,0.0,0.0,1,HUMAN
67,17,36,0.0,0.0,1,HUMAN
67,17,255,0.0,0.0,1,HUMAN
66,17,255,0.0,0.0,1,HUMAN
66,17,255,0.0,0.0,1,HUMAN
66,17,255,0.0,0.0,1,HUMAN
66,17,255,0.0,0.0,1,HUMAN
66,17,255,0.0,0.0,1,HUMAN
66,17,255,0.0,0.0,1,HUMAN
66,17,255,0.0,0.0,1,HUMAN
66,17,255,0.0,0.0,1,HUMAN
66,17,30,0.0,0.0,1,HUMAN
66,17,30,0.0,0.0,1,HUMAN
66,17,30,0.0,0.0,1,HUMAN
66,17,30,0.0,0.0,1,HUMAN
66,17,30,0.0,0.0,1,HUMAN
66,17,29,0.0,0.0,1,HUMAN
66,17,29,0.0,0.0,1,HUMAN
66,17,29,0.0,0.0,1,HUMAN
66,17,24,0.0,0.0,1,HUMAN
66,17,24,0.0,0.0,1,HUMAN
66,17,24,0.0,0.0,1,HUMAN
66,17,24,0.0,0.0,1,HUMAN
66,17,24,0.0,0.0,1,HUMAN
66,17,24,0.0,0.0,1,HUMAN
66,17,24,0.0,0.0,1,HUMAN
66,17,24,0.0,0.0,1,HUMAN
66,17,24,0.0,0.0,1,HUMAN
66,17,25,0.0,0.0,1,HUMAN
66,17,25,0.0,0.0,1,HUMAN
66,17,25,0.0,0.0,1,HUMAN
66,17,29,0.0,0.0,1,HUMAN
66,17,29,0.0,0.0,1,HUMAN
66,17,29,0.0,0.0,1,HUMAN
66,17,29,0.0,0.0,1,HUMAN
66,17,29,0.0,0.0,1,HUMAN
66,17,25,0.0,0.0,1,HUMAN
66,17,25,0.0,0.0,1,HUMAN
66,17,25,0.0,0.0,1,HUMAN
66,17,28,0.0,0.0,1,HUMAN
66,17,28,0.0,0.0,1,HUMAN
66,17,28,0.0,0.0,1,HUMAN
66,17,24,0.0,0.0,1,HUMAN
66,17,24,0.0,0.0,1,HUMAN
66,17,24,0.0,0.0,1,HUMAN
66,17,24,0.0,0.0,1,HUMAN
66,17,24,0.0,0.0,1,HUMAN
66,17,24,0.0,0.0,1,HUMAN
66,17,24,0.0,0.0,1,HUMAN
66,17,24,0.0,0.0,1,HUMAN
66,17,24,0.0,0.0,1,HUMAN
66,17,24,0.0,0.0,1,HUMAN
66,17,24,0.0,0.0,1,HUMAN
66,17,24,0.0,0.0,1,HUMAN
66,17,24,0.0,0.0,1,HUMAN
66,17,24,0.0,0.0,1,HUMAN
66,17,24,0.0,0.0,1,HUMAN
66,17,24,0.0,0.0,1,HUMAN
66,17,24,0.0,0.0,1,HUMAN
66,17,24,0.0,0.0,1,HUMAN
66,17,24,0.0,0.0,1,HUMAN
66,17,24,0.0,0.0,1,HUMAN
66,17,56,0.0,0.0,1,HUMAN
66,17,56,0.0,0.0,1,HUMAN
66,17,56,0.0,0.0,1,HUMAN
66,17,28,0.0,0.0,1,HUMAN
66,17,28,0.0,0.0,1,HUMAN
66,17,28,0.0,0.0,1,HUMAN
66,17,27,0.0,0.0,1,HUMAN
66,17,27,0.0,0.0,1,HUMAN
66,17,27,0.0,0.0,1,HUMAN
66,17,27,0.0,0.0,1,HUMAN
66,17,27,0.0,0.0,1,HUMAN
66,17,27,0.0,0.0,1,HUMAN
66,17,24,0.0,0.0,1,HUMAN
66,17,24,0.0,0.0,1,HUMAN
66,17,29,0.0,0.0,1,HUMAN
66,17,29,0.0,0.0,1,HUMAN
66,17,29,0.0,0.0,1,HUMAN
66,17,24,0.0,0.0,1,HUMAN
66,17,24,0.0,0.0,1,HUMAN
66,17,24,0.0,0.0,1,HUMAN
66,17,29,0.0,0.0,1,HUMAN
66,17,29,0.0,0.0,1,HUMAN
66,17,29,0.0,0.0,1,HUMAN
66,17,24,0.0,0.0,1,HUMAN
66,17,24,0.0,0.0,1,HUMAN
66,17,24,0.0,0.0,1,HUMAN
66,17,24,0.0,0.0,1,HUMAN
66,17,24,0.0,0.0,1,HUMAN
66,17,24,0.0,0.0,1,HUMAN
66,17,24,0.0,0.0,1,HUMAN
66,17,24,0.0,0.0,1,HUMAN
66,17,23,0.0,0.0,1,HUMAN
66,17,25,0.0,0.0,1,HUMAN
66,17,25,0.0,0.0,1,HUMAN
66,17,25,0.0,0.0,1,HUMAN
66,17,24,0.0,0.0,1,HUMAN
66,17,24,0.0,0.0,1,HUMAN
3,17,24,0.0,0.0,1,HUMAN
3,17,24,0.0,0.0,1,HUMAN
3,17,24,0.0,0.0,1,HUMAN
3,17,24,0.0,0.0,1,HUMAN
3,17,24,0.0,0.0,1,HUMAN
3,17,24,0.0,0.0,1,HUMAN
3,17,29,0.0,0.0,1,HUMAN
3,17,29,0.0,0.0,1,HUMAN
3,17,29,0.0,0.0,1,HUMAN
3,17,23,0.0,0.0,1,HUMAN
3,17,23,0.0,0.0,1,HUMAN
3,17,23,0.0,0.0,1,HUMAN
129,17,54,0.0,0.0,1,HUMAN
129,17,54,0.0,0.0,1,HUMAN
129,16,54,0.0,0.0,1,HUMAN
129,16,55,0.0,0.0,1,HUMAN
129,16,55,0.0,0.0,1,HUMAN
129,16,55,0.0,0.0,1,HUMAN
129,16,55,0.0,0.0,1,HUMAN
129,16,55,0.0,0.0,1,HUMAN
129,12,55,0.0,0.0,1,HUMAN
129,12,54,0.0,0.0,1,HUMAN
129,12,54,0.0,0.0,1,HUMAN
129,16,54,0.0,0.0,1,HUMAN
129,16,54,0.0,0.0,1,HUMAN
129,16,54,0.0,0.0,1,HUMAN
129,16,55,0.0,0.0,1,HUMAN
129,16,55,0.0,0.0,1,HUMAN
129,16,55,0.0,0.0,1,HUMAN
129,16,54,0.0,0.0,1,HUMAN
129,16,54,0.0,0.0,1,HUMAN
129,16,54,0.0,0.0,1,HUMAN
129,16,54,0.0,0.0,1,HUMAN
129,16,54,0.0,0.0,1,HUMAN
129,16,54,0.0,0.0,1,HUMAN
129,16,54,0.0,0.0,1,HUMAN
129,16,54,0.0,0.0,1,HUMAN
129,16,54,0.0,0.0,1,HUMAN
129,16,54,0.0,0.0,1,HUMAN
129,16,54,0.0,0.0,1,HUMAN
129,16,54,0.0,0.0,1,HUMAN
129,16,55,0.0,0.0,1,HUMAN
129,16,55,0.0,0.0,1,HUMAN
129,19,55,0.0,0.0,1,HUMAN
129,19,55,0.0,0.0,1,HUMAN
129,16,55,0.0,0.0,1,HUMAN
129,16,55,0.0,0.0,1,HUMAN
15,28,255,0.0,0.0,2,RULE
15,28,255,0.0,0.0,2,RULE
15,28,255,0.0,0.0,2,RULE
15,28,255,0.0,0.0,2,RULE
15,28,255,0.0,0.0,2,RULE
15,28,255,0.0,0.0,2,RULE
15,28,255,0.0,0.0,2,RULE
15,28,255,0.0,0.0,2,RULE
15,28,255,0.0,0.0,2,RULE
15,32,255,0.0,0.0,2,RULE
15,32,255,0.0,0.0,2,RULE
15,32,255,0.0,0.0,2,RULE
28,28,255,0.0,0.0,2,RULE
28,28,255,0.0,0.0,2,RULE
28,28,255,0.0,0.0,2,RULE
28,28,255,0.0,0.0,2,RULE
3,28,255,0.0,0.0,2,RULE
28,28,255,0.0,0.0,2,RULE
28,28,255,0.0,0.0,2,RULE
28,28,255,0.0,0.0,2,RULE
28,28,255,0.0,0.0,2,RULE
28,28,255,0.0,0.0,2,RULE
3,28,255,0.0,0.0,2,RULE
28,28,255,0.0,0.0,2,RULE
28,28,255,0.0,0.0,2,RULE
28,28,255,0.0,0.0,2,RULE
28,28,255,0.0,0.0,2,RULE
28,28,255,0.0,0.0,2,RULE
28,28,255,0.0,0.0,2,RULE
3,28,255,0.0,0.0,2,RULE
9,28,255,0.0,0.0,4,RULE
9,28,255,0.0,0.0,4,RULE
9,28,255,0.0,0.0,4,RULE
9,28,255,0.0,0.0,4,RULE
9,28,255,0.0,0.0,4,RULE
28,28,255,0.0,0.0,4,RULE
28,28,255,0.0,0.0,4,RULE
28,29,37,0.0,0.0,1,RULE
28,29,37,90.0,0.0,1,RULE
255,28,38,0.0,0.0,3,RULE
8,28,38,0.0,0.0,3,RULE
178,28,38,0.0,0.0,3,RULE
117,28,38,0.0,0.0,3,RULE
117,25,38,0.0,0.0,3,RULE
117,25,38,0.0,0.0,3,RULE
117,29,38,0.0,0.0,3,RULE
117,29,38,0.0,0.0,3,RULE
29,30,38,0.0,0.0,1,RULE
29,30,39,0.0,0.0,1,HUMAN
255,28,39,0.0,0.0,1,HUMAN
126,30,39,0.0,0.0,1,HUMAN
124,30,33,0.0,0.0,1,HUMAN
189,28,33,0.0,90.0,1,HUMAN
255,30,33,0.0,0.0,1,HUMAN
255,30,38,0.0,0.0,1,HUMAN
30,30,38,0.0,0.0,1,HUMAN
255,29,38,0.0,30.0,1,HUMAN
150,30,38,0.0,0.0,1,HUMAN
140,30,38,0.0,0.0,1,HUMAN
3,30,38,0.0,180.0,1,HUMAN
3,30,38,0.0,0.0,1,HUMAN
99,29,38,0.0,0.0,1,HUMAN
27,27,38,0.0,0.0,1,HUMAN
105,29,39,0.0,60.0,1,HUMAN
3,29,39,0.0,0.0,1,HUMAN
3,30,39,0.0,90.0,1,HUMAN
92,30,39,0.0,0.0,1,HUMAN
28,28,39,0.0,150.0,1,HUMAN
114,28,39,0.0,0.0,1,HUMAN
127,28,39,0.0,0.0,1,HUMAN
29,30,39,0.0,0.0,1,HUMAN
181,29,39,0.0,30.0,1,HUMAN
142,29,39,0.0,0.0,1,HUMAN
29,29,39,0.0,90.0,1,HUMAN
29,29,39,0.0,0.0,1,HUMAN
114,29,39,0.0,0.0,1,HUMAN
29,29,39,0.0,60.0,1,HUMAN
148,29,39,0.0,0.0,1,HUMAN
143,30,39,0.0,0.0,1,HUMAN
20,20,16,0.0,0.0,2,RULE
20,20,16,0.0,0.0,2,RULE
20,20,16,0.0,0.0,2,RULE
20,20,16,0.0,0.0,2,RULE
20,20,16,0.0,0.0,2,RULE
20,20,16,0.0,0.0,2,RULE
20,21,16,120.0,0.0,2,RULE
20,21,16,120.0,0.0,2,RULE
20,21,16,120.0,0.0,2,RULE
20,21,16,120.0,0.0,2,RULE
20,21,16,120.0,0.0,2,RULE
20,21,16,120.0,0.0,2,RULE
20,21,16,120.0,0.0,2,RULE
20,21,16,120.0,0.0,2,RULE
20,21,16,120.0,0.0,2,RULE
20,21,16,120.0,0.0,2,RULE
20,21,16,120.0,0.0,2,RULE
20,21,16,120.0,0.0,2,RULE
20,21,16,120.0,0.0,2,RULE
20,21,16,120.0,0.0,2,RULE
20,21,16,120.0,0.0,2,RULE
20,21,16,120.0,0.0,2,RULE
20,21,16,120.0,0.0,2,RULE
20,21,16,120.0,0.0,2,RULE
20,21,16,120.0,0.0,2,RULE
20,21,16,120.0,0.0,2,RULE
20,21,16,120.0,0.0,2,RULE
20,21,16,120.0,0.0,2,RULE
20,21,16,120.0,0.0,2,RULE
20,21,16,120.0,0.0,2,RULE
20,21,16,120.0,0.0,3,RULE
20,21,16,120.0,0.0,3,RULE
20,21,16,120.0,0.0,3,RULE
20,21,16,120.0,0.0,3,RULE
20,21,16,120.0,0.0,3,RULE
20,21,16,120.0,0.0,3,RULE
20,21,16,120.0,0.0,3,RULE
20,21,16,120.0,0.0,3,RULE
20,21,16,120.0,0.0,1,RULE
20,21,16,120.0,0.0,1,RULE
20,21,16,120.0,0.0,1,RULE
20,21,16,120.0,0.0,1,RULE
20,21,16,120.0,0.0,1,RULE
20,21,16,120.0,0.0,1,RULE
20,21,16,120.0,0.0,1,RULE
20,21,16,120.0,0.0,1,RULE
20,21,16,120.0,0.0,1,RULE
20,21,16,120.0,0.0,1,RULE
20,21,16,120.0,0.0,1,RULE
20,21,16,120.0,0.0,1,RULE
20,21,16,120.0,0.0,1,RULE
20,21,16,120.0,0.0,1,RULE
20,21,16,120.0,0.0,1,RULE
20,21,16,120.0,0.0,1,RULE
20,21,16,120.0,0.0,1,RULE
20,21,16,120.0,0.0,1,RULE
20,21,16,120.0,0.0,1,RULE
20,21,16,120.0,0.0,1,RULE
20,21,16,120.0,0.0,4,RULE
20,21,16,120.0,0.0,4,RULE
20,21,16,120.0,0.0,4,RULE
20,21,16,120.0,0.0,4,RULE
20,21,16,120.0,0.0,4,RULE
20,21,16,120.0,0.0,4,RULE
20,21,16,120.0,0.0,4,RULE
20,21,16,120.0,0.0,4,RULE
20,21,16,120.0,0.0,1,RULE
20,21,16,120.0,0.0,1,HUMAN
20,21,16,120.0,0.0,1,HUMAN
20,21,16,120.0,0.0,1,HUMAN
20,21,16,120.0,0.0,1,HUMAN
20,21,16,120.0,0.0,1,HUMAN
20,21,16,120.0,0.0,1,HUMAN
20,21,16,120.0,0.0,1,HUMAN
20,21,16,120.0,0.0,1,HUMAN
20,21,16,120.0,0.0,1,HUMAN
20,21,16,120.0,0.0,1,HUMAN
20,21,16,120.0,0.0,1,HUMAN
20,21,16,120.0,0.0,1,HUMAN
20,21,16,120.0,0.0,1,HUMAN
20,21,16,120.0,0.0,1,HUMAN
20,21,16,120.0,0.0,1,HUMAN
20,21,16,120.0,0.0,1,HUMAN
20,21,16,120.0,0.0,1,HUMAN
20,21,16,120.0,0.0,1,HUMAN
20,21,16,120.0,0.0,1,HUMAN
20,21,16,120.0,0.0,1,HUMAN
20,21,16,120.0,0.0,2,RULE
20,21,16,120.0,0.0,2,RULE
20,21,16,120.0,0.0,2,RULE
20,21,16,120.0,0.0,2,RULE
20,21,16,120.0,0.0,2,RULE
20,21,16,120.0,0.0,2,RULE
20,21,16,120.0,0.0,2,RULE
20,21,16,120.0,0.0,2,RULE
20,21,16,120.0,0.0,2,RULE
20,21,16,120.0,0.0,2,RULE
20,21,16,120.0,0.0,2,RULE
20,21,16,120.0,0.0,2,RULE
20,21,16,120.0,0.0,2,RULE
20,21,16,120.0,0.0,2,RULE
20,21,16,120.0,0.0,2,RULE
20,21,16,120.0,0.0,2,RULE
20,21,16,120.0,0.0,2,RULE
20,21,16,120.0,0.0,2,RULE
20,21,16,120.0,0.0,2,RULE
20,21,16,120.0,0.0,2,RULE
20,21,16,120.0,0.0,2,RULE
20,21,16,120.0,0.0,2,RULE
20,21,16,120.0,0.0,2,RULE
20,21,16,120.0,0.0,2,RULE
20,21,16,120.0,0.0,2,RULE
20,21,16,120.0,0.0,2,RULE
20,21,16,120.0,0.0,2,RULE
20,21,16,120.0,0.0,2,RULE
20,21,16,120.0,0.0,2,RULE
20,21,16,120.0,0.0,3,RULE
20,21,16,120.0,0.0,3,RULE
20,21,16,120.0,0.0,3,RULE
20,21,16,120.0,0.0,3,RULE
20,21,16,120.0,0.0,3,RULE
20,21,16,120.0,0.0,3,RULE
20,21,16,120.0,0.0,3,RULE
20,21,16,120.0,0.0,3,RULE
20,21,16,120.0,0.0,1,RULE
20,21,16,120.0,0.0,1,RULE
20,21,16,120.0,0.0,1,RULE
20,21,16,120.0,0.0,1,RULE
20,21,16,120.0,0.0,1,RULE
20,21,16,120.0,0.0,1,RULE
20,21,16,120.0,0.0,1,RULE
20,21,16,120.0,0.0,1,RULE
20,21,16,120.0,0.0,1,RULE
20,21,16,120.0,0.0,1,RULE
20,21,16,120.0,0.0,1,RULE
20,21,16,120.0,0.0,1,RULE
20,21,16,120.0,0.0,1,RULE
20,21,16,120.0,0.0,1,RULE
20,21,16,120.0,0.0,1,RULE
20,21,16,120.0,0.0,1,RULE
20,21,16,120.0,0.0,1,RULE
20,21,16,120.0,0.0,1,RULE
20,21,16,120.0,0.0,1,RULE
20,21,16,120.0,0.0,1,RULE
20,21,16,120.0,0.0,4,RULE
20,21,16,120.0,0.0,4,RULE
20,21,16,120.0,0.0,4,RULE
20,21,16,120.0,0.0,4,RULE
20,21,16,120.0,0.0,4,RULE
20,21,16,120.0,0.0,2,RULE
20,21,16,120.0,0.0,2,RULE
20,21,16,120.0,0.0,2,RULE
20,21,16,120.0,0.0,2,RULE
20,21,16,120.0,0.0,2,RULE
20,21,16,120.0,0.0,2,RULE
20,21,16,120.0,0.0,2,RULE
20,21,16,120.0,0.0,2,RULE
20,21,16,120.0,0.0,2,RULE
20,21,16,120.0,0.0,2,RULE
20,21,16,120.0,0.0,2,RULE
20,21,16,120.0,0.0,2,RULE
20,21,16,120.0,0.0,2,RULE
20,21,16,120.0,0.0,2,RULE
20,21,16,120.0,0.0,2,RULE
20,21,16,120.0,0.0,2,RULE
20,21,16,120.0,0.0,2,RULE
20,21,16,120.0,0.0,2,RULE
20,21,16,120.0,0.0,2,RULE
20,21,16,120.0,0.0,2,RULE
20,21,16,120.0,0.0,2,RULE
20,21,16,120.0,0.0,2,RULE
20,21,16,120.0,0.0,2,RULE
20,21,16,120.0,0.0,2,RULE
20,21,16,120.0,0.0,2,RULE
20,21,16,120.0,0.0,2,RULE
20,21,16,120.0,0.0,2,RULE
20,21,16,120.0,0.0,2,RULE
20,21,16,120.0,0.0,2,RULE
20,21,16,120.0,0.0,2,RULE
20,21,16,120.0,0.0,3,RULE
20,21,16,120.0,0.0,3,RULE
20,21,16,120.0,0.0,3,RULE
20,21,16,120.0,0.0,3,RULE
20,21,16,120.0,0.0,3,RULE
20,21,16,120.0,0.0,3,RULE
20,21,16,120.0,0.0,3,RULE
20,21,16,120.0,0.0,3,RULE
20,21,16,120.0,0.0,1,RULE
20,21,16,120.0,0.0,1,RULE
20,21,16,120.0,0.0,1,RULE
20,21,16,120.0,0.0,1,RULE
20,21,16,120.0,0.0,1,RULE
20,21,16,120.0,0.0,1,RULE
20,21,16,120.0,0.0,1,RULE
20,21,16,120.0,0.0,1,RULE
20,21,16,120.0,0.0,1,RULE
20,21,16,120.0,0.0,1,RULE
20,21,16,120.0,0.0,1,RULE
20,21,16,120.0,0.0,1,RULE
20,21,16,120.0,0.0,1,RULE
20,21,16,120.0,0.0,1,RULE
20,21,16,120.0,0.0,1,RULE
20,21,16,120.0,0.0,1,RULE
20,21,16,120.0,0.0,1,RULE
20,21,16,120.0,0.0,1,RULE
20,21,16,120.0,0.0,1,RULE
20,21,16,120.0,0.0,1,RULE
20,21,16,120.0,0.0,4,RULE
20,21,16,120.0,0.0,4,RULE
20,21,16,120.0,0.0,4,RULE
20,21,16,120.0,0.0,4,RULE
20,21,16,120.0,0.0,4,RULE
20,21,16,120.0,0.0,4,RULE
20,21,16,120.0,0.0,4,RULE
20,21,16,120.0,0.0,4,RULE
20,21,16,120.0,0.0,1,RULE
20,21,16,120.0,0.0,1,HUMAN
20,21,16,120.0,0.0,1,HUMAN
20,21,16,120.0,0.0,1,HUMAN
20,21,16,120.0,0.0,1,HUMAN
20,21,16,120.0,0.0,1,HUMAN
20,21,16,120.0,0.0,1,HUMAN
20,21,16,120.0,0.0,1,HUMAN
20,21,16,120.0,0.0,1,HUMAN
20,21,16,120.0,0.0,1,HUMAN
20,21,16,120.0,0.0,1,HUMAN
20,21,16,120.0,0.0,1,HUMAN
20,21,16,120.0,0.0,1,HUMAN
20,21,16,120.0,0.0,1,HUMAN
20,21,16,120.0,0.0,1,HUMAN
20,21,16,120.0,0.0,1,HUMAN
20,21,16,120.0,0.0,1,HUMAN
20,21,16,120.0,0.0,1,HUMAN
20,21,16,120.0,0.0,1,HUMAN
20,21,16,120.0,0.0,1,HUMAN
20,21,16,120.0,0.0,2,RULE
20,21,16,120.0,0.0,2,RULE
20,21,16,120.0,0.0,2,RULE
20,21,16,120.0,0.0,2,RULE
20,21,16,120.0,0.0,2,RULE
20,21,16,120.0,0.0,2,RULE
20,21,16,120.0,0.0,2,RULE
20,21,16,120.0,0.0,2,RULE
20,21,16,120.0,0.0,2,RULE
20,21,16,120.0,0.0,2,RULE
20,21,16,120.0,0.0,2,RULE
20,21,16,120.0,0.0,2,RULE
20,21,16,120.0,0.0,2,RULE
20,21,16,120.0,0.0,2,RULE
20,21,16,120.0,0.0,2,RULE
20,21,16,120.0,0.0,2,RULE
20,21,16,120.0,0.0,2,RULE
20,21,16,120.0,0.0,2,RULE
20,21,16,120.0,0.0,2,RULE
20,21,16,120.0,0.0,2,RULE
20,21,16,120.0,0.0,2,RULE
20,21,16,120.0,0.0,2,RULE
20,21,16,120.0,0.0,2,RULE
20,21,16,120.0,0.0,2,RULE
20,21,16,120.0,0.0,2,RULE
20,21,16,120.0,0.0,2,RULE
20,21,16,120.0,0.0,2,RULE
20,21,16,120.0,0.0,2,RULE
20,21,16,120.0,0.0,2,RULE
20,21,16,120.0,0.0,2,RULE
20,21,16,120.0,0.0,3,RULE
20,21,16,120.0,0.0,3,RULE
20,21,16,120.0,0.0,3,RULE
20,21,16,120.0,0.0,3,RULE
20,21,16,120.0,0.0,3,RULE
20,21,16,120.0,0.0,3,RULE
20,21,16,120.0,0.0,3,RULE
20,21,16,120.0,0.0,3,RULE
20,21,16,120.0,0.0,1,RULE
20,21,16,120.0,0.0,1,RULE
20,21,16,120.0,0.0,1,RULE
20,21,16,120.0,0.0,1,RULE
20,21,16,120.0,0.0,1,RULE
20,21,16,120.0,0.0,1,RULE
20,21,16,120.0,0.0,1,RULE
20,21,16,120.0,0.0,1,RULE
20,21,16,120.0,0.0,1,RULE
20,21,16,120.0,0.0,1,RULE
20,21,16,120.0,0.0,1,RULE
20,21,16,120.0,0.0,1,RULE
20,21,16,120.0,0.0,1,RULE
20,21,16,120.0,0.0,1,RULE
20,21,16,120.0,0.0,1,RULE
20,21,16,120.0,0.0,1,RULE
20,21,16,120.0,0.0,1,RULE
20,21,16,120.0,0.0,1,RULE
20,21,16,120.0,0.0,1,RULE
20,21,16,120.0,0.0,1,RULE
20,21,16,120.0,0.0,4,RULE
20,21,16,120.0,0.0,4,RULE
20,21,16,120.0,0.0,4,RULE
20,21,16,120.0,0.0,4,RULE
20,21,16,120.0,0.0,4,RULE
20,21,16,120.0,0.0,4,RULE
20,21,16,120.0,0.0,4,RULE
20,21,16,120.0,0.0,4,RULE
20,21,16,120.0,0.0,1,RULE
20,21,16,120.0,0.0,1,HUMAN
20,21,16,120.0,0.0,1,HUMAN
20,21,16,120.0,0.0,1,HUMAN
20,21,16,120.0,0.0,1,HUMAN
20,21,16,120.0,0.0,1,HUMAN
20,21,16,120.0,0.0,1,HUMAN
20,21,16,120.0,0.0,1,HUMAN
20,21,16,120.0,0.0,1,HUMAN
20,21,16,120.0,0.0,1,HUMAN
20,21,16,120.0,0.0,1,HUMAN
20,21,16,120.0,0.0,1,HUMAN
20,21,16,120.0,0.0,1,HUMAN
20,21,16,120.0,0.0,1,HUMAN
20,21,16,120.0,0.0,1,HUMAN
20,21,16,120.0,0.0,1,HUMAN
20,21,16,120.0,0.0,1,HUMAN
20,21,16,120.0,0.0,1,HUMAN
20,21,16,120.0,0.0,1,HUMAN
20,21,16,120.0,0.0,1,HUMAN
20,21,16,120.0,0.0,2,RULE
20,21,16,120.0,0.0,2,RULE
20,21,16,120.0,0.0,2,RULE
20,21,16,120.0,0.0,2,RULE
20,21,16,120.0,0.0,2,RULE
20,21,16,120.0,0.0,2,RULE
20,21,16,120.0,0.0,2,RULE
20,21,16,120.0,0.0,2,RULE
20,21,16,120.0,0.0,2,RULE
20,21,16,120.0,0.0,2,RULE
20,21,16,120.0,0.0,2,RULE
20,21,16,120.0,0.0,2,RULE
20,21,16,120.0,0.0,2,RULE
20,21,16,120.0,0.0,2,RULE
20,21,16,120.0,0.0,2,RULE
20,21,16,120.0,0.0,2,RULE
20,21,16,120.0,0.0,2,RULE
20,21,16,120.0,0.0,2,RULE
20,21,16,120.0,0.0,2,RULE
20,21,16,120.0,0.0,2,RULE
20,21,16,120.0,0.0,2,RULE
20,21,16,120.0,0.0,2,RULE
20,21,16,120.0,0.0,2,RULE
20,21,16,120.0,0.0,2,RULE
20,21,16,120.0,0.0,2,RULE
20,21,16,120.0,0.0,2,RULE
20,21,16,120.0,0.0,2,RULE
20,21,16,120.0,0.0,2,RULE
20,21,16,120.0,0.0,2,RULE
20,21,16,120.0,0.0,2,RULE
20,21,16,120.0,0.0,3,RULE
20,21,16,120.0,0.0,3,RULE
20,21,16,120.0,0.0,3,RULE
20,21,16,120.0,0.0,3,RULE
20,21,16,120.0,0.0,3,RULE
20,21,16,120.0,0.0,3,RULE
20,21,16,120.0,0.0,3,RULE
20,21,16,120.0,0.0,3,RULE
20,21,16,120.0,0.0,1,RULE
20,21,16,120.0,0.0,1,RULE
20,21,16,120.0,0.0,1,RULE
20,21,16,120.0,0.0,1,RULE
20,21,16,120.0,0.0,1,RULE
20,21,16,120.0,0.0,1,RULE
20,21,16,120.0,0.0,1,RULE
20,21,16,120.0,0.0,1,RULE
20,21,16,120.0,0.0,1,RULE
20,21,16,120.0,0.0,1,RULE
20,21,16,120.0,0.0,1,RULE
20,21,16,120.0,0.0,1,RULE
20,21,16,120.0,0.0,1,RULE
20,21,16,120.0,0.0,1,RULE
20,21,16,120.0,0.0,1,RULE
73,255,60,0.0,0.0,4,RULE
73,255,60,0.0,0.0,4,RULE
73,255,60,0.0,0.0,4,RULE
73,255,60,0.0,0.0,4,RULE
73,255,60,0.0,0.0,4,RULE
73,255,60,0.0,0.0,4,RULE
73,255,60,0.0,0.0,4,RULE
73,255,60,0.0,0.0,4,RULE
73,255,60,0.0,0.0,1,RULE
73,16,60,0.0,0.0,1,HUMAN
73,16,61,0.0,0.0,1,HUMAN
73,16,61,0.0,0.0,1,HUMAN
73,255,61,0.0,0.0,1,HUMAN
73,255,60,0.0,0.0,1,HUMAN
73,255,60,0.0,0.0,1,HUMAN
73,255,60,0.0,0.0,1,HUMAN
73,255,60,0.0,0.0,1,HUMAN
73,255,60,0.0,0.0,1,HUMAN
73,255,60,0.0,0.0,1,HUMAN
73,255,60,0.0,0.0,1,HUMAN
73,255,60,0.0,0.0,1,HUMAN
73,7,60,0.0,0.0,1,HUMAN
73,7,60,0.0,0.0,1,HUMAN
73,7,60,0.0,0.0,1,HUMAN
73,255,60,0.0,0.0,1,HUMAN
73,255,61,0.0,0.0,1,HUMAN
72,255,61,0.0,0.0,1,HUMAN
72,255,61,0.0,0.0,1,HUMAN
73,255,60,0.0,0.0,1,HUMAN
73,18,60,0.0,0.0,1,HUMAN
73,18,60,0.0,0.0,1,HUMAN
72,18,60,0.0,0.0,1,HUMAN
72,255,60,0.0,0.0,1,HUMAN
72,255,61,0.0,0.0,1,HUMAN
72,255,61,0.0,0.0,1,HUMAN
72,255,61,0.0,0.0,1,HUMAN
72,255,60,0.0,0.0,1,HUMAN
72,255,60,0.0,0.0,1,HUMAN
72,255,60,0.0,0.0,1,HUMAN
72,255,61,0.0,0.0,1,HUMAN
72,255,61,0.0,0.0,1,HUMAN
72,255,61,0.0,0.0,1,HUMAN
72,255,60,0.0,0.0,1,HUMAN
73,255,60,0.0,0.0,1,HUMAN
73,11,60,0.0,0.0,1,HUMAN
73,11,60,0.0,0.0,1,HUMAN
72,11,60,0.0,0.0,1,HUMAN
72,10,60,0.0,0.0,1,HUMAN
72,10,61,0.0,0.0,1,HUMAN
72,10,61,0.0,0.0,1,HUMAN
72,10,37,0.0,0.0,1,HUMAN
72,10,37,0.0,0.0,1,HUMAN
72,16,37,0.0,0.0,1,HUMAN
72,16,23,0.0,0.0,1,HUMAN
72,16,23,0.0,0.0,1,HUMAN
72,4,23,0.0,0.0,1,HUMAN
72,4,23,0.0,0.0,1,HUMAN
72,4,23,0.0,0.0,1,HUMAN
72,5,23,0.0,0.0,1,HUMAN
72,5,23,0.0,0.0,1,HUMAN
72,5,23,0.0,0.0,1,HUMAN
72,5,23,0.0,0.0,1,HUMAN
72,5,23,0.0,0.0,1,HUMAN
72,5,23,0.0,0.0,1,HUMAN
72,16,23,0.0,0.0,1,HUMAN
72,16,23,0.0,0.0,1,HUMAN
72,16,23,0.0,0.0,1,HUMAN
72,255,23,0.0,0.0,1,HUMAN
72,255,23,0.0,0.0,1,HUMAN
72,255,23,0.0,0.0,1,HUMAN
72,255,23,0.0,0.0,1,HUMAN
72,255,23,0.0,0.0,1,HUMAN
72,255,23,0.0,0.0,1,HUMAN
72,255,18,0.0,0.0,1,HUMAN
72,255,18,0.0,0.0,1,HUMAN
72,255,18,0.0,0.0,1,HUMAN
72,255,18,0.0,0.0,1,HUMAN
72,255,18,0.0,0.0,1,HUMAN
72,255,18,0.0,0.0,1,HUMAN
72,255,18,0.0,0.0,1,HUMAN
72,255,18,0.0,0.0,1,HUMAN
72,255,18,0.0,0.0,1,HUMAN
72,255,37,0.0,0.0,1,HUMAN
72,255,37,0.0,0.0,1,HUMAN
72,255,37,0.0,0.0,1,HUMAN
72,255,23,0.0,0.0,1,HUMAN
72,255,23,0.0,0.0,1,HUMAN
72,255,23,0.0,0.0,1,HUMAN
72,255,23,0.0,0.0,1,HUMAN
72,255,23,0.0,0.0,1,HUMAN
72,255,23,0.0,0.0,1,HUMAN
72,255,23,0.0,0.0,1,HUMAN
72,255,23,0.0,0.0,1,HUMAN
72,255,23,0.0,0.0,1,HUMAN
72,255,23,0.0,0.0,1,HUMAN
72,4,23,0.0,0.0,1,HUMAN
72,4,23,0.0,0.0,1,HUMAN
72,4,23,0.0,0.0,1,HUMAN
72,255,23,0.0,0.0,1,HUMAN
72,255,23,0.0,0.0,1,HUMAN
3,255,23,0.0,0.0,1,HUMAN
3,4,23,0.0,0.0,1,HUMAN
3,4,36,0.0,0.0,1,HUMAN
72,4,36,0.0,0.0,1,HUMAN
72,4,36,0.0,0.0,1,HUMAN
72,4,23,0.0,0.0,1,HUMAN
72,4,23,0.0,0.0,1,HUMAN
72,255,23,0.0,0.0,1,HUMAN
72,255,23,0.0,0.0,1,HUMAN
72,255,23,0.0,0.0,1,HUMAN
72,3,23,0.0,0.0,1,HUMAN
72,3,23,0.0,0.0,1,HUMAN
72,9,23,0.0,0.0,1,HUMAN
72,9,36,0.0,0.0,1,HUMAN
72,9,36,0.0,0.0,1,HUMAN
72,4,36,0.0,0.0,1,HUMAN
72,4,23,0.0,0.0,1,HUMAN
72,4,23,0.0,0.0,1,HUMAN
72,255,23,0.0,0.0,1,HUMAN
72,255,36,0.0,0.0,1,HUMAN
72,255,36,0.0,0.0,1,HUMAN
72,5,36,0.0,0.0,1,HUMAN
72,5,18,0.0,0.0,1,HUMAN
72,5,18,0.0,0.0,1,HUMAN
72,255,18,0.0,0.0,1,HUMAN
72,255,18,0.0,0.0,1,HUMAN
72,16,18,0.0,0.0,1,HUMAN
72,16,23,0.0,0.0,1,HUMAN
72,16,23,0.0,0.0,1,HUMAN
72,255,23,0.0,0.0,1,HUMAN
72,255,23,0.0,0.0,1,HUMAN
72,255,23,0.0,0.0,1,HUMAN
72,255,23,0.0,0.0,1,HUMAN
72,255,23,0.0,0.0,1,HUMAN
72,255,23,0.0,0.0,1,HUMAN
72,255,23,0.0,0.0,1,HUMAN
72,255,17,0.0,0.0,1,HUMAN
72,255,17,0.0,0.0,1,HUMAN
72,255,17,0.0,0.0,1,HUMAN
72,255,23,0.0,0.0,1,HUMAN
72,255,23,0.0,0.0,1,HUMAN
72,255,23,0.0,0.0,1,HUMAN
72,255,23,0.0,0.0,1,HUMAN
72,255,23,0.0,0.0,1,HUMAN
72,255,23,0.0,0.0,1,HUMAN
72,255,23,0.0,0.0,1,HUMAN
72,255,23,0.0,0.0,1,HUMAN
72,255,23,0.0,0.0,1,HUMAN
72,255,23,0.0,0.0,1,HUMAN
72,255,23,0.0,0.0,1,HUMAN
72,255,23,0.0,0.0,1,HUMAN
72,255,23,0.0,0.0,1,HUMAN
72,255,23,0.0,0.0,1,HUMAN
72,255,23,0.0,0.0,1,HUMAN
72,255,23,0.0,0.0,1,HUMAN
72,255,23,0.0,0.0,1,HUMAN
72,255,23,0.0,0.0,1,HUMAN
72,255,23,0.0,0.0,1,HUMAN
72,255,23,0.0,0.0,1,HUMAN
72,255,18,0.0,0.0,1,HUMAN
72,255,18,0.0,0.0,1,HUMAN
72,255,18,0.0,0.0,1,HUMAN
72,255,18,0.0,0.0,1,HUMAN
72,255,18,0.0,0.0,1,HUMAN
72,255,18,0.0,0.0,1,HUMAN
72,255,18,0.0,0.0,1,HUMAN
72,255,18,0.0,0.0,1,HUMAN
72,17,18,0.0,0.0,1,HUMAN
72,17,18,0.0,0.0,1,HUMAN
72,255,18,0.0,0.0,1,HUMAN
72,255,37,0.0,0.0,1,HUMAN
72,255,37,0.0,0.0,1,HUMAN
72,6,37,0.0,0.0,1,HUMAN
72,6,23,0.0,0.0,1,HUMAN
72,6,23,0.0,0.0,1,HUMAN
72,6,23,0.0,0.0,1,HUMAN
72,6,23,0.0,0.0,1,HUMAN
71,6,23,0.0,0.0,1,HUMAN
71,255,23,0.0,0.0,1,HUMAN
71,255,36,0.0,0.0,1,HUMAN
72,255,36,0.0,0.0,1,HUMAN
72,5,36,0.0,0.0,1,HUMAN
72,5,16,0.0,0.0,1,HUMAN
71,5,16,0.0,0.0,1,HUMAN
71,5,16,0.0,0.0,1,HUMAN
71,5,17,0.0,0.0,1,HUMAN
71,5,17,0.0,0.0,1,HUMAN
71,5,17,0.0,0.0,1,HUMAN
72,5,36,0.0,0.0,1,HUMAN
72,5,36,0.0,0.0,1,HUMAN
72,5,23,0.0,0.0,1,HUMAN
72,5,23,0.0,0.0,1,HUMAN
72,5,23,0.0,0.0,1,HUMAN
72,5,23,0.0,0.0,1,HUMAN
72,5,23,0.0,0.0,1,HUMAN
72,255,23,0.0,0.0,1,HUMAN
72,255,23,0.0,0.0,1,HUMAN
72,255,23,0.0,0.0,1,HUMAN
72,255,23,0.0,0.0,1,HUMAN
72,255,23,0.0,0.0,1,HUMAN
72,255,23,0.0,0.0,1,HUMAN
72,6,23,0.0,0.0,1,HUMAN
72,6,23,0.0,0.0,1,HUMAN
72,6,23,0.0,0.0,1,HUMAN
72,3,23,0.0,0.0,1,HUMAN
72,3,41,0.0,0.0,1,HUMAN
71,3,41,0.0,0.0,1,HUMAN
71,9,36,0.0,0.0,1,HUMAN
70,9,36,0.0,0.0,1,HUMAN
70,9,36,0.0,0.0,1,HUMAN
70,9,16,0.0,0.0,1,HUMAN
68,9,16,0.0,0.0,1,HUMAN
68,4,16,0.0,0.0,1,HUMAN
68,4,16,0.0,0.0,1,HUMAN
68,4,16,0.0,0.0,1,HUMAN
68,16,16,0.0,0.0,1,HUMAN
68,16,16,0.0,0.0,1,HUMAN
66,16,16,0.0,0.0,1,HUMAN
66,255,16,0.0,0.0,1,HUMAN
66,255,17,0.0,0.0,1,HUMAN
63,255,17,0.0,0.0,1,HUMAN
63,4,17,0.0,0.0,1,HUMAN
63,4,17,0.0,0.0,1,HUMAN
62,4,17,0.0,0.0,1,HUMAN
62,5,17,0.0,0.0,1,HUMAN
62,5,17,0.0,0.0,1,HUMAN
61,5,17,0.0,60.0,1,HUMAN
61,6,16,0.0,0.0,1,HUMAN
60,6,16,0.0,0.0,1,HUMAN
60,3,16,0.0,0.0,1,HUMAN
60,3,16,0.0,0.0,1,HUMAN
61,3,16,0.0,0.0,1,HUMAN
61,3,16,0.0,0.0,1,HUMAN
61,3,16,0.0,0.0,1,HUMAN
65,3,16,0.0,0.0,1,HUMAN
65,4,16,0.0,0.0,1,HUMAN
65,4,16,0.0,0.0,1,HUMAN
66,4,16,0.0,0.0,1,HUMAN
66,16,16,0.0,0.0,1,HUMAN
66,16,16,0.0,0.0,1,HUMAN
66,16,16,0.0,0.0,1,HUMAN
66,22,16,0.0,0.0,1,HUMAN
66,22,25,0.0,0.0,1,HUMAN
65,22,25,0.0,0.0,1,HUMAN
65,255,25,0.0,0.0,1,HUMAN
65,255,17,0.0,0.0,1,HUMAN
64,255,17,0.0,0.0,1,HUMAN
64,16,17,0.0,0.0,1,HUMAN
64,16,17,0.0,0.0,1,HUMAN
64,255,17,0.0,0.0,1,HUMAN
64,255,43,0.0,0.0,1,HUMAN
64,255,43,0.0,0.0,1,HUMAN
64,255,43,0.0,0.0,1,HUMAN
64,255,16,0.0,0.0,1,HUMAN
64,255,16,0.0,0.0,1,HUMAN
64,255,16,0.0,0.0,1,HUMAN
64,255,6,0.0,0.0,1,HUMAN
64,255,6,0.0,0.0,1,HUMAN
64,255,6,0.0,0.0,1,HUMAN
64,255,4,0.0,0.0,1,HUMAN
64,255,4,0.0,0.0,1,HUMAN
64,255,4,0.0,0.0,1,HUMAN
64,255,17,0.0,0.0,1,HUMAN
64,255,17,0.0,0.0,1,HUMAN
64,255,17,0.0,0.0,1,HUMAN
64,255,16,0.0,0.0,1,HUMAN
64,255,16,0.0,0.0,1,HUMAN
64,17,16,0.0,0.0,1,HUMAN
64,17,3,0.0,0.0,1,HUMAN
64,255,3,0.0,0.0,1,HUMAN
64,255,16,0.0,0.0,1,HUMAN
64,255,16,0.0,0.0,1,HUMAN
64,255,16,0.0,0.0,1,HUMAN
64,255,16,0.0,0.0,1,HUMAN
63,255,16,0.0,0.0,1,HUMAN
63,18,16,0.0,0.0,1,HUMAN
63,18,40,0.0,0.0,1,HUMAN
63,255,40,0.0,0.0,1,HUMAN
63,255,40,0.0,0.0,1,HUMAN
63,255,17,0.0,0.0,1,HUMAN
63,255,17,0.0,0.0,1,HUMAN
63,255,17,0.0,0.0,1,HUMAN
63,255,17,0.0,0.0,1,HUMAN
63,255,17,0.0,0.0,1,HUMAN
63,16,17,0.0,0.0,1,HUMAN
63,16,16,0.0,0.0,1,HUMAN
62,16,16,0.0,0.0,1,HUMAN
62,255,16,0.0,0.0,1,HUMAN
61,255,16,0.0,30.0,1,HUMAN
61,16,16,0.0,0.0,1,HUMAN
61,16,78,0.0,0.0,1,HUMAN
62,16,78,0.0,0.0,1,HUMAN
62,9,78,0.0,0.0,1,HUMAN
62,9,75,0.0,0.0,1,HUMAN
59,9,75,0.0,0.0,1,HUMAN
59,46,75,0.0,0.0,1,HUMAN
59,46,37,0.0,0.0,1,HUMAN
58,46,37,0.0,0.0,1,HUMAN
58,44,37,0.0,0.0,1,HUMAN
58,44,17,0.0,0.0,1,HUMAN
61,44,17,0.0,0.0,1,HUMAN
61,17,17,0.0,0.0,1,HUMAN
61,17,16,0.0,0.0,1,HUMAN
62,17,16,0.0,0.0,1,HUMAN
62,255,16,0.0,0.0,1,HUMAN
62,255,16,0.0,0.0,1,HUMAN
58,255,16,0.0,0.0,1,HUMAN
58,29,44,0.0,180.0,1,HUMAN
50,41,44,90.0,0.0,1,HUMAN
50,29,44,0.0,0.0,1,HUMAN
50,29,38,0.0,0.0,1,HUMAN
45,29,38,0.0,0.0,1,HUMAN
45,29,38,0.0,0.0,1,HUMAN
45,29,42,0.0,60.0,1,HUMAN
43,29,42,0.0,60.0,1,HUMAN
43,55,42,0.0,0.0,1,HUMAN
43,55,32,0.0,0.0,1,HUMAN
42,55,32,0.0,0.0,1,HUMAN
42,19,32,0.0,0.0,1,HUMAN
42,19,32,0.0,0.0,1,HUMAN
41,19,32,0.0,0.0,1,HUMAN
41,37,32,0.0,0.0,1,HUMAN
41,37,33,0.0,0.0,1,HUMAN
38,37,33,0.0,0.0,1,HUMAN
38,35,33,0.0,0.0,1,HUMAN
38,35,40,0.0,0.0,1,HUMAN
36,26,40,0.0,0.0,1,HUMAN
36,26,36,0.0,0.0,1,HUMAN
34,26,36,0.0,0.0,1,HUMAN
34,38,36,0.0,0.0,1,HUMAN
34,38,41,0.0,150.0,1,HUMAN
32,38,41,0.0,0.0,1,HUMAN
32,46,41,0.0,0.0,1,HUMAN
32,46,66,0.0,0.0,1,HUMAN
30,46,66,0.0,0.0,1,HUMAN
30,50,66,0.0,0.0,1,HUMAN
30,50,41,0.0,0.0,1,HUMAN
28,50,41,0.0,0.0,1,HUMAN
28,54,41,0.0,0.0,1,HUMAN
28,54,43,0.0,30.0,1,HUMAN
24,54,43,0.0,0.0,2,RULE
24,54,43,0.0,0.0,2,RULE
24,54,43,0.0,0.0,2,RULE
24,54,43,0.0,0.0,2,RULE
24,54,43,0.0,0.0,2,RULE
24,55,36,0.0,0.0,2,RULE
20,55,36,0.0,0.0,2,RULE
20,56,36,0.0,0.0,2,RULE
20,56,36,0.0,0.0,2,RULE
20,56,36,0.0,0.0,2,RULE
20,56,36,0.0,0.0,2,RULE
20,56,36,0.0,0.0,2,RULE
20,56,36,0.0,0.0,2,RULE
20,56,36,0.0,0.0,2,RULE
20,56,36,0.0,0.0,2,RULE
20,56,36,0.0,0.0,2,RULE
20,56,36,0.0,0.0,2,RULE
20,56,36,0.0,0.0,2,RULE
20,56,36,0.0,0.0,2,RULE
20,56,36,0.0,0.0,2,RULE
20,56,36,0.0,0.0,2,RULE
20,56,36,0.0,0.0,2,RULE
20,57,36,0.0,0.0,2,RULE
20,57,36,0.0,0.0,2,RULE
20,57,36,0.0,0.0,2,RULE
20,56,36,0.0,0.0,2,RULE
20,56,36,0.0,0.0,2,RULE
20,56,36,0.0,0.0,2,RULE
20,56,36,0.0,0.0,2,RULE
20,56,36,0.0,0.0,2,RULE
20,56,36,0.0,0.0,4,RULE
20,56,36,0.0,0.0,4,RULE
20,56,36,0.0,0.0,4,RULE
20,56,36,0.0,0.0,4,RULE
20,56,36,0.0,0.0,4,RULE
20,56,36,0.0,0.0,4,RULE
20,56,36,0.0,0.0,4,RULE
20,57,36,0.0,0.0,4,RULE
20,56,36,0.0,0.0,1,RULE
20,56,36,60.0,0.0,1,RULE
19,57,36,60.0,0.0,1,RULE
19,64,36,30.0,30.0,1,RULE
37,68,36,0.0,0.0,3,RULE
36,68,36,0.0,0.0,3,RULE
36,70,36,0.0,0.0,3,RULE
36,70,36,0.0,0.0,3,RULE
16,70,36,0.0,0.0,3,RULE
16,69,36,0.0,0.0,3,RULE
16,69,36,0.0,0.0,3,RULE
16,69,36,0.0,0.0,3,RULE
16,67,36,0.0,0.0,1,RULE
16,67,36,0.0,0.0,1,HUMAN
16,68,36,0.0,0.0,1,HUMAN
16,68,36,0.0,0.0,1,HUMAN
16,68,36,0.0,0.0,1,HUMAN
16,68,36,0.0,0.0,1,HUMAN
16,68,36,0.0,0.0,1,HUMAN
16,68,36,0.0,0.0,1,HUMAN
16,68,36,0.0,0.0,1,HUMAN
16,68,36,0.0,0.0,1,HUMAN
16,68,36,0.0,0.0,1,HUMAN
16,68,36,0.0,0.0,1,HUMAN
16,68,36,0.0,0.0,1,HUMAN
16,68,36,0.0,0.0,1,HUMAN
16,68,36,0.0,0.0,1,HUMAN
16,68,36,0.0,0.0,1,HUMAN
16,69,36,0.0,0.0,1,HUMAN
16,69,36,0.0,0.0,1,HUMAN
16,69,36,0.0,0.0,1,HUMAN
16,70,36,0.0,0.0,1,HUMAN
16,70,36,0.0,0.0,1,HUMAN
16,70,36,0.0,0.0,2,RULE
16,70,36,0.0,0.0,2,RULE
16,70,36,0.0,0.0,2,RULE
16,70,36,0.0,0.0,2,RULE
16,70,36,0.0,0.0,2,RULE
16,70,36,0.0,0.0,2,RULE
16,70,36,0.0,0.0,2,RULE
16,70,36,0.0,0.0,2,RULE
16,70,36,0.0,0.0,2,RULE
16,68,36,0.0,0.0,2,RULE
16,68,36,0.0,0.0,2,RULE
16,68,36,0.0,0.0,2,RULE
16,68,36,0.0,0.0,2,RULE
16,68,36,0.0,0.0,2,RULE
16,72,36,0.0,0.0,2,RULE
16,72,36,0.0,0.0,2,RULE
16,72,36,0.0,0.0,2,RULE
16,67,36,0.0,0.0,2,RULE
16,67,36,0.0,0.0,2,RULE
16,67,36,0.0,0.0,2,RULE
16,68,36,0.0,0.0,2,RULE
16,68,36,0.0,0.0,2,RULE
16,68,36,0.0,0.0,2,RULE
16,66,36,0.0,0.0,2,RULE
16,66,36,0.0,0.0,2,RULE
16,66,36,0.0,0.0,2,RULE
16,66,36,0.0,0.0,2,RULE
16,66,36,0.0,0.0,2,RULE
16,65,36,0.0,0.0,2,RULE
16,65,36,0.0,0.0,4,RULE
16,65,36,0.0,0.0,4,RULE
16,65,36,0.0,0.0,4,RULE
16,68,36,0.0,0.0,4,RULE
16,68,36,0.0,0.0,4,RULE
16,68,36,0.0,0.0,4,RULE
16,67,36,0.0,0.0,4,RULE
16,67,36,0.0,0.0,4,RULE
16,68,36,0.0,0.0,1,RULE
16,68,36,0.0,0.0,1,RULE
16,67,36,0.0,0.0,1,RULE
16,67,36,0.0,0.0,1,RULE
16,67,36,0.0,0.0,1,RULE
16,68,36,0.0,0.0,1,RULE
16,68,36,0.0,0.0,1,RULE
16,73,36,0.0,0.0,1,RULE
16,73,36,0.0,0.0,1,RULE
16,73,36,0.0,0.0,1,RULE
16,72,36,0.0,0.0,1,RULE
16,72,36,0.0,0.0,1,RULE
16,72,36,0.0,0.0,1,RULE
16,69,36,0.0,0.0,1,RULE
16,69,36,0.0,0.0,1,RULE
16,69,36,0.0,0.0,1,RULE
16,63,36,0.0,0.0,1,RULE
16,63,36,0.0,0.0,1,RULE
16,63,36,0.0,0.0,1,RULE
16,63,36,0.0,0.0,1,RULE
16,63,36,0.0,0.0,3,RULE
16,63,36,0.0,0.0,3,RULE
16,63,36,0.0,0.0,3,RULE
16,63,36,0.0,0.0,3,RULE
16,63,36,0.0,0.0,3,RULE
16,63,36,0.0,0.0,3,RULE
16,63,36,0.0,0.0,3,RULE
16,67,36,0.0,0.0,1,HUMAN
16,67,36,0.0,0.0,1,HUMAN
16,66,36,0.0,0.0,1,HUMAN
16,66,36,0.0,0.0,1,HUMAN
16,66,36,0.0,0.0,1,HUMAN
16,67,36,0.0,0.0,1,HUMAN
16,67,36,0.0,0.0,1,HUMAN
16,67,36,0.0,0.0,1,HUMAN
16,67,36,0.0,0.0,1,HUMAN
16,67,36,0.0,0.0,1,HUMAN
16,67,36,0.0,0.0,1,HUMAN
16,65,36,0.0,0.0,1,HUMAN
16,65,36,0.0,0.0,1,HUMAN
16,65,36,0.0,0.0,1,HUMAN
16,66,36,0.0,0.0,1,HUMAN
16,66,36,0.0,0.0,1,HUMAN
16,66,36,0.0,0.0,1,HUMAN
16,67,36,0.0,0.0,1,HUMAN
16,67,36,0.0,0.0,1,HUMAN
16,66,36,0.0,0.0,1,HUMAN
16,66,36,0.0,0.0,2,RULE
16,66,36,0.0,0.0,2,RULE
16,66,36,0.0,0.0,2,RULE
16,66,36,0.0,0.0,2,RULE
16,66,36,0.0,0.0,2,RULE
16,66,36,0.0,0.0,2,RULE
16,66,36,0.0,0.0,2,RULE
16,68,36,0.0,0.0,2,RULE
16,68,36,0.0,0.0,2,RULE
16,68,36,0.0,0.0,2,RULE
16,66,36,0.0,0.0,2,RULE
16,66,36,0.0,0.0,2,RULE
16,66,36,0.0,0.0,2,RULE
16,66,36,0.0,0.0,2,RULE
16,66,36,0.0,0.0,2,RULE
16,66,36,0.0,0.0,2,RULE
16,66,36,0.0,0.0,2,RULE
16,66,36,0.0,0.0,2,RULE
16,69,36,0.0,0.0,2,RULE
16,69,36,0.0,0.0,2,RULE
16,69,36,0.0,0.0,2,RULE
16,65,36,0.0,0.0,2,RULE
16,65,36,0.0,0.0,2,RULE
16,65,36,0.0,0.0,2,RULE
16,68,36,0.0,0.0,2,RULE
16,68,36,0.0,0.0,2,RULE
16,68,36,0.0,0.0,2,RULE
16,67,36,0.0,0.0,2,RULE
16,67,36,0.0,0.0,2,RULE
16,67,36,0.0,0.0,2,RULE
16,66,36,0.0,0.0,4,RULE
16,68,36,0.0,0.0,4,RULE
16,68,36,0.0,0.0,4,RULE
16,68,36,0.0,0.0,4,RULE
16,68,36,0.0,0.0,4,RULE
16,68,36,0.0,0.0,4,RULE
16,68,36,0.0,0.0,4,RULE
16,68,36,0.0,0.0,4,RULE
16,68,36,0.0,0.0,1,RULE
16,68,36,0.0,0.0,1,RULE
16,65,36,0.0,0.0,1,RULE
16,65,36,0.0,0.0,1,RULE
16,65,36,0.0,0.0,1,RULE
16,63,36,0.0,0.0,1,RULE
16,63,36,0.0,0.0,1,RULE
16,63,36,0.0,0.0,1,RULE
16,66,36,0.0,0.0,1,RULE
16,66,36,0.0,0.0,1,RULE
16,66,36,0.0,0.0,1,RULE
16,66,36,0.0,0.0,1,RULE
16,66,36,0.0,0.0,1,RULE
16,66,36,0.0,0.0,1,RULE
16,66,36,0.0,0.0,1,RULE
16,66,36,0.0,0.0,1,RULE
16,66,36,0.0,0.0,1,RULE
16,65,36,0.0,0.0,1,RULE
16,65,36,0.0,0.0,1,RULE
16,65,36,0.0,0.0,3,RULE
16,65,36,0.0,0.0,3,RULE
16,65,36,0.0,0.0,3,RULE
16,65,36,0.0,0.0,3,RULE
16,65,36,0.0,0.0,3,RULE
16,65,36,0.0,0.0,3,RULE
16,65,36,0.0,0.0,3,RULE
16,65,36,0.0,0.0,3,RULE
16,65,36,0.0,0.0,2,HUMAN
16,65,36,0.0,0.0,2,HUMAN
16,65,36,0.0,0.0,2,HUMAN
16,65,36,0.0,0.0,2,HUMAN
16,65,36,0.0,0.0,2,HUMAN
16,65,36,0.0,0.0,2,HUMAN
16,65,36,0.0,0.0,2,HUMAN
16,65,36,0.0,0.0,2,HUMAN
16,65,36,0.0,0.0,2,HUMAN
16,66,36,0.0,0.0,2,HUMAN
16,66,36,0.0,0.0,2,HUMAN
16,66,36,0.0,0.0,2,HUMAN
16,66,36,0.0,0.0,2,HUMAN
16,66,36,0.0,0.0,2,HUMAN
16,66,36,0.0,0.0,2,HUMAN
16,67,36,0.0,0.0,2,HUMAN
16,67,36,0.0,0.0,2,HUMAN
16,67,36,0.0,0.0,2,HUMAN
16,67,36,0.0,0.0,2,HUMAN
16,67,36,0.0,0.0,2,HUMAN
16,67,36,0.0,0.0,2,HUMAN
16,64,36,0.0,0.0,2,HUMAN
16,64,36,0.0,0.0,2,HUMAN
16,64,36,0.0,0.0,2,HUMAN
16,68,36,0.0,0.0,2,HUMAN
16,68,36,0.0,0.0,2,HUMAN
16,68,36,0.0,0.0,2,HUMAN
16,71,36,0.0,0.0,2,HUMAN
16,71,36,0.0,0.0,2,HUMAN
16,68,36,0.0,0.0,2,HUMAN
16,68,36,0.0,0.0,2,HUMAN
16,68,36,0.0,0.0,2,HUMAN
16,66,36,0.0,0.0,2,HUMAN
16,66,36,0.0,0.0,2,HUMAN
16,66,36,0.0,0.0,2,HUMAN
16,68,36,0.0,0.0,2,HUMAN
16,68,36,0.0,0.0,2,HUMAN
16,68,36,0.0,0.0,2,HUMAN
16,66,36,0.0,0.0,2,HUMAN
16,66,36,0.0,0.0,2,HUMAN
16,66,36,0.0,0.0,2,HUMAN
16,61,36,0.0,0.0,2,HUMAN
16,61,36,0.0,0.0,2,HUMAN
16,61,36,0.0,0.0,2,HUMAN
16,60,36,0.0,0.0,2,HUMAN
16,63,29,0.0,0.0,2,RULE
16,63,29,0.0,0.0,2,RULE
16,63,29,0.0,0.0,2,RULE
16,63,29,0.0,0.0,2,RULE
16,63,29,0.0,0.0,2,RULE
16,63,33,0.0,0.0,2,RULE
16,63,33,0.0,0.0,2,RULE
16,65,33,0.0,0.0,2,RULE
16,65,36,0.0,0.0,2,RULE
16,64,36,0.0,0.0,2,RULE
16,64,36,0.0,0.0,2,RULE
16,64,36,0.0,0.0,2,RULE
16,65,36,0.0,0.0,2,RULE
16,65,36,0.0,0.0,2,RULE
16,65,36,0.0,0.0,2,RULE
16,61,36,0.0,0.0,2,RULE
16,61,36,0.0,0.0,2,RULE
16,61,36,0.0,0.0,2,RULE
16,62,36,0.0,0.0,2,RULE
16,62,36,0.0,0.0,2,HUMAN
16,62,36,0.0,0.0,2,HUMAN
16,60,36,0.0,0.0,2,HUMAN
16,60,36,0.0,0.0,2,HUMAN
16,60,36,0.0,0.0,2,HUMAN
16,62,36,0.0,0.0,2,HUMAN
16,62,36,0.0,0.0,2,HUMAN
16,62,36,0.0,0.0,2,HUMAN
16,62,36,0.0,0.0,2,HUMAN
16,62,36,0.0,0.0,2,HUMAN
56,21,16,0.0,0.0,1,HUMAN
56,21,16,0.0,0.0,1,HUMAN
56,21,16,0.0,0.0,1,HUMAN
56,21,16,0.0,0.0,1,HUMAN
56,20,16,0.0,0.0,1,HUMAN
56,20,16,0.0,0.0,1,HUMAN
56,20,16,0.0,0.0,1,HUMAN
56,20,16,0.0,0.0,1,HUMAN
56,20,16,0.0,0.0,1,HUMAN
56,20,16,0.0,0.0,1,HUMAN
56,21,16,0.0,0.0,1,HUMAN
56,21,16,0.0,0.0,1,HUMAN
56,21,16,0.0,0.0,1,HUMAN
56,20,16,0.0,0.0,1,HUMAN
56,20,16,0.0,0.0,1,HUMAN
56,21,16,0.0,0.0,1,HUMAN
56,21,16,0.0,0.0,1,HUMAN
56,21,16,0.0,0.0,1,HUMAN
56,21,16,0.0,0.0,1,HUMAN
56,21,16,0.0,0.0,1,HUMAN
56,21,16,0.0,0.0,1,HUMAN
56,21,16,0.0,0.0,1,HUMAN
56,21,16,0.0,0.0,1,HUMAN
56,21,16,0.0,0.0,1,HUMAN
56,20,16,0.0,0.0,1,HUMAN
56,20,16,0.0,0.0,1,HUMAN
56,20,16,0.0,0.0,1,HUMAN
56,20,16,0.0,0.0,1,HUMAN
56,20,16,0.0,0.0,1,HUMAN
56,20,16,0.0,0.0,1,HUMAN
56,20,16,0.0,0.0,1,HUMAN
56,20,16,0.0,0.0,1,HUMAN
56,20,16,0.0,0.0,1,HUMAN
56,20,16,0.0,0.0,1,HUMAN
56,20,16,0.0,0.0,1,HUMAN
56,20,16,0.0,0.0,1,HUMAN
56,20,16,0.0,0.0,1,HUMAN
56,20,16,0.0,0.0,1,HUMAN
56,20,16,0.0,0.0,1,HUMAN
56,20,16,0.0,0.0,1,HUMAN
56,20,16,0.0,0.0,1,HUMAN
56,20,16,0.0,0.0,1,HUMAN
56,20,16,0.0,0.0,1,HUMAN
56,20,16,0.0,0.0,1,HUMAN
56,20,16,0.0,0.0,3,HUMAN
56,20,16,0.0,0.0,3,HUMAN
56,20,16,0.0,0.0,3,HUMAN
56,20,16,0.0,0.0,3,HUMAN
56,20,16,0.0,0.0,3,HUMAN
56,20,16,0.0,0.0,3,HUMAN
56,20,16,0.0,0.0,3,HUMAN
56,20,16,0.0,0.0,3,HUMAN
60,20,16,0.0,0.0,3,HUMAN
60,20,16,0.0,0.0,3,HUMAN
60,20,16,0.0,0.0,3,HUMAN
56,20,16,0.0,0.0,2,HUMAN
56,20,16,0.0,0.0,2,HUMAN
56,20,16,0.0,0.0,2,HUMAN
56,20,16,0.0,0.0,2,HUMAN
56,20,16,0.0,0.0,2,HUMAN
56,20,16,0.0,0.0,2,HUMAN
56,20,16,0.0,0.0,2,HUMAN
56,20,16,0.0,0.0,2,HUMAN
56,20,16,0.0,0.0,2,HUMAN
56,20,16,0.0,0.0,2,HUMAN
56,20,16,0.0,0.0,2,HUMAN
56,20,16,0.0,0.0,2,HUMAN
56,20,16,0.0,0.0,2,HUMAN
56,20,16,0.0,0.0,2,HUMAN
56,20,16,0.0,0.0,2,HUMAN
56,20,16,0.0,0.0,2,HUMAN
56,20,16,0.0,0.0,2,HUMAN
56,20,16,0.0,0.0,2,HUMAN
56,21,16,0.0,0.0,2,HUMAN
56,21,16,0.0,0.0,2,HUMAN
56,21,16,0.0,0.0,2,HUMAN
56,29,16,0.0,0.0,2,HUMAN
56,29,16,0.0,0.0,2,HUMAN
56,3,16,0.0,0.0,2,HUMAN
56,3,16,0.0,0.0,2,HUMAN
56,3,16,0.0,0.0,2,HUMAN
56,3,16,0.0,0.0,2,HUMAN
56,3,16,0.0,0.0,2,HUMAN
56,3,16,0.0,0.0,2,HUMAN
56,8,16,0.0,0.0,2,HUMAN
56,8,16,0.0,0.0,2,HUMAN
57,8,16,0.0,0.0,2,HUMAN
57,9,16,0.0,0.0,2,HUMAN
57,9,16,0.0,0.0,2,HUMAN
60,9,16,0.0,0.0,2,HUMAN
60,7,16,0.0,0.0,2,HUMAN
60,7,38,0.0,0.0,2,HUMAN
58,7,38,0.0,0.0,2,HUMAN
58,19,38,0.0,0.0,2,HUMAN
58,19,40,0.0,0.0,2,HUMAN
55,19,40,0.0,0.0,2,HUMAN
55,29,40,0.0,0.0,2,HUMAN
55,29,22,0.0,0.0,2,HUMAN
55,24,22,0.0,0.0,2,HUMAN
55,24,21,0.0,0.0,2,HUMAN
55,24,21,0.0,0.0,2,HUMAN
55,25,21,0.0,0.0,2,HUMAN
55,25,21,0.0,0.0,2,HUMAN
56,25,21,0.0,0.0,2,HUMAN
56,24,21,0.0,0.0,2,HUMAN
56,24,23,0.0,0.0,2,HUMAN
58,24,23,0.0,0.0,2,HUMAN
58,25,23,0.0,0.0,2,HUMAN
58,25,22,0.0,0.0,2,HUMAN
56,25,22,0.0,0.0,2,HUMAN
56,24,22,0.0,0.0,2,HUMAN
56,24,22,0.0,0.0,2,HUMAN
59,24,22,0.0,0.0,2,HUMAN
59,23,22,0.0,0.0,2,HUMAN
59,23,22,0.0,0.0,2,HUMAN
58,23,22,0.0,0.0,2,HUMAN
58,23,22,0.0,0.0,2,HUMAN
58,23,22,0.0,0.0,2,HUMAN
58,23,22,0.0,0.0,2,HUMAN
58,23,22,0.0,0.0,2,HUMAN
59,23,22,0.0,0.0,2,HUMAN
59,23,22,0.0,0.0,2,HUMAN
59,23,22,0.0,0.0,2,HUMAN
57,23,22,0.0,0.0,1,HUMAN
57,23,22,0.0,0.0,1,HUMAN
57,24,22,0.0,0.0,1,HUMAN
57,24,22,0.0,0.0,1,HUMAN
58,24,22,0.0,0.0,1,HUMAN
58,23,22,0.0,0.0,1,HUMAN
58,23,22,0.0,0.0,1,HUMAN
57,23,22,0.0,0.0,1,HUMAN
57,23,22,0.0,0.0,1,HUMAN
58,23,22,0.0,0.0,1,HUMAN
58,23,22,0.0,0.0,1,HUMAN
58,23,22,0.0,0.0,1,HUMAN
70,13,25,0.0,0.0,1,HUMAN
70,9,25,0.0,0.0,1,HUMAN
70,9,22,0.0,0.0,1,HUMAN
68,9,22,0.0,0.0,1,HUMAN
68,9,22,0.0,0.0,1,HUMAN
68,9,21,0.0,0.0,1,HUMAN
70,9,21,0.0,0.0,1,HUMAN
70,10,21,0.0,0.0,1,HUMAN
70,10,22,0.0,0.0,1,HUMAN
70,10,22,0.0,0.0,1,HUMAN
70,16,22,0.0,0.0,1,HUMAN
70,16,21,0.0,0.0,1,HUMAN
70,16,21,0.0,0.0,1,HUMAN
70,16,21,0.0,0.0,1,HUMAN
70,16,23,0.0,0.0,1,HUMAN
70,16,23,0.0,0.0,1,HUMAN
70,16,23,0.0,0.0,1,HUMAN
70,16,22,0.0,0.0,1,HUMAN
70,16,22,0.0,0.0,1,HUMAN
70,16,22,0.0,0.0,1,HUMAN
70,16,24,0.0,0.0,1,HUMAN
70,16,24,0.0,0.0,1,HUMAN
70,9,23,0.0,0.0,1,HUMAN
70,9,23,0.0,0.0,1,HUMAN
70,13,23,0.0,0.0,1,HUMAN
70,13,23,0.0,0.0,1,HUMAN
70,13,23,0.0,0.0,1,HUMAN
70,7,23,0.0,0.0,1,HUMAN
70,7,23,0.0,0.0,1,HUMAN
70,7,23,0.0,0.0,1,HUMAN
70,9,23,0.0,0.0,1,HUMAN
70,9,23,0.0,0.0,1,HUMAN
70,9,23,0.0,0.0,1,HUMAN
70,16,23,0.0,0.0,1,HUMAN
70,16,23,0.0,0.0,1,HUMAN
70,16,23,0.0,0.0,1,HUMAN
70,8,23,0.0,0.0,1,HUMAN
70,8,23,0.0,0.0,1,HUMAN
70,8,23,0.0,0.0,1,HUMAN
70,9,23,0.0,0.0,1,HUMAN
70,9,22,0.0,0.0,1,HUMAN
164,9,22,0.0,0.0,1,HUMAN
164,7,22,0.0,0.0,1,HUMAN
69,7,23,0.0,0.0,1,HUMAN
69,9,23,0.0,0.0,1,HUMAN
69,9,23,0.0,0.0,1,HUMAN
66,9,23,0.0,0.0,1,HUMAN
66,8,23,0.0,0.0,1,HUMAN
66,8,23,0.0,0.0,1,HUMAN
70,8,23,0.0,0.0,1,HUMAN
70,9,23,0.0,0.0,1,HUMAN
70,9,22,0.0,0.0,1,HUMAN
70,9,22,0.0,0.0,1,HUMAN
70,8,22,0.0,0.0,1,HUMAN
70,8,23,0.0,0.0,1,HUMAN
70,8,23,0.0,0.0,1,HUMAN
70,8,23,0.0,0.0,1,HUMAN
70,8,23,0.0,0.0,1,HUMAN
70,8,23,0.0,0.0,1,HUMAN
70,8,23,0.0,0.0,1,HUMAN
70,8,23,0.0,0.0,1,HUMAN
70,8,23,0.0,0.0,1,HUMAN
70,8,23,0.0,0.0,1,HUMAN
70,8,23,0.0,0.0,1,HUMAN
70,8,23,0.0,0.0,1,HUMAN
70,8,23,0.0,0.0,1,HUMAN
70,8,23,0.0,0.0,1,HUMAN
70,8,23,0.0,0.0,1,HUMAN
70,8,23,0.0,0.0,1,HUMAN
70,8,23,0.0,0.0,1,HUMAN
70,8,23,0.0,0.0,1,HUMAN
70,8,23,0.0,0.0,1,HUMAN
70,8,23,0.0,0.0,1,HUMAN
70,8,23,0.0,0.0,1,HUMAN
70,8,23,0.0,0.0,1,HUMAN
70,8,23,0.0,0.0,1,HUMAN
70,9,23,0.0,0.0,1,HUMAN
70,9,22,0.0,0.0,1,HUMAN
70,9,22,0.0,0.0,1,HUMAN
70,9,22,0.0,0.0,1,HUMAN
70,9,23,0.0,0.0,1,HUMAN
70,9,23,0.0,0.0,1,HUMAN
70,9,23,0.0,0.0,1,HUMAN
70,9,23,0.0,0.0,1,HUMAN
70,8,23,0.0,0.0,1,HUMAN
70,8,23,0.0,0.0,1,HUMAN
70,8,23,0.0,0.0,1,HUMAN
70,8,23,0.0,0.0,1,HUMAN
70,8,23,0.0,0.0,1,HUMAN
70,8,23,0.0,0.0,1,HUMAN
70,8,23,0.0,0.0,1,HUMAN
70,8,23,0.0,0.0,1,HUMAN
70,8,23,0.0,0.0,1,HUMAN
70,8,23,0.0,0.0,1,HUMAN
70,8,23,0.0,0.0,1,HUMAN
70,8,23,0.0,0.0,1,HUMAN
70,8,23,0.0,0.0,1,HUMAN
70,8,23,0.0,0.0,1,HUMAN
70,8,23,0.0,0.0,1,HUMAN
70,8,23,0.0,0.0,1,HUMAN
70,8,23,0.0,0.0,1,HUMAN
70,8,23,0.0,0.0,1,HUMAN
70,8,23,0.0,0.0,1,HUMAN
70,8,23,0.0,0.0,1,HUMAN
70,9,23,0.0,0.0,1,HUMAN
70,9,23,0.0,0.0,1,HUMAN
70,9,23,0.0,0.0,1,HUMAN
70,9,23,0.0,0.0,1,HUMAN
70,9,21,0.0,0.0,1,HUMAN
70,9,21,0.0,0.0,1,HUMAN
70,10,21,0.0,0.0,1,HUMAN
70,10,21,0.0,0.0,1,HUMAN
68,10,21,0.0,0.0,1,HUMAN
68,16,21,0.0,0.0,1,HUMAN
68,16,22,0.0,0.0,1,HUMAN
65,16,22,0.0,0.0,1,HUMAN
65,16,22,0.0,0.0,1,HUMAN
65,16,22,0.0,0.0,1,HUMAN
65,16,22,0.0,0.0,1,HUMAN
65,16,22,0.0,0.0,1,HUMAN
65,16,21,0.0,0.0,1,HUMAN
66,16,21,0.0,0.0,1,HUMAN
66,16,25,0.0,0.0,1,HUMAN
65,16,25,0.0,0.0,1,HUMAN
65,17,25,0.0,0.0,1,HUMAN
65,17,21,0.0,0.0,1,HUMAN
64,17,21,0.0,0.0,1,HUMAN
64,17,21,0.0,0.0,1,HUMAN
64,17,50,0.0,0.0,1,HUMAN
63,17,50,0.0,0.0,1,HUMAN
63,15,50,0.0,0.0,1,HUMAN
63,15,8,0.0,0.0,1,HUMAN
63,15,8,0.0,0.0,1,HUMAN
63,16,8,0.0,0.0,1,HUMAN
63,16,3,0.0,0.0,1,HUMAN
62,16,3,0.0,60.0,1,HUMAN
62,17,3,0.0,0.0,1,HUMAN
62,17,41,0.0,0.0,1,HUMAN
59,17,41,0.0,0.0,1,HUMAN
59,17,41,0.0,0.0,1,HUMAN
59,17,23,0.0,0.0,1,HUMAN
57,17,23,0.0,0.0,1,HUMAN
57,20,23,0.0,0.0,1,HUMAN
56,20,44,0.0,0.0,1,HUMAN
56,23,44,0.0,0.0,1,HUMAN
56,23,30,0.0,0.0,1,HUMAN
56,23,30,0.0,0.0,1,HUMAN
56,26,30,0.0,0.0,1,HUMAN
56,26,56,0.0,0.0,1,HUMAN
56,26,56,0.0,0.0,1,HUMAN
56,28,56,0.0,0.0,1,HUMAN
56,28,58,0.0,0.0,1,HUMAN
153,28,58,0.0,0.0,1,HUMAN
153,29,58,0.0,0.0,1,HUMAN
153,29,56,0.0,0.0,1,HUMAN
153,29,56,0.0,0.0,1,HUMAN
153,29,56,0.0,0.0,1,HUMAN
153,29,56,0.0,0.0,1,HUMAN
153,29,56,0.0,0.0,1,HUMAN
153,29,56,0.0,0.0,1,HUMAN
153,29,56,0.0,0.0,1,HUMAN
153,29,56,0.0,0.0,1,HUMAN
153,29,56,0.0,0.0,1,HUMAN
153,29,56,0.0,0.0,1,HUMAN
153,29,56,0.0,0.0,1,HUMAN
153,29,56,0.0,0.0,1,HUMAN
153,29,56,0.0,0.0,1,HUMAN
153,29,56,0.0,0.0,1,HUMAN
153,29,56,0.0,0.0,1,HUMAN
153,29,56,0.0,0.0,1,HUMAN
153,29,56,0.0,0.0,1,HUMAN
153,29,56,0.0,0.0,1,HUMAN
125,3,3,0.0,0.0,1,HUMAN
125,44,3,0.0,0.0,1,HUMAN
125,44,46,0.0,0.0,1,HUMAN
125,44,46,0.0,0.0,1,HUMAN
125,49,46,0.0,0.0,1,HUMAN
125,49,35,0.0,0.0,1,HUMAN
136,49,35,0.0,0.0,1,HUMAN
136,49,35,0.0,0.0,1,HUMAN
136,49,30,0.0,0.0,1,HUMAN
136,49,30,0.0,0.0,1,HUMAN
136,21,30,0.0,0.0,1,HUMAN
136,21,30,0.0,0.0,1,HUMAN
136,21,30,0.0,0.0,1,HUMAN
136,23,30,0.0,0.0,1,HUMAN
136,23,31,0.0,0.0,1,HUMAN
120,23,31,0.0,0.0,1,HUMAN
120,16,31,0.0,0.0,1,HUMAN
120,16,31,0.0,0.0,1,HUMAN
120,54,31,0.0,0.0,1,HUMAN
120,54,35,0.0,0.0,1,HUMAN
120,54,35,0.0,0.0,1,HUMAN
120,51,35,0.0,0.0,1,HUMAN
120,51,54,0.0,0.0,1,HUMAN
121,51,54,0.0,0.0,1,HUMAN
121,11,54,0.0,0.0,1,HUMAN
121,11,46,0.0,0.0,1,HUMAN
120,11,46,0.0,0.0,1,HUMAN
120,16,46,0.0,0.0,1,HUMAN
120,16,46,0.0,0.0,1,HUMAN
120,16,46,0.0,0.0,1,HUMAN
120,16,46,0.0,0.0,1,HUMAN
120,16,46,0.0,0.0,1,HUMAN
120,16,46,0.0,0.0,1,HUMAN
120,16,46,0.0,0.0,1,HUMAN
120,16,46,0.0,0.0,1,HUMAN
120,16,46,0.0,0.0,1,HUMAN
120,16,46,0.0,0.0,1,HUMAN
120,16,46,0.0,0.0,1,HUMAN
120,16,46,0.0,0.0,1,HUMAN
120,16,46,0.0,0.0,1,HUMAN
120,16,46,0.0,0.0,1,HUMAN
120,16,46,0.0,0.0,1,HUMAN
120,16,46,0.0,0.0,1,HUMAN
120,16,46,0.0,0.0,1,HUMAN
120,16,46,0.0,0.0,1,HUMAN
120,16,46,0.0,0.0,1,HUMAN
120,16,46,0.0,0.0,1,HUMAN
120,16,46,0.0,0.0,1,HUMAN
120,16,46,0.0,0.0,1,HUMAN
120,16,46,0.0,0.0,1,HUMAN
120,16,46,0.0,0.0,1,HUMAN
120,16,46,0.0,0.0,1,HUMAN
120,16,46,0.0,0.0,1,HUMAN
120,16,46,0.0,0.0,1,HUMAN
120,16,46,0.0,0.0,1,HUMAN
120,16,46,0.0,0.0,1,HUMAN
120,16,46,0.0,0.0,1,HUMAN
120,16,46,0.0,0.0,1,HUMAN
120,16,46,0.0,0.0,1,HUMAN
120,16,46,0.0,0.0,1,HUMAN
120,16,46,0.0,0.0,1,HUMAN
120,16,46,0.0,0.0,1,HUMAN
120,16,46,0.0,0.0,1,HUMAN
120,16,46,0.0,0.0,1,HUMAN
120,16,46,0.0,0.0,1,HUMAN
120,16,46,0.0,0.0,1,HUMAN
120,16,46,0.0,0.0,1,HUMAN
120,16,46,0.0,0.0,1,HUMAN
120,16,46,0.0,0.0,1,HUMAN
120,16,46,0.0,0.0,1,HUMAN
120,16,46,0.0,0.0,1,HUMAN
120,16,46,0.0,0.0,1,HUMAN
120,16,46,0.0,0.0,1,HUMAN
120,16,46,0.0,0.0,1,HUMAN
120,16,46,0.0,0.0,1,HUMAN
120,16,46,0.0,0.0,1,HUMAN
120,16,46,0.0,0.0,1,HUMAN
120,16,46,0.0,0.0,1,HUMAN
120,16,46,0.0,0.0,1,HUMAN
120,16,46,0.0,0.0,1,HUMAN
120,16,46,0.0,0.0,1,HUMAN
120,16,46,0.0,0.0,1,HUMAN
120,16,46,0.0,0.0,1,HUMAN
120,16,46,0.0,0.0,1,HUMAN
120,16,46,0.0,0.0,1,HUMAN
120,16,46,0.0,0.0,1,HUMAN
120,16,46,0.0,0.0,1,HUMAN
120,16,46,0.0,0.0,1,HUMAN
120,16,46,0.0,0.0,1,HUMAN
120,16,46,0.0,0.0,1,HUMAN
120,16,46,0.0,0.0,1,HUMAN
120,16,46,0.0,0.0,1,HUMAN
120,16,46,0.0,0.0,1,HUMAN
120,16,46,0.0,0.0,1,HUMAN
120,16,46,0.0,0.0,1,HUMAN
120,16,46,0.0,0.0,1,HUMAN
120,16,46,0.0,0.0,1,HUMAN
120,16,46,0.0,0.0,1,HUMAN
120,16,46,0.0,0.0,1,HUMAN
120,16,46,0.0,0.0,1,HUMAN
120,16,46,0.0,0.0,1,HUMAN
120,16,46,0.0,0.0,1,HUMAN
120,16,46,0.0,0.0,1,HUMAN
120,16,46,0.0,0.0,1,HUMAN
120,16,46,0.0,0.0,1,HUMAN
120,16,46,0.0,0.0,1,HUMAN
120,16,46,0.0,0.0,1,HUMAN
120,16,46,0.0,0.0,1,HUMAN
120,16,46,0.0,0.0,1,HUMAN
120,16,46,0.0,0.0,1,HUMAN
120,16,46,0.0,0.0,1,HUMAN
120,16,46,0.0,0.0,1,HUMAN
120,16,46,0.0,0.0,1,HUMAN
120,16,46,0.0,0.0,1,HUMAN
120,16,46,0.0,0.0,1,HUMAN
120,16,46,0.0,0.0,1,HUMAN
120,16,46,0.0,0.0,1,HUMAN
120,16,46,0.0,0.0,1,HUMAN
120,16,46,0.0,0.0,1,HUMAN
120,16,46,0.0,0.0,1,HUMAN
120,16,46,0.0,0.0,1,HUMAN
120,16,46,0.0,0.0,1,HUMAN
120,16,46,0.0,0.0,1,HUMAN
120,16,46,0.0,0.0,1,HUMAN
120,16,46,0.0,0.0,1,HUMAN
120,16,46,0.0,0.0,1,HUMAN
120,16,46,0.0,0.0,1,HUMAN
120,16,46,0.0,0.0,1,HUMAN
120,16,46,0.0,0.0,1,HUMAN
120,16,46,0.0,0.0,1,HUMAN
120,16,46,0.0,0.0,1,HUMAN
120,16,46,0.0,0.0,1,HUMAN
120,16,46,0.0,0.0,1,HUMAN
120,16,46,0.0,0.0,1,HUMAN
120,16,46,0.0,0.0,1,HUMAN
120,16,46,0.0,0.0,1,HUMAN
120,16,46,0.0,0.0,1,HUMAN
120,16,46,0.0,0.0,1,HUMAN
120,16,46,0.0,0.0,1,HUMAN
120,16,46,0.0,0.0,1,HUMAN
120,16,46,0.0,0.0,1,HUMAN
120,16,46,0.0,0.0,1,HUMAN
120,16,46,0.0,0.0,1,HUMAN
120,16,46,0.0,0.0,1,HUMAN
120,16,46,0.0,0.0,1,HUMAN
120,16,46,0.0,0.0,1,HUMAN
120,16,46,0.0,0.0,1,HUMAN
120,16,46,0.0,0.0,1,HUMAN
120,16,46,0.0,0.0,1,HUMAN
120,16,46,0.0,0.0,1,HUMAN
120,16,46,0.0,0.0,1,HUMAN
120,16,46,0.0,0.0,1,HUMAN
120,16,46,0.0,0.0,1,HUMAN
120,16,46,0.0,0.0,1,HUMAN
120,16,46,0.0,0.0,1,HUMAN
120,16,46,0.0,0.0,1,HUMAN
120,16,46,0.0,0.0,1,HUMAN
120,16,46,0.0,0.0,1,HUMAN
120,16,46,0.0,0.0,1,HUMAN
120,16,46,0.0,0.0,1,HUMAN
120,16,46,0.0,0.0,1,HUMAN
120,16,46,0.0,0.0,1,HUMAN
120,16,46,0.0,0.0,1,HUMAN
120,16,46,0.0,0.0,1,HUMAN
120,16,46,0.0,0.0,1,HUMAN
120,16,46,0.0,0.0,1,HUMAN
120,16,46,0.0,0.0,1,HUMAN
120,16,46,0.0,0.0,1,HUMAN
120,16,46,0.0,0.0,1,HUMAN
120,16,46,0.0,0.0,1,HUMAN
120,16,46,0.0,0.0,1,HUMAN
120,16,46,0.0,0.0,1,HUMAN
120,16,46,0.0,0.0,1,HUMAN
120,16,46,0.0,0.0,1,HUMAN
120,16,46,0.0,0.0,1,HUMAN
120,16,46,0.0,0.0,1,HUMAN
120,16,46,0.0,0.0,1,HUMAN
120,16,46,0.0,0.0,1,HUMAN
120,16,46,0.0,0.0,1,HUMAN
120,16,46,0.0,0.0,1,HUMAN
120,16,46,0.0,0.0,1,HUMAN
120,16,46,0.0,0.0,1,HUMAN
120,16,46,0.0,0.0,1,HUMAN
120,16,46,0.0,0.0,1,HUMAN
120,16,46,0.0,0.0,1,HUMAN
120,16,46,0.0,0.0,1,HUMAN
120,16,46,0.0,0.0,1,HUMAN
120,16,46,0.0,0.0,1,HUMAN
120,16,46,0.0,0.0,1,HUMAN
120,16,46,0.0,0.0,1,HUMAN
120,16,46,0.0,0.0,1,HUMAN
120,16,46,0.0,0.0,1,HUMAN
120,16,46,0.0,0.0,1,HUMAN
120,16,46,0.0,0.0,1,HUMAN
120,16,46,0.0,0.0,1,HUMAN
120,16,46,0.0,0.0,1,HUMAN
120,16,46,0.0,0.0,1,HUMAN
120,16,46,0.0,0.0,1,HUMAN
120,16,46,0.0,0.0,1,HUMAN
120,16,46,0.0,0.0,1,HUMAN
120,16,46,0.0,0.0,1,HUMAN
120,16,46,0.0,0.0,1,HUMAN
120,16,46,0.0,0.0,1,HUMAN
120,16,46,0.0,0.0,1,HUMAN
120,16,46,0.0,0.0,1,HUMAN
120,16,46,0.0,0.0,1,HUMAN
120,16,46,0.0,0.0,1,HUMAN
120,16,46,0.0,0.0,1,HUMAN
120,16,46,0.0,0.0,1,HUMAN
120,16,46,0.0,0.0,1,HUMAN
120,16,46,0.0,0.0,1,HUMAN
120,16,46,0.0,0.0,1,HUMAN
120,16,46,0.0,0.0,1,HUMAN
120,16,46,0.0,0.0,1,HUMAN
120,16,46,0.0,0.0,1,HUMAN
120,16,46,0.0,0.0,1,HUMAN
120,16,46,0.0,0.0,1,HUMAN
120,16,46,0.0,0.0,1,HUMAN
120,16,46,0.0,0.0,1,HUMAN
120,16,46,0.0,0.0,1,HUMAN
120,16,46,0.0,0.0,1,HUMAN
120,16,46,0.0,0.0,1,HUMAN
120,16,46,0.0,0.0,1,HUMAN
120,16,46,0.0,0.0,1,HUMAN
120,16,46,0.0,0.0,1,HUMAN
120,16,46,0.0,0.0,1,HUMAN
120,16,46,0.0,0.0,1,HUMAN
120,16,46,0.0,0.0,1,HUMAN
120,16,46,0.0,0.0,1,HUMAN
120,16,46,0.0,0.0,1,HUMAN
120,16,46,0.0,0.0,1,HUMAN
120,16,46,0.0,0.0,1,HUMAN
120,16,46,0.0,0.0,1,HUMAN
120,16,46,0.0,0.0,1,HUMAN
120,16,46,0.0,0.0,1,HUMAN
120,16,46,0.0,0.0,1,HUMAN
120,16,46,0.0,0.0,1,HUMAN
120,16,46,0.0,0.0,1,HUMAN
120,16,46,0.0,0.0,1,HUMAN
120,16,46,0.0,0.0,1,HUMAN
120,16,46,0.0,0.0,1,HUMAN
120,16,46,0.0,0.0,1,HUMAN
120,16,46,0.0,0.0,1,HUMAN
120,16,46,0.0,0.0,1,HUMAN
120,16,46,0.0,0.0,1,HUMAN
120,16,46,0.0,0.0,1,HUMAN
120,16,46,0.0,0.0,1,HUMAN
120,16,46,0.0,0.0,1,HUMAN
120,16,46,0.0,0.0,1,HUMAN
120,16,46,0.0,0.0,1,HUMAN
120,16,46,0.0,0.0,1,HUMAN
120,16,46,0.0,0.0,1,HUMAN
120,16,46,0.0,0.0,1,HUMAN
120,16,46,0.0,0.0,1,HUMAN
120,16,46,0.0,0.0,1,HUMAN
120,16,46,0.0,0.0,1,HUMAN
120,16,46,0.0,0.0,1,HUMAN
120,16,46,0.0,0.0,1,HUMAN
120,16,46,0.0,0.0,1,HUMAN
120,16,46,0.0,0.0,1,HUMAN
120,16,46,0.0,0.0,1,HUMAN
120,16,46,0.0,0.0,1,HUMAN
120,16,46,0.0,0.0,1,HUMAN
120,16,46,0.0,0.0,1,HUMAN
120,16,46,0.0,0.0,1,HUMAN
120,16,46,0.0,0.0,1,HUMAN
120,16,46,0.0,0.0,1,HUMAN
120,16,46,0.0,0.0,1,HUMAN
120,16,46,0.0,0.0,1,HUMAN
120,16,46,0.0,0.0,1,HUMAN
120,16,46,0.0,0.0,1,HUMAN
120,16,46,0.0,0.0,1,HUMAN
120,16,46,0.0,0.0,1,HUMAN
120,16,46,0.0,0.0,1,HUMAN
120,16,46,0.0,0.0,1,HUMAN
120,16,46,0.0,0.0,1,HUMAN
120,16,46,0.0,0.0,1,HUMAN
120,16,46,0.0,0.0,1,HUMAN
120,16,46,0.0,0.0,1,HUMAN
120,16,46,0.0,0.0,1,HUMAN
120,16,46,0.0,0.0,1,HUMAN
120,16,46,0.0,0.0,1,HUMAN
120,16,46,0.0,0.0,1,HUMAN
120,16,46,0.0,0.0,1,HUMAN
120,16,46,0.0,0.0,1,HUMAN
120,16,46,0.0,0.0,1,HUMAN
120,16,46,0.0,0.0,1,HUMAN
120,16,46,0.0,0.0,1,HUMAN
120,16,46,0.0,0.0,1,HUMAN
120,16,46,0.0,0.0,1,HUMAN
120,16,46,0.0,0.0,1,HUMAN
120,16,46,0.0,0.0,1,HUMAN
120,16,46,0.0,0.0,1,HUMAN
120,16,46,0.0,0.0,1,HUMAN
120,16,46,0.0,0.0,1,HUMAN
120,16,46,0.0,0.0,1,HUMAN
120,16,46,0.0,0.0,1,HUMAN
120,16,46,0.0,0.0,1,HUMAN
120,16,46,0.0,0.0,1,HUMAN
120,16,46,0.0,0.0,1,HUMAN
120,16,46,0.0,0.0,1,HUMAN
120,16,46,0.0,0.0,1,HUMAN
120,16,46,0.0,0.0,1,HUMAN
120,16,46,0.0,0.0,1,HUMAN
120,16,46,0.0,0.0,1,HUMAN
120,16,46,0.0,0.0,1,HUMAN
120,16,46,0.0,0.0,1,HUMAN
120,16,46,0.0,0.0,1,HUMAN
120,16,46,0.0,0.0,1,HUMAN
120,16,46,0.0,0.0,1,HUMAN
120,16,46,0.0,0.0,1,HUMAN
120,16,46,0.0,0.0,1,HUMAN
120,16,46,0.0,0.0,1,HUMAN
120,16,46,0.0,0.0,1,HUMAN
120,16,46,0.0,0.0,1,HUMAN
120,16,46,0.0,0.0,1,HUMAN
120,16,46,0.0,0.0,1,HUMAN
120,16,46,0.0,0.0,1,HUMAN
120,16,46,0.0,0.0,1,HUMAN
120,16,46,0.0,0.0,1,HUMAN
120,16,46,0.0,0.0,1,HUMAN
120,16,46,0.0,0.0,1,HUMAN
120,16,46,0.0,0.0,1,HUMAN
120,16,46,0.0,0.0,1,HUMAN
120,16,46,0.0,0.0,1,HUMAN
120,16,46,0.0,0.0,1,HUMAN
120,16,46,0.0,0.0,1,HUMAN
120,16,46,0.0,0.0,1,HUMAN
120,16,46,0.0,0.0,1,HUMAN
120,16,46,0.0,0.0,1,HUMAN
120,16,46,0.0,0.0,1,HUMAN
120,16,46,0.0,0.0,1,HUMAN
120,16,46,0.0,0.0,1,HUMAN
120,16,46,0.0,0.0,1,HUMAN
120,16,46,0.0,0.0,1,HUMAN
120,16,46,0.0,0.0,1,HUMAN
120,16,46,0.0,0.0,1,HUMAN
120,16,46,0.0,0.0,1,HUMAN
120,16,46,0.0,0.0,1,HUMAN
120,16,46,0.0,0.0,1,HUMAN
120,16,46,0.0,0.0,1,HUMAN
120,16,46,0.0,0.0,1,HUMAN
120,16,46,0.0,0.0,1,HUMAN
120,16,46,0.0,0.0,1,HUMAN
120,16,46,0.0,0.0,1,HUMAN
120,16,46,0.0,0.0,1,HUMAN
120,16,46,0.0,0.0,1,HUMAN
120,16,46,0.0,0.0,1,HUMAN
120,16,46,0.0,0.0,1,HUMAN
120,16,46,0.0,0.0,1,HUMAN
120,16,46,0.0,0.0,1,HUMAN
120,16,46,0.0,0.0,1,HUMAN
120,16,46,0.0,0.0,1,HUMAN
120,16,46,0.0,0.0,1,HUMAN
120,16,46,0.0,0.0,1,HUMAN
120,16,46,0.0,0.0,1,HUMAN
120,16,46,0.0,0.0,1,HUMAN
120,16,46,0.0,0.0,1,HUMAN
120,16,46,0.0,0.0,1,HUMAN
120,16,46,0.0,0.0,1,HUMAN
120,16,46,0.0,0.0,1,HUMAN
120,16,46,0.0,0.0,1,HUMAN
120,16,46,0.0,0.0,1,HUMAN
120,16,46,0.0,0.0,1,HUMAN
120,16,46,0.0,0.0,1,HUMAN
120,16,46,0.0,0.0,1,HUMAN
120,16,46,0.0,0.0,1,HUMAN
120,16,46,0.0,0.0,1,HUMAN
120,16,46,0.0,0.0,1,HUMAN
120,16,46,0.0,0.0,1,HUMAN
120,16,46,0.0,0.0,1,HUMAN
120,16,46,0.0,0.0,1,HUMAN
120,16,46,0.0,0.0,1,HUMAN
120,16,46,0.0,0.0,1,HUMAN
120,16,46,0.0,0.0,1,HUMAN
120,16,46,0.0,0.0,1,HUMAN
120,16,46,0.0,0.0,1,HUMAN
120,16,46,0.0,0.0,1,HUMAN
120,16,46,0.0,0.0,1,HUMAN
120,16,46,0.0,0.0,1,HUMAN
120,16,46,0.0,0.0,1,HUMAN
120,16,46,0.0,0.0,1,HUMAN
120,16,46,0.0,0.0,1,HUMAN
120,16,46,0.0,0.0,1,HUMAN
120,16,46,0.0,0.0,1,HUMAN
120,16,46,0.0,0.0,1,HUMAN
120,16,46,0.0,0.0,1,HUMAN
120,16,46,0.0,0.0,1,HUMAN
120,16,46,0.0,0.0,1,HUMAN
120,16,46,0.0,0.0,1,HUMAN
120,16,46,0.0,0.0,1,HUMAN
120,16,46,0.0,0.0,1,HUMAN
120,16,46,0.0,0.0,1,HUMAN
120,16,46,0.0,0.0,1,HUMAN
120,16,46,0.0,0.0,1,HUMAN
120,16,46,0.0,0.0,1,HUMAN
120,16,46,0.0,0.0,1,HUMAN
120,16,46,0.0,0.0,1,HUMAN
120,16,46,0.0,0.0,1,HUMAN
120,16,46,0.0,0.0,1,HUMAN
120,16,46,0.0,0.0,1,HUMAN
120,16,46,0.0,0.0,1,HUMAN
120,16,46,0.0,0.0,1,HUMAN
120,16,46,0.0,0.0,1,HUMAN
120,16,46,0.0,0.0,1,HUMAN
120,16,46,0.0,0.0,1,HUMAN
120,16,46,0.0,0.0,1,HUMAN
120,16,46,0.0,0.0,1,HUMAN
120,16,46,0.0,0.0,1,HUMAN
120,16,46,0.0,0.0,1,HUMAN
120,16,46,0.0,0.0,1,HUMAN
120,16,46,0.0,0.0,1,HUMAN
120,16,46,0.0,0.0,1,HUMAN
120,16,46,0.0,0.0,1,HUMAN
120,16,46,0.0,0.0,1,HUMAN
120,16,46,0.0,0.0,1,HUMAN
120,16,46,0.0,0.0,1,HUMAN
120,16,46,0.0,0.0,1,HUMAN
120,16,46,0.0,0.0,1,HUMAN
120,16,46,0.0,0.0,1,HUMAN
120,16,46,0.0,0.0,1,HUMAN
120,16,46,0.0,0.0,1,HUMAN
120,16,46,0.0,0.0,1,HUMAN
120,16,46,0.0,0.0,1,HUMAN
120,16,46,0.0,0.0,1,HUMAN
120,16,46,0.0,0.0,1,HUMAN
120,16,46,0.0,0.0,1,HUMAN
120,16,46,0.0,0.0,1,HUMAN
120,16,46,0.0,0.0,1,HUMAN
120,16,46,0.0,0.0,1,HUMAN
120,16,46,0.0,0.0,1,HUMAN
120,16,46,0.0,0.0,1,HUMAN
120,16,46,0.0,0.0,1,HUMAN
120,16,46,0.0,0.0,1,HUMAN
120,16,46,0.0,0.0,1,HUMAN
120,16,46,0.0,0.0,1,HUMAN
120,16,46,0.0,0.0,1,HUMAN
120,16,46,0.0,0.0,1,HUMAN
120,16,46,0.0,0.0,1,HUMAN
120,16,46,0.0,0.0,1,HUMAN
120,16,46,0.0,0.0,1,HUMAN
120,16,46,0.0,0.0,1,HUMAN
120,16,46,0.0,0.0,1,HUMAN
120,16,46,0.0,0.0,1,HUMAN
120,16,46,0.0,0.0,1,HUMAN
120,16,46,0.0,0.0,1,HUMAN
120,16,46,0.0,0.0,1,HUMAN
120,16,46,0.0,0.0,1,HUMAN
120,16,46,0.0,0.0,1,HUMAN
120,16,46,0.0,0.0,1,HUMAN
120,16,46,0.0,0.0,1,HUMAN
120,16,46,0.0,0.0,1,HUMAN
120,16,46,0.0,0.0,1,HUMAN
120,16,46,0.0,0.0,1,HUMAN
120,16,46,0.0,0.0,1,HUMAN
120,16,46,0.0,0.0,1,HUMAN
120,16,46,0.0,0.0,1,HUMAN
120,16,46,0.0,0.0,1,HUMAN
120,16,46,0.0,0.0,1,HUMAN
120,16,46,0.0,0.0,1,HUMAN
120,16,46,0.0,0.0,1,HUMAN
120,16,46,0.0,0.0,1,HUMAN
120,16,46,0.0,0.0,1,HUMAN
120,16,46,0.0,0.0,1,HUMAN
120,16,46,0.0,0.0,1,HUMAN
120,16,46,0.0,0.0,1,HUMAN
120,16,46,0.0,0.0,1,HUMAN
120,16,46,0.0,0.0,1,HUMAN
120,16,46,0.0,0.0,1,HUMAN
120,16,46,0.0,0.0,1,HUMAN
120,16,46,0.0,0.0,1,HUMAN
120,16,46,0.0,0.0,1,HUMAN
120,16,46,0.0,0.0,1,HUMAN
120,16,46,0.0,0.0,1,HUMAN
120,16,46,0.0,0.0,1,HUMAN
120,16,46,0.0,0.0,1,HUMAN
120,16,46,0.0,0.0,1,HUMAN
120,16,46,0.0,0.0,1,HUMAN
120,16,46,0.0,0.0,1,HUMAN
120,16,46,0.0,0.0,1,HUMAN
120,16,46,0.0,0.0,1,HUMAN
120,16,46,0.0,0.0,1,HUMAN
120,16,46,0.0,0.0,1,HUMAN
120,16,46,0.0,0.0,1,HUMAN
120,16,46,0.0,0.0,1,HUMAN
120,16,46,0.0,0.0,1,HUMAN
120,16,46,0.0,0.0,1,HUMAN
120,16,46,0.0,0.0,1,HUMAN
120,16,46,0.0,0.0,1,HUMAN
120,16,46,0.0,0.0,1,HUMAN
120,16,46,0.0,0.0,1,HUMAN
120,16,46,0.0,0.0,1,HUMAN
120,16,46,0.0,0.0,1,HUMAN
120,16,46,0.0,0.0,1,HUMAN
120,16,46,0.0,0.0,1,HUMAN
120,16,46,0.0,0.0,1,HUMAN
120,16,46,0.0,0.0,1,HUMAN
120,16,46,0.0,0.0,1,HUMAN
120,16,46,0.0,0.0,1,HUMAN
120,16,46,0.0,0.0,1,HUMAN
120,16,46,0.0,0.0,1,HUMAN
120,16,46,0.0,0.0,1,HUMAN
120,16,46,0.0,0.0,1,HUMAN
120,16,46,0.0,0.0,1,HUMAN
120,16,46,0.0,0.0,1,HUMAN
120,16,46,0.0,0.0,1,HUMAN
120,16,46,0.0,0.0,1,HUMAN
120,16,46,0.0,0.0,1,HUMAN
120,16,46,0.0,0.0,1,HUMAN
120,16,46,0.0,0.0,1,HUMAN
120,16,46,0.0,0.0,1,HUMAN
120,16,46,0.0,0.0,1,HUMAN
120,16,46,0.0,0.0,1,HUMAN
120,16,46,0.0,0.0,1,HUMAN
120,16,46,0.0,0.0,1,HUMAN
120,16,46,0.0,0.0,1,HUMAN
120,16,46,0.0,0.0,1,HUMAN
120,16,46,0.0,0.0,1,HUMAN
120,16,46,0.0,0.0,1,HUMAN
120,16,46,0.0,0.0,1,HUMAN
120,16,46,0.0,0.0,1,HUMAN
120,16,46,0.0,0.0,1,HUMAN
120,16,46,0.0,0.0,1,HUMAN
120,16,46,0.0,0.0,1,HUMAN
120,16,46,0.0,0.0,1,HUMAN
120,16,46,0.0,0.0,1,HUMAN
120,16,46,0.0,0.0,1,HUMAN
120,16,46,0.0,0.0,1,HUMAN
120,16,46,0.0,0.0,1,HUMAN
120,16,46,0.0,0.0,1,HUMAN
120,16,46,0.0,0.0,1,HUMAN
120,16,46,0.0,0.0,1,HUMAN
120,16,46,0.0,0.0,1,HUMAN
120,16,46,0.0,0.0,1,HUMAN
120,16,46,0.0,0.0,1,HUMAN
120,16,46,0.0,0.0,1,HUMAN
120,16,46,0.0,0.0,1,HUMAN
120,16,46,0.0,0.0,1,HUMAN
120,16,46,0.0,0.0,1,HUMAN
120,16,46,0.0,0.0,1,HUMAN
120,16,46,0.0,0.0,1,HUMAN
120,16,46,0.0,0.0,1,HUMAN
120,16,46,0.0,0.0,1,HUMAN
120,16,46,0.0,0.0,1,HUMAN
120,16,46,0.0,0.0,1,HUMAN
120,16,46,0.0,0.0,1,HUMAN
120,16,46,0.0,0.0,1,HUMAN
120,16,46,0.0,0.0,1,HUMAN
120,16,46,0.0,0.0,1,HUMAN
120,16,46,0.0,0.0,1,HUMAN
120,16,46,0.0,0.0,1,HUMAN
120,16,46,0.0,0.0,1,HUMAN
120,16,46,0.0,0.0,1,HUMAN
120,16,46,0.0,0.0,1,HUMAN
120,16,46,0.0,0.0,1,HUMAN
120,16,46,0.0,0.0,1,HUMAN
120,16,46,0.0,0.0,1,HUMAN
120,16,46,0.0,0.0,1,HUMAN
120,16,46,0.0,0.0,1,HUMAN
120,16,46,0.0,0.0,1,HUMAN
120,16,46,0.0,0.0,1,HUMAN
120,16,46,0.0,0.0,1,HUMAN
120,16,46,0.0,0.0,1,HUMAN
120,16,46,0.0,0.0,1,HUMAN
120,16,46,0.0,0.0,1,HUMAN
120,16,46,0.0,0.0,1,HUMAN
120,16,46,0.0,0.0,1,HUMAN
120,16,46,0.0,0.0,1,HUMAN
120,16,46,0.0,0.0,1,HUMAN
120,16,46,0.0,0.0,1,HUMAN
120,16,46,0.0,0.0,1,HUMAN
120,16,46,0.0,0.0,1,HUMAN
120,16,46,0.0,0.0,1,HUMAN
120,16,46,0.0,0.0,1,HUMAN
120,16,46,0.0,0.0,1,HUMAN
120,16,46,0.0,0.0,1,HUMAN
120,16,46,0.0,0.0,1,HUMAN
120,16,46,0.0,0.0,1,HUMAN
120,16,46,0.0,0.0,1,HUMAN
120,16,46,0.0,0.0,1,HUMAN
120,16,46,0.0,0.0,1,HUMAN
120,16,46,0.0,0.0,1,HUMAN
120,16,46,0.0,0.0,1,HUMAN
120,16,46,0.0,0.0,1,HUMAN
120,16,46,0.0,0.0,1,HUMAN
120,16,46,0.0,0.0,1,HUMAN
120,16,46,0.0,0.0,1,HUMAN
120,16,46,0.0,0.0,1,HUMAN
120,16,46,0.0,0.0,1,HUMAN
120,16,46,0.0,0.0,1,HUMAN
120,16,46,0.0,0.0,1,HUMAN
120,16,46,0.0,0.0,1,HUMAN
120,16,46,0.0,0.0,1,HUMAN
120,16,46,0.0,0.0,1,HUMAN
120,16,46,0.0,0.0,1,HUMAN
120,16,46,0.0,0.0,1,HUMAN
120,16,46,0.0,0.0,1,HUMAN
120,16,46,0.0,0.0,1,HUMAN
120,16,46,0.0,0.0,1,HUMAN
120,16,46,0.0,0.0,1,HUMAN
120,16,46,0.0,0.0,1,HUMAN
120,16,46,0.0,0.0,1,HUMAN
120,16,46,0.0,0.0,1,HUMAN
120,16,46,0.0,0.0,1,HUMAN
120,16,46,0.0,0.0,1,HUMAN
120,16,46,0.0,0.0,1,HUMAN
120,16,46,0.0,0.0,1,HUMAN
120,16,46,0.0,0.0,1,HUMAN
120,16,46,0.0,0.0,1,HUMAN
120,16,46,0.0,0.0,1,HUMAN
120,16,46,0.0,0.0,1,HUMAN
120,16,46,0.0,0.0,1,HUMAN
120,16,46,0.0,0.0,1,HUMAN
120,16,46,0.0,0.0,1,HUMAN
120,16,46,0.0,0.0,1,HUMAN
120,16,46,0.0,0.0,1,HUMAN
120,16,46,0.0,0.0,1,HUMAN
120,16,46,0.0,0.0,1,HUMAN
120,16,46,0.0,0.0,1,HUMAN
120,16,46,0.0,0.0,1,HUMAN
120,16,46,0.0,0.0,1,HUMAN
120,16,46,0.0,0.0,1,HUMAN
120,16,46,0.0,0.0,1,HUMAN
120,16,46,0.0,0.0,1,HUMAN
120,16,46,0.0,0.0,1,HUMAN
120,16,46,0.0,0.0,1,HUMAN
120,16,46,0.0,0.0,1,HUMAN
120,16,46,0.0,0.0,1,HUMAN
120,16,46,0.0,0.0,1,HUMAN
120,16,46,0.0,0.0,1,HUMAN
120,16,46,0.0,0.0,1,HUMAN
120,16,46,0.0,0.0,1,HUMAN
120,16,46,0.0,0.0,1,HUMAN
120,16,46,0.0,0.0,1,HUMAN
120,16,46,0.0,0.0,1,HUMAN
120,16,46,0.0,0.0,1,HUMAN
120,16,46,0.0,0.0,1,HUMAN
120,16,46,0.0,0.0,1,HUMAN
120,16,46,0.0,0.0,1,HUMAN
120,16,46,0.0,0.0,1,HUMAN
120,16,46,0.0,0.0,1,HUMAN
120,16,46,0.0,0.0,1,HUMAN
120,16,46,0.0,0.0,1,HUMAN
120,16,46,0.0,0.0,1,HUMAN
120,16,46,0.0,0.0,1,HUMAN
120,16,46,0.0,0.0,1,HUMAN
120,16,46,0.0,0.0,1,HUMAN
120,16,46,0.0,0.0,1,HUMAN
120,16,46,0.0,0.0,1,HUMAN
120,16,46,0.0,0.0,1,HUMAN
120,16,46,0.0,0.0,1,HUMAN
120,16,46,0.0,0.0,1,HUMAN
120,16,46,0.0,0.0,1,HUMAN
120,16,46,0.0,0.0,1,HUMAN
120,16,46,0.0,0.0,1,HUMAN
120,16,46,0.0,0.0,1,HUMAN
120,16,46,0.0,0.0,1,HUMAN
120,16,46,0.0,0.0,1,HUMAN
120,16,46,0.0,0.0,1,HUMAN
120,16,46,0.0,0.0,1,HUMAN
120,16,46,0.0,0.0,1,HUMAN
120,16,46,0.0,0.0,1,HUMAN
120,16,46,0.0,0.0,1,HUMAN
120,16,46,0.0,0.0,1,HUMAN
120,16,46,0.0,0.0,1,HUMAN
120,16,46,0.0,0.0,1,HUMAN
120,16,46,0.0,0.0,1,HUMAN
120,16,46,0.0,0.0,1,HUMAN
120,16,46,0.0,0.0,1,HUMAN
120,16,46,0.0,0.0,1,HUMAN
120,16,46,0.0,0.0,1,HUMAN
120,16,46,0.0,0.0,1,HUMAN
120,16,46,0.0,0.0,1,HUMAN
120,16,46,0.0,0.0,1,HUMAN
120,16,46,0.0,0.0,1,HUMAN
120,16,46,0.0,0.0,1,HUMAN
120,16,46,0.0,0.0,1,HUMAN
120,16,46,0.0,0.0,1,HUMAN
120,16,46,0.0,0.0,1,HUMAN
120,16,46,0.0,0.0,1,HUMAN
120,16,46,0.0,0.0,1,HUMAN
120,16,46,0.0,0.0,1,HUMAN
120,16,46,0.0,0.0,1,HUMAN
120,16,46,0.0,0.0,1,HUMAN
120,16,46,0.0,0.0,1,HUMAN
120,16,46,0.0,0.0,1,HUMAN
120,16,46,0.0,0.0,1,HUMAN
120,16,46,0.0,0.0,1,HUMAN
120,16,46,0.0,0.0,1,HUMAN
120,16,46,0.0,0.0,1,HUMAN
120,16,46,0.0,0.0,1,HUMAN
120,16,46,0.0,0.0,1,HUMAN
120,16,46,0.0,0.0,1,HUMAN
120,16,46,0.0,0.0,1,HUMAN
120,16,46,0.0,0.0,1,HUMAN
120,16,46,0.0,0.0,1,HUMAN
120,16,46,0.0,0.0,1,HUMAN
120,16,46,0.0,0.0,1,HUMAN
120,16,46,0.0,0.0,1,HUMAN
120,16,46,0.0,0.0,1,HUMAN
120,16,46,0.0,0.0,1,HUMAN
120,16,46,0.0,0.0,1,HUMAN
120,16,46,0.0,0.0,1,HUMAN
120,16,46,0.0,0.0,1,HUMAN
120,16,46,0.0,0.0,1,HUMAN
120,16,46,0.0,0.0,1,HUMAN
120,16,46,0.0,0.0,1,HUMAN
120,16,46,0.0,0.0,1,HUMAN
120,16,46,0.0,0.0,1,HUMAN
120,16,46,0.0,0.0,1,HUMAN
120,16,46,0.0,0.0,1,HUMAN
120,16,46,0.0,0.0,1,HUMAN
120,16,46,0.0,0.0,1,HUMAN
120,16,46,0.0,0.0,1,HUMAN
120,16,46,0.0,0.0,1,HUMAN
120,16,46,0.0,0.0,1,HUMAN
120,16,46,0.0,0.0,1,HUMAN
120,16,46,0.0,0.0,1,HUMAN
120,16,46,0.0,0.0,1,HUMAN
120,16,46,0.0,0.0,1,HUMAN
120,16,46,0.0,0.0,1,HUMAN
120,16,46,0.0,0.0,1,HUMAN
120,16,46,0.0,0.0,1,HUMAN
120,16,46,0.0,0.0,1,HUMAN
120,16,46,0.0,0.0,1,HUMAN
120,16,46,0.0,0.0,1,HUMAN
120,16,46,0.0,0.0,1,HUMAN
120,16,46,0.0,0.0,1,HUMAN
120,16,46,0.0,0.0,1,HUMAN
120,16,46,0.0,0.0,1,HUMAN
120,16,46,0.0,0.0,1,HUMAN
120,16,46,0.0,0.0,1,HUMAN
120,16,46,0.0,0.0,1,HUMAN
120,16,46,0.0,0.0,1,HUMAN
120,16,46,0.0,0.0,1,HUMAN
120,16,46,0.0,0.0,1,HUMAN
120,16,46,0.0,0.0,1,HUMAN
120,16,46,0.0,0.0,1,HUMAN
120,16,46,0.0,0.0,1,HUMAN
120,16,46,0.0,0.0,1,HUMAN
120,16,46,0.0,0.0,1,HUMAN
120,16,46,0.0,0.0,1,HUMAN
120,16,46,0.0,0.0,1,HUMAN
120,16,46,0.0,0.0,1,HUMAN
120,16,46,0.0,0.0,1,HUMAN
120,16,46,0.0,0.0,1,HUMAN
120,16,46,0.0,0.0,1,HUMAN
120,16,46,0.0,0.0,1,HUMAN
120,16,46,0.0,0.0,1,HUMAN
120,16,46,0.0,0.0,1,HUMAN
120,16,46,0.0,0.0,1,HUMAN
120,16,46,0.0,0.0,1,HUMAN
120,16,46,0.0,0.0,1,HUMAN
120,16,46,0.0,0.0,1,HUMAN
120,16,46,0.0,0.0,1,HUMAN
120,16,46,0.0,0.0,1,HUMAN
120,16,46,0.0,0.0,1,HUMAN
120,16,46,0.0,0.0,1,HUMAN
120,16,46,0.0,0.0,1,HUMAN
120,16,46,0.0,0.0,1,HUMAN
120,16,46,0.0,0.0,1,HUMAN
120,16,46,0.0,0.0,1,HUMAN
120,16,46,0.0,0.0,1,HUMAN
120,16,46,0.0,0.0,1,HUMAN
120,16,46,0.0,0.0,1,HUMAN
120,16,46,0.0,0.0,1,HUMAN
120,16,46,0.0,0.0,1,HUMAN
120,16,46,0.0,0.0,1,HUMAN
120,16,46,0.0,0.0,1,HUMAN
120,16,46,0.0,0.0,1,HUMAN
120,16,46,0.0,0.0,1,HUMAN
120,16,46,0.0,0.0,1,HUMAN
120,16,46,0.0,0.0,1,HUMAN
120,16,46,0.0,0.0,1,HUMAN
120,16,46,0.0,0.0,1,HUMAN
120,16,46,0.0,0.0,1,HUMAN
120,16,46,0.0,0.0,1,HUMAN
120,16,46,0.0,0.0,1,HUMAN
120,16,46,0.0,0.0,1,HUMAN
120,16,46,0.0,0.0,1,HUMAN
120,16,46,0.0,0.0,1,HUMAN
120,16,46,0.0,0.0,1,HUMAN
120,16,46,0.0,0.0,1,HUMAN
120,16,46,0.0,0.0,1,HUMAN
120,16,46,0.0,0.0,1,HUMAN
120,16,46,0.0,0.0,1,HUMAN
120,16,46,0.0,0.0,1,HUMAN
120,16,46,0.0,0.0,1,HUMAN
117,255,255,0.0,0.0,1,HUMAN
70,255,255,0.0,0.0,1,HUMAN
70,26,255,0.0,0.0,1,HUMAN
70,26,16,0.0,0.0,1,HUMAN
70,26,16,0.0,0.0,1,HUMAN
70,4,16,0.0,0.0,1,HUMAN
70,4,16,0.0,0.0,1,HUMAN
70,4,16,0.0,0.0,1,HUMAN
70,8,16,0.0,0.0,1,HUMAN
70,8,16,0.0,0.0,1,HUMAN
70,10,16,0.0,0.0,1,HUMAN
70,10,16,0.0,0.0,1,HUMAN
71,10,16,0.0,0.0,1,HUMAN
71,3,16,0.0,0.0,1,HUMAN
71,3,16,0.0,0.0,1,HUMAN
255,3,16,0.0,0.0,1,HUMAN
255,16,16,0.0,0.0,1,HUMAN
255,16,19,0.0,0.0,1,HUMAN
69,16,19,0.0,0.0,1,HUMAN
69,15,19,0.0,0.0,1,HUMAN
69,15,17,0.0,0.0,1,HUMAN
68,15,17,0.0,0.0,1,HUMAN
68,12,17,0.0,0.0,1,HUMAN
68,12,17,0.0,0.0,1,HUMAN
65,12,17,0.0,0.0,1,HUMAN
65,11,17,0.0,0.0,1,HUMAN
65,11,16,0.0,0.0,1,HUMAN
65,11,16,0.0,0.0,1,HUMAN
65,13,16,0.0,0.0,1,HUMAN
65,13,16,0.0,0.0,1,HUMAN
65,14,16,0.0,0.0,1,HUMAN
65,14,16,0.0,0.0,1,HUMAN
65,14,16,0.0,0.0,1,HUMAN
65,16,16,0.0,0.0,1,HUMAN
65,16,16,0.0,0.0,1,HUMAN
65,16,16,0.0,0.0,1,HUMAN
65,11,16,0.0,0.0,1,HUMAN
65,11,16,0.0,0.0,1,HUMAN
65,11,16,0.0,0.0,1,HUMAN
65,11,16,0.0,0.0,1,HUMAN
65,11,16,0.0,0.0,1,HUMAN
65,11,16,0.0,0.0,1,HUMAN
65,17,16,0.0,0.0,1,HUMAN
65,17,17,0.0,0.0,1,HUMAN
65,17,17,0.0,0.0,1,HUMAN
65,16,17,0.0,0.0,1,HUMAN
65,16,17,0.0,0.0,1,HUMAN
65,16,17,0.0,0.0,1,HUMAN
65,16,17,0.0,0.0,2,HUMAN
65,16,17,0.0,0.0,2,HUMAN
66,15,17,0.0,0.0,2,HUMAN
66,15,17,0.0,0.0,2,HUMAN
65,15,17,0.0,0.0,2,HUMAN
65,15,17,0.0,0.0,2,HUMAN
65,15,17,0.0,0.0,2,HUMAN
65,15,17,0.0,0.0,2,HUMAN
65,15,17,0.0,0.0,2,HUMAN
65,15,17,0.0,0.0,2,HUMAN
65,15,17,0.0,0.0,2,HUMAN
65,15,17,0.0,0.0,2,HUMAN
65,15,17,0.0,0.0,2,HUMAN
65,15,17,0.0,0.0,2,HUMAN
65,16,17,0.0,0.0,2,HUMAN
65,16,17,0.0,0.0,2,HUMAN
65,16,17,0.0,0.0,2,HUMAN
65,15,17,0.0,0.0,2,HUMAN
65,15,17,0.0,0.0,2,HUMAN
65,15,17,0.0,0.0,2,HUMAN
65,15,17,0.0,0.0,2,HUMAN
65,15,16,0.0,0.0,2,HUMAN
66,15,16,0.0,0.0,2,HUMAN
66,15,16,0.0,0.0,2,HUMAN
65,15,16,0.0,0.0,2,HUMAN
65,13,16,0.0,0.0,2,HUMAN
65,13,18,0.0,0.0,2,HUMAN
65,13,18,0.0,0.0,2,HUMAN
65,13,18,0.0,0.0,2,HUMAN
65,13,17,0.0,0.0,2,HUMAN
66,13,17,0.0,0.0,2,HUMAN
66,13,17,0.0,0.0,2,HUMAN
66,13,17,0.0,0.0,2,HUMAN
65,13,17,0.0,0.0,2,HUMAN
65,15,17,0.0,0.0,2,HUMAN
65,15,17,0.0,0.0,2,HUMAN
65,15,17,0.0,0.0,2,HUMAN
65,13,17,0.0,0.0,2,HUMAN
65,13,17,0.0,0.0,2,HUMAN
65,13,17,0.0,0.0,2,HUMAN
65,15,17,0.0,0.0,2,HUMAN
65,15,17,0.0,0.0,2,HUMAN
65,15,17,0.0,0.0,2,HUMAN
65,13,17,0.0,0.0,2,HUMAN
65,13,17,0.0,0.0,2,HUMAN
65,15,17,0.0,0.0,2,HUMAN
65,15,17,0.0,0.0,2,HUMAN
66,15,17,0.0,0.0,2,HUMAN
66,14,17,0.0,0.0,2,HUMAN
66,14,17,0.0,0.0,2,HUMAN
69,14,17,0.0,0.0,2,HUMAN
69,7,17,0.0,30.0,2,HUMAN
69,7,33,0.0,0.0,2,HUMAN
88,7,33,0.0,0.0,2,HUMAN
88,255,33,0.0,0.0,2,HUMAN
88,255,32,0.0,0.0,2,HUMAN
78,255,32,0.0,0.0,2,HUMAN
78,255,32,0.0,0.0,2,HUMAN
78,255,32,0.0,0.0,2,HUMAN
78,255,32,0.0,0.0,2,HUMAN
78,255,32,0.0,0.0,2,HUMAN
78,255,31,0.0,0.0,2,HUMAN
79,255,31,0.0,0.0,2,HUMAN
79,255,30,0.0,0.0,2,HUMAN
79,255,30,0.0,0.0,2,HUMAN
79,255,30,0.0,0.0,2,HUMAN
79,255,32,0.0,0.0,2,HUMAN
78,255,32,0.0,0.0,2,HUMAN
78,255,32,0.0,0.0,2,HUMAN
78,255,32,0.0,0.0,2,HUMAN
79,255,32,0.0,0.0,2,HUMAN
79,255,32,0.0,0.0,2,HUMAN
79,255,30,0.0,0.0,2,HUMAN
79,255,30,0.0,0.0,2,HUMAN
79,255,30,0.0,0.0,2,HUMAN
79,255,31,0.0,0.0,2,HUMAN
78,255,31,0.0,0.0,2,HUMAN
78,255,31,0.0,0.0,2,HUMAN
78,255,35,0.0,0.0,2,HUMAN
79,255,35,0.0,0.0,2,HUMAN
79,255,35,0.0,0.0,2,HUMAN
79,255,22,0.0,0.0,2,HUMAN
79,255,22,0.0,0.0,2,HUMAN
79,255,16,0.0,0.0,2,HUMAN
69,11,21,0.0,0.0,1,HUMAN
69,11,22,0.0,0.0,1,HUMAN
69,11,22,0.0,0.0,1,HUMAN
69,11,22,0.0,0.0,1,HUMAN
69,11,19,0.0,0.0,1,HUMAN
69,11,19,0.0,0.0,1,HUMAN
69,11,19,0.0,0.0,1,HUMAN
69,11,21,0.0,0.0,1,HUMAN
69,11,21,0.0,0.0,1,HUMAN
69,11,21,0.0,0.0,1,HUMAN
69,11,19,0.0,0.0,1,HUMAN
69,11,19,0.0,0.0,1,HUMAN
69,11,23,0.0,0.0,1,HUMAN
69,11,23,0.0,0.0,1,HUMAN
69,11,23,0.0,0.0,1,HUMAN
69,11,23,0.0,0.0,1,HUMAN
69,11,23,0.0,0.0,1,HUMAN
69,10,23,0.0,0.0,1,HUMAN
69,10,24,0.0,0.0,1,HUMAN
69,10,24,0.0,0.0,1,HUMAN
69,11,24,0.0,0.0,1,HUMAN
69,11,24,0.0,0.0,1,HUMAN
69,11,24,0.0,0.0,1,HUMAN
69,11,24,0.0,0.0,1,HUMAN
69,11,23,0.0,0.0,1,HUMAN
69,11,23,0.0,0.0,1,HUMAN
69,10,23,0.0,0.0,1,HUMAN
69,10,23,0.0,0.0,1,HUMAN
69,10,23,0.0,0.0,1,HUMAN
69,11,23,0.0,0.0,1,HUMAN
69,11,24,0.0,0.0,1,HUMAN
70,11,24,0.0,0.0,1,HUMAN
70,12,19,0.0,0.0,1,HUMAN
69,12,19,0.0,0.0,1,HUMAN
69,12,19,0.0,0.0,1,HUMAN
69,12,21,0.0,0.0,1,HUMAN
69,12,21,0.0,0.0,1,HUMAN
69,12,21,0.0,0.0,1,HUMAN
69,12,21,0.0,0.0,1,HUMAN
70,12,21,0.0,0.0,1,HUMAN
70,12,21,0.0,0.0,1,HUMAN
70,12,21,0.0,0.0,1,HUMAN
68,12,21,0.0,0.0,1,HUMAN
68,16,21,0.0,0.0,1,HUMAN
68,16,19,60.0,0.0,1,HUMAN
64,16,19,60.0,0.0,1,HUMAN
64,16,19,30.0,30.0,1,HUMAN
64,16,49,90.0,0.0,1,HUMAN
57,16,49,120.0,0.0,1,HUMAN
57,25,49,30.0,0.0,1,HUMAN
57,25,139,0.0,0.0,1,HUMAN
255,25,139,0.0,0.0,1,HUMAN
255,35,139,60.0,30.0,1,HUMAN
137,35,84,120.0,0.0,1,HUMAN
137,48,84,30.0,0.0,1,HUMAN
137,48,43,30.0,0.0,1,HUMAN
115,48,43,60.0,0.0,1,HUMAN
115,57,43,60.0,0.0,1,HUMAN
115,57,56,90.0,0.0,1,HUMAN
244,57,56,0.0,0.0,1,HUMAN
244,69,56,30.0,0.0,1,HUMAN
244,73,77,0.0,0.0,1,HUMAN
228,73,77,60.0,30.0,1,HUMAN
228,80,77,30.0,0.0,1,HUMAN
228,80,16,30.0,0.0,1,HUMAN
77,80,16,60.0,0.0,1,HUMAN
77,35,16,30.0,0.0,1,HUMAN
77,35,15,30.0,30.0,1,HUMAN
64,35,15,30.0,0.0,1,HUMAN
64,44,15,0.0,0.0,1,HUMAN
64,44,17,60.0,0.0,1,HUMAN
184,30,78,0.0,0.0,1,HUMAN
184,31,78,0.0,0.0,1,HUMAN
184,31,50,0.0,0.0,1,HUMAN
184,31,50,0.0,0.0,1,HUMAN
184,31,50,0.0,0.0,1,HUMAN
184,31,50,0.0,0.0,1,HUMAN
184,31,50,0.0,0.0,1,HUMAN
184,30,50,0.0,0.0,1,HUMAN
184,30,50,0.0,0.0,1,HUMAN
184,30,50,0.0,0.0,1,HUMAN
184,31,50,0.0,0.0,1,HUMAN
184,31,50,0.0,0.0,1,HUMAN
185,31,50,0.0,0.0,1,HUMAN
185,30,50,0.0,0.0,1,HUMAN
185,30,50,0.0,0.0,1,HUMAN
184,30,50,0.0,0.0,1,HUMAN
184,32,50,0.0,0.0,1,HUMAN
184,32,50,0.0,0.0,1,HUMAN
184,30,50,0.0,0.0,1,HUMAN
184,30,50,0.0,0.0,1,HUMAN
182,30,50,0.0,0.0,1,HUMAN
182,67,50,30.0,0.0,1,HUMAN
182,67,49,30.0,0.0,1,HUMAN
176,67,49,0.0,0.0,1,HUMAN
176,34,49,0.0,0.0,1,HUMAN
176,34,57,60.0,0.0,1,HUMAN
170,34,57,60.0,0.0,1,HUMAN
170,41,57,60.0,0.0,1,HUMAN
170,41,79,60.0,0.0,1,HUMAN
163,41,79,60.0,0.0,1,HUMAN
163,48,79,90.0,0.0,1,HUMAN
163,48,79,30.0,0.0,1,HUMAN
154,48,79,30.0,0.0,1,HUMAN
154,54,79,0.0,0.0,1,HUMAN
154,54,80,30.0,0.0,1,HUMAN
146,54,80,30.0,0.0,1,HUMAN
146,62,80,0.0,0.0,1,HUMAN
138,62,80,0.0,0.0,1,HUMAN
138,76,80,0.0,0.0,1,HUMAN
138,76,80,0.0,0.0,1,HUMAN
255,76,80,30.0,0.0,1,HUMAN
255,79,80,60.0,0.0,1,HUMAN
255,79,53,30.0,0.0,1,HUMAN
255,79,53,150.0,0.0,1,HUMAN
255,87,53,0.0,0.0,1,HUMAN
255,87,81,0.0,0.0,1,HUMAN
114,87,81,30.0,0.0,1,HUMAN
114,94,81,30.0,0.0,1,HUMAN
114,94,19,0.0,0.0,1,HUMAN
255,94,19,0.0,0.0,1,HUMAN
255,103,19,90.0,0.0,1,HUMAN
255,103,56,0.0,0.0,1,HUMAN
255,103,56,0.0,0.0,1,HUMAN
255,29,56,0.0,0.0,1,HUMAN
255,29,53,30.0,0.0,1,HUMAN
26,29,53,30.0,0.0,1,HUMAN
26,36,53,0.0,0.0,1,HUMAN
26,36,53,0.0,0.0,1,HUMAN
11,36,53,0.0,0.0,2,RULE
11,36,53,0.0,0.0,2,RULE
11,36,53,0.0,0.0,2,RULE
11,36,53,0.0,0.0,2,RULE
11,36,53,0.0,0.0,2,RULE
11,129,56,0.0,0.0,2,RULE
16,129,56,0.0,0.0,2,RULE
16,130,56,0.0,0.0,2,RULE
16,130,56,0.0,0.0,2,RULE
10,130,56,0.0,0.0,2,RULE
10,130,56,0.0,0.0,2,RULE
10,130,56,0.0,0.0,2,RULE
75,130,56,0.0,0.0,3,RULE
75,130,56,0.0,0.0,3,RULE
75,130,56,0.0,0.0,3,RULE
75,130,56,0.0,0.0,3,RULE
75,130,54,0.0,0.0,3,RULE
75,130,54,0.0,0.0,3,RULE
75,130,54,0.0,0.0,3,RULE
75,130,56,0.0,0.0,3,RULE
75,130,56,0.0,0.0,1,RULE
75,130,56,0.0,0.0,1,HUMAN
75,130,56,0.0,0.0,1,HUMAN
75,130,56,0.0,0.0,1,HUMAN
75,130,56,0.0,0.0,1,HUMAN
75,130,56,0.0,0.0,1,HUMAN
75,130,56,0.0,0.0,1,HUMAN
75,130,54,0.0,0.0,1,HUMAN
75,130,54,0.0,0.0,1,HUMAN
75,130,54,0.0,0.0,1,HUMAN
75,130,56,0.0,0.0,1,HUMAN
75,130,56,0.0,0.0,1,HUMAN
75,129,56,0.0,0.0,1,HUMAN
75,129,56,0.0,0.0,1,HUMAN
75,129,56,0.0,0.0,1,HUMAN
75,129,56,0.0,0.0,1,HUMAN
75,129,56,0.0,0.0,1,HUMAN
75,129,56,0.0,0.0,1,HUMAN
75,129,56,0.0,0.0,1,HUMAN
75,129,56,0.0,0.0,1,HUMAN
75,129,56,0.0,0.0,2,HUMAN
75,129,56,0.0,0.0,2,HUMAN
75,129,56,0.0,0.0,2,HUMAN
75,130,56,0.0,0.0,2,HUMAN
75,130,56,0.0,0.0,2,HUMAN
75,130,56,0.0,0.0,2,HUMAN
75,130,56,0.0,0.0,2,HUMAN
75,130,56,0.0,0.0,2,HUMAN
75,130,56,0.0,0.0,2,HUMAN
75,130,56,0.0,0.0,2,HUMAN
75,130,56,0.0,0.0,2,HUMAN
75,130,56,0.0,0.0,2,HUMAN
75,130,56,0.0,0.0,2,HUMAN
75,130,56,0.0,0.0,2,HUMAN
75,130,56,0.0,0.0,2,HUMAN
75,130,56,0.0,0.0,2,HUMAN
75,130,56,0.0,0.0,2,HUMAN
75,130,56,0.0,0.0,2,HUMAN
75,130,56,0.0,0.0,2,HUMAN
75,130,56,0.0,0.0,2,HUMAN
75,130,56,0.0,0.0,2,HUMAN
75,130,56,0.0,0.0,2,HUMAN
75,130,56,0.0,0.0,2,HUMAN
75,130,56,0.0,0.0,2,HUMAN
75,130,56,0.0,0.0,2,HUMAN
75,130,56,0.0,0.0,2,HUMAN
75,130,56,0.0,0.0,2,HUMAN
75,130,56,0.0,0.0,2,HUMAN
75,130,56,0.0,0.0,2,HUMAN
75,130,56,0.0,0.0,2,HUMAN
75,130,56,0.0,0.0,2,HUMAN
75,130,56,0.0,0.0,2,HUMAN
75,130,56,0.0,0.0,2,HUMAN
75,130,56,0.0,0.0,2,HUMAN
75,130,56,0.0,0.0,2,HUMAN
75,130,56,0.0,0.0,2,HUMAN
75,130,56,0.0,0.0,2,HUMAN
75,209,56,0.0,0.0,2,HUMAN
75,209,54,0.0,0.0,2,HUMAN
79,209,54,0.0,0.0,2,HUMAN
79,123,54,0.0,0.0,2,HUMAN
79,123,56,0.0,0.0,2,HUMAN
87,123,56,0.0,0.0,2,HUMAN
87,29,56,30.0,0.0,2,HUMAN
87,29,53,0.0,0.0,2,HUMAN
176,29,53,0.0,0.0,2,HUMAN
176,104,53,0.0,0.0,2,HUMAN
176,104,80,0.0,0.0,2,HUMAN
108,104,80,0.0,0.0,2,HUMAN
108,94,80,0.0,0.0,2,HUMAN
108,94,80,0.0,0.0,2,HUMAN
255,94,80,0.0,0.0,2,HUMAN
255,84,80,0.0,0.0,2,HUMAN
255,84,80,0.0,0.0,2,HUMAN
255,75,80,0.0,0.0,2,HUMAN
255,75,80,0.0,60.0,2,HUMAN
255,75,80,0.0,0.0,2,HUMAN
255,64,80,0.0,0.0,2,HUMAN
255,64,79,0.0,0.0,2,HUMAN
136,64,79,0.0,0.0,2,HUMAN
136,53,79,0.0,0.0,2,HUMAN
136,53,79,0.0,0.0,2,HUMAN
72,53,79,0.0,0.0,2,HUMAN
72,44,79,0.0,0.0,2,HUMAN
72,44,78,0.0,0.0,2,HUMAN
83,44,78,0.0,0.0,2,HUMAN
83,35,78,0.0,0.0,2,HUMAN
83,35,49,0.0,30.0,2,HUMAN
255,35,49,0.0,0.0,2,HUMAN
255,32,49,0.0,60.0,2,HUMAN
255,32,49,0.0,0.0,2,HUMAN
255,32,49,0.0,0.0,2,HUMAN
255,53,49,0.0,30.0,2,HUMAN
255,53,18,0.0,0.0,2,HUMAN
134,42,18,0.0,60.0,2,HUMAN
134,42,15,0.0,0.0,2,HUMAN
71,42,15,0.0,0.0,2,HUMAN
71,87,15,0.0,0.0,2,HUMAN
71,87,16,0.0,0.0,2,HUMAN
123,87,16,0.0,0.0,2,HUMAN
123,54,16,0.0,0.0,2,HUMAN
123,54,77,0.0,0.0,2,HUMAN
113,54,77,0.0,0.0,2,HUMAN
113,67,77,0.0,0.0,2,HUMAN
113,67,56,0.0,0.0,2,HUMAN
108,67,56,0.0,0.0,2,HUMAN
108,58,56,0.0,0.0,2,HUMAN
108,58,79,0.0,0.0,2,HUMAN
79,58,79,0.0,0.0,2,HUMAN
79,47,79,0.0,0.0,2,HUMAN
79,47,50,0.0,0.0,2,HUMAN
74,47,50,0.0,60.0,2,HUMAN
255,255,255,0.0,0.0,1,HUMAN
255,255,255,0.0,0.0,1,HUMAN
255,255,255,0.0,0.0,1,HUMAN
255,255,255,0.0,0.0,1,HUMAN
255,255,255,0.0,0.0,1,HUMAN
255,255,255,0.0,0.0,1,HUMAN
255,255,255,0.0,0.0,1,HUMAN
255,255,255,0.0,0.0,1,HUMAN
255,255,255,0.0,0.0,1,HUMAN
255,255,255,0.0,0.0,1,HUMAN
255,255,255,0.0,0.0,1,HUMAN
255,255,255,0.0,0.0,1,HUMAN
255,255,255,0.0,0.0,1,HUMAN
255,255,255,0.0,0.0,1,HUMAN
255,255,255,0.0,0.0,1,HUMAN
255,255,255,0.0,0.0,1,HUMAN
255,255,255,0.0,0.0,1,HUMAN
255,255,255,0.0,0.0,1,HUMAN
255,255,255,0.0,0.0,1,HUMAN
255,255,255,0.0,0.0,1,HUMAN
255,255,255,0.0,0.0,1,HUMAN
255,255,255,0.0,0.0,1,HUMAN
255,255,255,0.0,0.0,1,HUMAN
255,255,255,0.0,0.0,1,HUMAN
255,255,255,0.0,0.0,1,HUMAN
255,255,255,0.0,0.0,1,HUMAN
255,255,255,0.0,0.0,1,HUMAN
255,255,255,0.0,0.0,1,HUMAN
255,255,255,0.0,0.0,1,HUMAN
255,255,255,0.0,0.0,1,HUMAN
255,255,255,0.0,0.0,1,HUMAN
255,255,255,0.0,0.0,1,HUMAN
255,255,255,0.0,0.0,1,HUMAN
255,255,255,0.0,0.0,1,HUMAN
255,255,255,0.0,0.0,1,HUMAN
255,255,255,0.0,0.0,1,HUMAN
255,255,255,0.0,0.0,1,HUMAN
255,255,255,0.0,0.0,1,HUMAN
255,255,255,0.0,0.0,1,HUMAN
255,255,255,0.0,0.0,1,HUMAN
255,255,255,0.0,0.0,4,HUMAN
255,255,255,0.0,0.0,4,HUMAN
255,255,255,0.0,0.0,4,HUMAN
255,255,255,0.0,0.0,4,HUMAN
255,255,255,0.0,0.0,4,HUMAN
255,255,255,0.0,0.0,4,HUMAN
255,255,255,0.0,0.0,4,HUMAN
255,255,255,0.0,0.0,4,HUMAN
255,255,255,0.0,0.0,4,HUMAN
255,255,255,0.0,0.0,4,HUMAN
255,255,255,0.0,0.0,4,HUMAN
255,255,255,0.0,0.0,4,HUMAN
255,255,255,0.0,0.0,4,HUMAN
255,255,255,0.0,0.0,4,HUMAN
255,255,255,0.0,0.0,4,HUMAN
255,255,255,0.0,0.0,4,HUMAN
255,255,255,0.0,0.0,4,HUMAN
255,255,255,0.0,0.0,4,HUMAN
255,255,255,0.0,0.0,4,HUMAN
255,255,255,0.0,0.0,4,HUMAN
255,255,255,0.0,0.0,4,HUMAN
255,255,255,0.0,0.0,4,HUMAN
255,255,255,0.0,0.0,4,HUMAN
255,255,255,0.0,0.0,4,HUMAN
255,255,255,0.0,0.0,4,HUMAN
255,255,255,0.0,0.0,4,HUMAN
255,255,255,0.0,0.0,4,HUMAN
255,255,255,0.0,0.0,4,HUMAN
255,255,255,0.0,0.0,4,HUMAN
255,255,255,0.0,0.0,4,HUMAN
255,255,255,0.0,0.0,4,HUMAN
255,255,255,0.0,0.0,4,HUMAN
255,255,255,0.0,0.0,4,HUMAN
255,255,255,0.0,0.0,4,HUMAN
255,255,255,0.0,0.0,4,HUMAN
255,255,255,0.0,0.0,4,HUMAN
255,255,255,0.0,0.0,4,HUMAN
255,255,255,0.0,0.0,4,HUMAN
255,255,255,0.0,0.0,4,HUMAN
255,255,255,0.0,0.0,4,HUMAN
255,255,255,0.0,0.0,4,HUMAN
255,255,255,0.0,0.0,4,HUMAN
255,255,255,0.0,0.0,4,HUMAN
255,255,255,0.0,0.0,1,HUMAN
255,255,255,0.0,0.0,1,HUMAN
255,255,255,0.0,0.0,1,HUMAN
255,255,255,0.0,0.0,1,HUMAN
255,255,255,0.0,0.0,1,HUMAN
255,255,255,0.0,0.0,1,HUMAN
255,255,255,0.0,0.0,1,HUMAN
255,255,255,0.0,0.0,1,HUMAN
255,255,255,0.0,0.0,1,HUMAN
255,255,255,0.0,0.0,1,HUMAN
255,255,255,0.0,0.0,1,HUMAN
255,255,255,0.0,0.0,1,HUMAN
255,255,255,0.0,0.0,1,HUMAN
255,255,255,0.0,0.0,1,HUMAN
255,255,255,0.0,0.0,1,HUMAN
255,255,255,0.0,0.0,1,HUMAN
255,255,255,0.0,0.0,1,HUMAN
255,255,255,0.0,0.0,1,HUMAN
255,255,255,0.0,0.0,1,HUMAN
255,255,255,0.0,0.0,1,HUMAN
255,255,255,0.0,0.0,1,HUMAN
255,255,255,0.0,0.0,1,HUMAN
255,255,255,0.0,0.0,1,HUMAN
255,255,255,0.0,0.0,1,HUMAN
255,255,255,0.0,0.0,1,HUMAN
255,255,255,0.0,0.0,1,HUMAN
255,255,255,0.0,0.0,1,HUMAN
255,255,255,0.0,0.0,1,HUMAN
255,255,255,0.0,0.0,1,HUMAN
255,255,255,0.0,0.0,1,HUMAN
255,255,255,0.0,0.0,1,HUMAN
255,255,255,0.0,0.0,1,HUMAN
255,255,255,0.0,0.0,1,HUMAN
255,255,255,0.0,0.0,1,HUMAN
255,255,255,0.0,0.0,1,HUMAN
255,255,255,0.0,0.0,1,HUMAN
255,255,255,0.0,0.0,1,HUMAN
255,255,255,0.0,0.0,1,HUMAN
255,255,255,0.0,0.0,1,HUMAN
255,255,255,0.0,0.0,1,HUMAN
255,255,255,0.0,0.0,1,HUMAN
255,255,255,0.0,0.0,1,HUMAN
255,255,255,0.0,0.0,1,HUMAN
255,255,255,0.0,0.0,1,HUMAN
255,255,255,0.0,0.0,1,HUMAN
255,255,255,0.0,0.0,1,HUMAN
255,255,255,0.0,0.0,1,HUMAN
255,255,255,0.0,0.0,1,HUMAN
255,255,255,0.0,0.0,1,HUMAN
255,255,255,0.0,0.0,1,HUMAN
255,255,255,0.0,0.0,1,HUMAN
255,255,255,0.0,0.0,1,HUMAN
255,255,255,0.0,0.0,1,HUMAN
255,255,255,0.0,0.0,1,HUMAN
255,255,255,0.0,0.0,1,HUMAN
255,255,255,0.0,0.0,1,HUMAN
255,255,255,0.0,0.0,1,HUMAN
255,255,255,0.0,0.0,1,HUMAN
255,255,255,0.0,0.0,1,HUMAN
255,255,255,0.0,0.0,1,HUMAN
255,255,255,0.0,0.0,1,HUMAN
255,255,255,0.0,0.0,1,HUMAN
255,255,255,0.0,0.0,1,HUMAN
255,255,255,0.0,0.0,1,HUMAN
255,255,255,0.0,0.0,1,HUMAN
255,255,255,0.0,0.0,1,HUMAN
255,255,255,0.0,0.0,1,HUMAN
255,255,255,0.0,0.0,1,HUMAN
255,255,255,0.0,0.0,1,HUMAN
255,255,255,0.0,0.0,1,HUMAN
255,255,255,0.0,0.0,1,HUMAN
255,255,255,0.0,0.0,1,HUMAN
255,255,255,0.0,0.0,1,HUMAN
255,255,255,0.0,0.0,1,HUMAN
255,255,255,0.0,0.0,1,HUMAN
255,255,255,0.0,0.0,1,HUMAN
255,255,255,0.0,0.0,1,HUMAN
255,255,255,0.0,0.0,1,HUMAN
255,255,255,0.0,0.0,1,HUMAN
255,255,255,0.0,0.0,1,HUMAN
255,255,255,0.0,0.0,1,HUMAN
255,255,255,0.0,0.0,1,HUMAN
255,255,255,0.0,0.0,1,HUMAN
255,255,255,0.0,0.0,1,HUMAN
255,255,255,0.0,0.0,1,HUMAN
255,255,255,0.0,0.0,1,HUMAN
255,255,255,0.0,0.0,1,HUMAN
255,255,255,0.0,0.0,1,HUMAN
255,255,255,0.0,0.0,1,HUMAN
255,255,255,0.0,0.0,1,HUMAN
255,255,255,0.0,0.0,1,HUMAN
255,255,255,0.0,0.0,1,HUMAN
255,255,255,0.0,0.0,1,HUMAN
255,255,255,0.0,0.0,2,HUMAN
255,255,255,0.0,0.0,2,HUMAN
255,255,255,0.0,0.0,2,HUMAN
255,255,255,0.0,0.0,2,HUMAN
255,255,255,0.0,0.0,2,HUMAN
255,255,255,0.0,0.0,2,HUMAN
255,255,255,0.0,0.0,2,HUMAN
255,255,255,0.0,0.0,2,HUMAN
255,255,255,0.0,0.0,2,HUMAN
255,255,255,0.0,0.0,2,HUMAN
255,255,255,0.0,0.0,2,HUMAN
255,255,255,0.0,0.0,2,HUMAN
255,255,255,0.0,0.0,2,HUMAN
255,255,255,0.0,0.0,2,HUMAN
255,255,255,0.0,0.0,2,HUMAN
255,255,255,0.0,0.0,1,HUMAN
255,255,255,0.0,0.0,1,HUMAN
255,255,255,0.0,0.0,1,HUMAN
255,255,255,0.0,0.0,1,HUMAN
255,255,255,0.0,0.0,1,HUMAN
255,255,255,0.0,0.0,1,HUMAN
255,255,255,0.0,0.0,1,HUMAN
255,255,255,0.0,0.0,1,HUMAN
255,255,255,0.0,0.0,1,HUMAN
255,255,255,0.0,0.0,1,HUMAN
255,255,255,0.0,0.0,1,HUMAN
255,255,255,0.0,0.0,1,HUMAN
255,255,255,0.0,0.0,1,HUMAN
255,255,255,0.0,0.0,1,HUMAN
255,255,255,0.0,0.0,1,HUMAN
255,255,255,0.0,0.0,1,HUMAN
255,255,255,0.0,0.0,1,HUMAN
255,255,255,0.0,0.0,1,HUMAN
255,255,255,0.0,0.0,1,HUMAN
255,255,255,0.0,0.0,1,HUMAN
255,255,255,0.0,0.0,1,HUMAN
255,255,255,0.0,0.0,1,HUMAN
255,255,255,0.0,0.0,1,HUMAN
255,255,255,0.0,0.0,1,HUMAN
255,255,255,0.0,0.0,1,HUMAN
255,255,255,0.0,0.0,1,HUMAN
255,255,255,0.0,0.0,1,HUMAN
255,255,255,0.0,0.0,1,HUMAN
255,255,255,0.0,0.0,1,HUMAN
255,255,255,0.0,0.0,1,HUMAN
255,255,255,0.0,0.0,1,HUMAN
255,255,255,0.0,0.0,1,HUMAN
255,255,255,0.0,0.0,1,HUMAN
255,255,255,0.0,0.0,1,HUMAN
255,255,255,0.0,0.0,1,HUMAN
255,255,255,0.0,0.0,1,HUMAN
255,255,255,0.0,0.0,1,HUMAN
255,255,255,0.0,0.0,1,HUMAN
255,255,255,0.0,0.0,1,HUMAN
255,255,255,0.0,0.0,1,HUMAN
255,255,255,0.0,0.0,1,HUMAN
255,255,255,0.0,0.0,1,HUMAN
255,255,255,0.0,0.0,1,HUMAN
255,255,255,0.0,0.0,1,HUMAN
255,255,255,0.0,0.0,1,HUMAN
255,255,255,0.0,0.0,1,HUMAN
255,255,255,0.0,0.0,1,HUMAN
255,255,255,0.0,0.0,1,HUMAN
255,255,255,0.0,0.0,1,HUMAN
255,255,255,0.0,0.0,1,HUMAN
255,255,255,0.0,0.0,1,HUMAN
255,255,255,0.0,0.0,1,HUMAN
255,255,255,0.0,0.0,1,HUMAN
255,255,255,0.0,0.0,1,HUMAN
255,255,255,0.0,0.0,1,HUMAN
255,255,255,0.0,0.0,1,HUMAN
255,255,255,0.0,0.0,1,HUMAN
255,255,255,0.0,0.0,1,HUMAN
255,255,255,0.0,0.0,1,HUMAN
255,255,255,0.0,0.0,1,HUMAN
255,255,255,0.0,0.0,1,HUMAN
255,255,255,0.0,0.0,1,HUMAN
255,255,255,0.0,0.0,1,HUMAN
255,255,255,0.0,0.0,1,HUMAN
255,255,255,0.0,0.0,1,HUMAN
255,255,255,0.0,0.0,1,HUMAN
255,255,255,0.0,0.0,1,HUMAN
255,255,255,0.0,0.0,1,HUMAN
255,255,255,0.0,0.0,1,HUMAN
255,255,255,0.0,0.0,1,HUMAN
255,255,255,0.0,0.0,1,HUMAN
255,255,255,0.0,0.0,1,HUMAN
255,255,255,0.0,0.0,1,HUMAN
255,255,255,0.0,0.0,1,HUMAN
255,255,255,0.0,0.0,1,HUMAN
255,255,255,0.0,0.0,1,HUMAN
255,255,255,0.0,0.0,1,HUMAN
255,255,255,0.0,0.0,1,HUMAN
255,255,255,0.0,0.0,1,HUMAN
255,255,255,0.0,0.0,1,HUMAN
255,255,255,0.0,0.0,1,HUMAN
255,255,255,0.0,0.0,1,HUMAN
255,255,255,0.0,0.0,1,HUMAN
255,255,255,0.0,0.0,1,HUMAN
255,255,255,0.0,0.0,1,HUMAN
255,255,255,0.0,0.0,1,HUMAN
255,255,255,0.0,0.0,1,HUMAN
255,255,255,0.0,0.0,1,HUMAN
255,255,255,0.0,0.0,1,HUMAN
255,255,255,0.0,0.0,1,HUMAN
255,255,255,0.0,0.0,1,HUMAN
255,255,255,0.0,0.0,1,HUMAN
255,255,255,0.0,0.0,1,HUMAN
255,255,255,0.0,0.0,1,HUMAN
255,255,255,0.0,0.0,1,HUMAN
255,255,255,0.0,0.0,1,HUMAN
255,255,255,0.0,0.0,1,HUMAN
255,255,255,0.0,0.0,1,HUMAN
255,255,255,0.0,0.0,1,HUMAN
255,255,255,0.0,0.0,1,HUMAN
255,255,255,0.0,0.0,1,HUMAN
255,255,255,0.0,0.0,1,HUMAN
255,255,255,0.0,0.0,1,HUMAN
255,255,255,0.0,0.0,1,HUMAN
255,255,255,0.0,0.0,1,HUMAN
255,255,255,0.0,0.0,1,HUMAN
255,255,255,0.0,0.0,1,HUMAN
255,255,255,0.0,0.0,1,HUMAN
255,255,255,0.0,0.0,1,HUMAN
255,255,255,0.0,0.0,1,HUMAN
255,255,255,0.0,0.0,1,HUMAN
255,255,255,0.0,0.0,1,HUMAN
255,255,255,0.0,0.0,1,HUMAN
255,255,255,0.0,0.0,1,HUMAN
255,255,255,0.0,0.0,1,HUMAN
255,255,255,0.0,0.0,1,HUMAN
255,255,255,0.0,0.0,1,HUMAN
255,255,255,0.0,0.0,1,HUMAN
255,255,255,0.0,0.0,1,HUMAN
255,255,255,0.0,0.0,1,HUMAN
255,255,255,0.0,0.0,1,HUMAN
255,255,255,0.0,0.0,1,HUMAN
255,255,255,0.0,0.0,1,HUMAN
255,255,255,0.0,0.0,1,HUMAN
255,255,255,0.0,0.0,1,HUMAN
255,255,255,0.0,0.0,1,HUMAN
255,255,255,0.0,0.0,1,HUMAN
255,255,255,0.0,0.0,1,HUMAN
255,255,255,0.0,0.0,1,HUMAN
255,255,255,0.0,0.0,1,HUMAN
255,255,255,0.0,0.0,1,HUMAN
255,255,255,0.0,0.0,1,HUMAN
255,255,255,0.0,0.0,1,HUMAN
255,255,255,0.0,0.0,1,HUMAN
255,255,255,0.0,0.0,1,HUMAN
255,255,255,0.0,0.0,1,HUMAN
255,255,255,0.0,0.0,1,HUMAN
255,255,255,0.0,0.0,1,HUMAN
255,255,255,0.0,0.0,1,HUMAN
255,255,255,0.0,0.0,1,HUMAN
255,255,255,0.0,0.0,1,HUMAN
255,255,255,0.0,0.0,1,HUMAN
255,255,255,0.0,0.0,1,HUMAN
255,255,255,0.0,0.0,1,HUMAN
255,255,255,0.0,0.0,1,HUMAN
255,255,255,0.0,0.0,1,HUMAN
255,255,255,0.0,0.0,1,HUMAN
255,255,255,0.0,0.0,1,HUMAN
255,255,255,0.0,0.0,1,HUMAN
255,255,255,0.0,0.0,1,HUMAN
255,255,255,0.0,0.0,1,HUMAN
255,255,255,0.0,0.0,1,HUMAN
255,255,255,0.0,0.0,1,HUMAN
255,255,255,0.0,0.0,1,HUMAN
255,255,255,0.0,0.0,1,HUMAN
255,255,255,0.0,0.0,1,HUMAN
255,255,255,0.0,0.0,1,HUMAN
255,255,255,0.0,0.0,1,HUMAN
255,255,255,0.0,0.0,1,HUMAN
255,255,255,0.0,0.0,1,HUMAN
255,255,255,0.0,0.0,1,HUMAN
255,255,255,0.0,0.0,1,HUMAN
255,255,255,0.0,0.0,2,HUMAN
255,255,255,0.0,0.0,2,HUMAN
255,255,255,0.0,0.0,2,HUMAN
255,255,255,0.0,0.0,2,HUMAN
255,255,255,0.0,0.0,2,HUMAN
255,255,255,0.0,0.0,2,HUMAN
255,255,255,0.0,0.0,2,HUMAN
255,255,255,0.0,0.0,2,HUMAN
255,255,255,0.0,0.0,2,HUMAN
255,255,255,0.0,0.0,2,HUMAN
255,255,255,0.0,0.0,2,HUMAN
255,255,255,0.0,0.0,2,HUMAN
255,255,255,0.0,0.0,2,HUMAN
255,255,255,0.0,0.0,2,HUMAN
255,255,255,0.0,0.0,2,HUMAN
255,255,255,0.0,0.0,2,HUMAN
255,255,255,0.0,0.0,2,HUMAN
255,255,255,0.0,0.0,2,HUMAN
255,255,255,0.0,0.0,2,HUMAN
255,255,255,0.0,0.0,2,HUMAN
255,255,255,0.0,0.0,2,HUMAN
255,255,255,0.0,0.0,2,HUMAN
255,255,255,0.0,0.0,2,HUMAN
255,255,255,0.0,0.0,2,HUMAN
255,255,255,0.0,0.0,2,HUMAN
255,255,255,0.0,0.0,2,HUMAN
255,255,255,0.0,0.0,2,HUMAN
255,255,255,0.0,0.0,2,HUMAN
255,255,255,0.0,0.0,2,HUMAN
255,255,255,0.0,0.0,2,HUMAN
255,255,255,0.0,0.0,1,HUMAN
255,255,255,0.0,0.0,1,HUMAN
255,255,255,0.0,0.0,1,HUMAN
255,255,255,0.0,0.0,1,HUMAN
255,255,255,0.0,0.0,1,HUMAN
255,255,255,0.0,0.0,1,HUMAN
255,255,255,0.0,0.0,1,HUMAN
255,255,255,0.0,0.0,1,HUMAN
255,255,255,0.0,0.0,1,HUMAN
255,255,255,0.0,0.0,1,HUMAN
255,255,255,0.0,0.0,1,HUMAN
255,255,255,0.0,0.0,1,HUMAN
255,255,255,0.0,0.0,1,HUMAN
255,255,255,0.0,0.0,1,HUMAN
255,255,255,0.0,0.0,1,HUMAN
255,255,255,0.0,0.0,1,HUMAN
255,255,255,0.0,0.0,1,HUMAN
255,255,255,0.0,0.0,1,HUMAN
255,255,255,0.0,0.0,1,HUMAN
255,255,255,0.0,0.0,1,HUMAN
255,255,255,0.0,0.0,1,HUMAN
255,255,255,0.0,0.0,1,HUMAN
255,255,255,0.0,0.0,1,HUMAN
255,255,255,0.0,0.0,1,HUMAN
255,255,255,0.0,0.0,1,HUMAN
255,255,255,0.0,0.0,1,HUMAN
255,255,255,0.0,0.0,1,HUMAN
255,255,255,0.0,0.0,1,HUMAN
255,255,255,0.0,0.0,1,HUMAN
255,255,255,0.0,0.0,1,HUMAN
255,255,255,0.0,0.0,1,HUMAN
255,255,255,0.0,0.0,1,HUMAN
255,255,255,0.0,0.0,1,HUMAN
255,255,255,0.0,0.0,1,HUMAN
255,255,255,0.0,0.0,1,HUMAN
255,255,255,0.0,0.0,1,HUMAN
255,255,255,0.0,0.0,1,HUMAN
255,255,255,0.0,0.0,1,HUMAN
255,255,255,0.0,0.0,1,HUMAN
255,255,255,0.0,0.0,1,HUMAN
255,255,255,0.0,0.0,1,HUMAN
255,255,255,0.0,0.0,1,HUMAN
255,255,255,0.0,0.0,1,HUMAN
255,255,255,0.0,0.0,1,HUMAN
255,255,255,0.0,0.0,1,HUMAN
255,255,255,0.0,0.0,1,HUMAN
255,255,255,0.0,0.0,1,HUMAN
255,255,255,0.0,0.0,1,HUMAN
255,255,255,0.0,0.0,1,HUMAN
255,255,255,0.0,0.0,1,HUMAN
255,255,255,0.0,0.0,1,HUMAN
255,255,255,0.0,0.0,1,HUMAN
255,255,255,0.0,0.0,1,HUMAN
255,255,255,0.0,0.0,1,HUMAN
255,255,255,0.0,0.0,1,HUMAN
255,255,255,0.0,0.0,1,HUMAN
255,255,255,0.0,0.0,1,HUMAN
255,255,255,0.0,0.0,1,HUMAN
255,255,255,0.0,0.0,1,HUMAN
255,255,255,0.0,0.0,1,HUMAN
255,255,255,0.0,0.0,1,HUMAN
255,255,255,0.0,0.0,1,HUMAN
255,255,255,0.0,0.0,1,HUMAN
255,255,255,0.0,0.0,1,HUMAN
255,255,255,0.0,0.0,1,HUMAN
255,255,255,0.0,0.0,1,HUMAN
255,255,255,0.0,0.0,1,HUMAN
255,255,255,0.0,0.0,1,HUMAN
255,255,255,0.0,0.0,1,HUMAN
255,255,255,0.0,0.0,1,HUMAN
255,255,255,0.0,0.0,1,HUMAN
255,255,255,0.0,0.0,1,HUMAN
255,255,255,0.0,0.0,1,HUMAN
255,255,255,0.0,0.0,1,HUMAN
255,255,255,0.0,0.0,1,HUMAN
255,255,255,0.0,0.0,1,HUMAN
255,255,255,0.0,0.0,1,HUMAN
255,255,255,0.0,0.0,1,HUMAN
255,255,255,0.0,0.0,1,HUMAN
255,255,255,0.0,0.0,1,HUMAN
255,255,255,0.0,0.0,1,HUMAN
255,255,255,0.0,0.0,1,HUMAN
255,255,255,0.0,0.0,1,HUMAN
255,255,255,0.0,0.0,1,HUMAN
255,255,255,0.0,0.0,1,HUMAN
255,255,255,0.0,0.0,1,HUMAN
255,255,255,0.0,0.0,1,HUMAN
255,255,255,0.0,0.0,1,HUMAN
255,255,255,0.0,0.0,1,HUMAN
255,255,255,0.0,0.0,1,HUMAN
255,255,255,0.0,0.0,1,HUMAN
255,255,255,0.0,0.0,1,HUMAN
255,255,255,0.0,0.0,1,HUMAN
255,255,255,0.0,0.0,1,HUMAN
255,255,255,0.0,0.0,1,HUMAN
255,255,255,0.0,0.0,1,HUMAN
255,255,255,0.0,0.0,1,HUMAN
255,255,255,0.0,0.0,1,HUMAN
255,255,255,0.0,0.0,1,HUMAN
255,255,255,0.0,0.0,1,HUMAN
255,255,255,0.0,0.0,1,HUMAN
255,255,255,0.0,0.0,1,HUMAN
255,255,255,0.0,0.0,1,HUMAN
255,255,255,0.0,0.0,1,HUMAN
255,255,255,0.0,0.0,1,HUMAN
255,255,255,0.0,0.0,1,HUMAN
255,255,255,0.0,0.0,1,HUMAN
255,255,255,0.0,0.0,1,HUMAN
255,255,255,0.0,0.0,1,HUMAN
255,255,255,0.0,0.0,1,HUMAN
255,255,255,0.0,0.0,1,HUMAN
255,255,255,0.0,0.0,1,HUMAN
255,255,255,0.0,0.0,1,HUMAN
255,255,255,0.0,0.0,1,HUMAN
255,255,255,0.0,0.0,1,HUMAN
255,255,255,0.0,0.0,1,HUMAN
255,255,255,0.0,0.0,1,HUMAN
255,255,255,0.0,0.0,1,HUMAN
255,255,255,0.0,0.0,1,HUMAN
255,255,255,0.0,0.0,1,HUMAN
255,255,255,0.0,0.0,1,HUMAN
255,255,255,0.0,0.0,1,HUMAN
255,255,255,0.0,0.0,1,HUMAN
255,255,255,0.0,0.0,1,HUMAN
255,255,255,0.0,0.0,1,HUMAN
255,255,255,0.0,0.0,1,HUMAN
255,255,255,0.0,0.0,1,HUMAN
255,255,255,0.0,0.0,1,HUMAN
255,255,255,0.0,0.0,1,HUMAN
255,255,255,0.0,0.0,1,HUMAN
255,255,255,0.0,0.0,1,HUMAN
255,255,255,0.0,0.0,1,HUMAN
255,255,255,0.0,0.0,1,HUMAN
255,255,255,0.0,0.0,1,HUMAN
255,255,255,0.0,0.0,1,HUMAN
255,255,255,0.0,0.0,1,HUMAN
255,255,255,0.0,0.0,1,HUMAN
255,255,255,0.0,0.0,1,HUMAN
255,255,255,0.0,0.0,1,HUMAN
255,255,255,0.0,0.0,1,HUMAN
255,255,255,0.0,0.0,1,HUMAN
255,255,255,0.0,0.0,1,HUMAN
255,255,255,0.0,0.0,1,HUMAN
255,255,255,0.0,0.0,1,HUMAN
255,255,255,0.0,0.0,1,HUMAN
255,255,255,0.0,0.0,1,HUMAN
255,255,255,0.0,0.0,1,HUMAN
255,255,255,0.0,0.0,1,HUMAN
255,255,255,0.0,0.0,1,HUMAN
255,255,255,0.0,0.0,1,HUMAN
255,255,255,0.0,0.0,1,HUMAN
255,255,255,0.0,0.0,1,HUMAN
255,255,255,0.0,0.0,1,HUMAN
255,255,255,0.0,0.0,1,HUMAN
255,255,255,0.0,0.0,1,HUMAN
255,255,255,0.0,0.0,1,HUMAN
255,255,255,0.0,0.0,1,HUMAN
255,255,255,0.0,0.0,1,HUMAN
255,255,255,0.0,0.0,1,HUMAN
255,255,255,0.0,0.0,1,HUMAN
255,255,255,0.0,0.0,1,HUMAN
255,255,255,0.0,0.0,1,HUMAN
255,255,255,0.0,0.0,1,HUMAN
255,255,255,0.0,0.0,1,HUMAN
255,255,255,0.0,0.0,1,HUMAN
255,255,255,0.0,0.0,1,HUMAN
255,255,255,0.0,0.0,1,HUMAN
255,255,255,0.0,0.0,1,HUMAN
255,255,255,0.0,0.0,1,HUMAN
255,255,255,0.0,0.0,1,HUMAN
255,255,255,0.0,0.0,1,HUMAN
255,255,255,0.0,0.0,1,HUMAN
255,255,255,0.0,0.0,1,HUMAN
255,255,255,0.0,0.0,1,HUMAN
255,255,255,0.0,0.0,1,HUMAN
255,255,255,0.0,0.0,1,HUMAN
255,255,255,0.0,0.0,1,HUMAN
255,255,255,0.0,0.0,1,HUMAN
255,255,255,0.0,0.0,1,HUMAN
255,255,255,0.0,0.0,1,HUMAN
255,255,255,0.0,0.0,1,HUMAN
255,255,255,0.0,0.0,1,HUMAN
255,255,255,0.0,0.0,1,HUMAN
255,255,255,0.0,0.0,1,HUMAN
255,255,255,0.0,0.0,1,HUMAN
255,255,255,0.0,0.0,1,HUMAN
255,255,255,0.0,0.0,1,HUMAN
255,255,255,0.0,0.0,1,HUMAN
255,255,255,0.0,0.0,1,HUMAN
255,255,255,0.0,0.0,1,HUMAN
255,255,255,0.0,0.0,1,HUMAN
255,255,255,0.0,0.0,1,HUMAN
255,255,255,0.0,0.0,1,HUMAN
255,255,255,0.0,0.0,1,HUMAN
255,255,255,0.0,0.0,1,HUMAN
255,255,255,0.0,0.0,1,HUMAN
255,255,255,0.0,0.0,1,HUMAN
255,255,255,0.0,0.0,1,HUMAN
255,255,255,0.0,0.0,1,HUMAN
255,255,255,0.0,0.0,1,HUMAN
255,255,255,0.0,0.0,1,HUMAN
255,255,255,0.0,0.0,1,HUMAN
255,255,255,0.0,0.0,1,HUMAN
255,255,255,0.0,0.0,1,HUMAN
255,255,255,0.0,0.0,1,HUMAN
255,255,255,0.0,0.0,1,HUMAN
255,255,255,0.0,0.0,1,HUMAN
255,255,255,0.0,0.0,1,HUMAN
255,255,255,0.0,0.0,1,HUMAN
255,255,255,0.0,0.0,1,HUMAN
255,255,255,0.0,0.0,1,HUMAN
255,255,255,0.0,0.0,1,HUMAN
255,255,255,0.0,0.0,1,HUMAN
255,255,255,0.0,0.0,1,HUMAN
255,255,255,0.0,0.0,1,HUMAN
255,255,255,0.0,0.0,1,HUMAN
255,255,255,0.0,0.0,1,HUMAN
255,255,255,0.0,0.0,1,HUMAN
255,255,255,0.0,0.0,1,HUMAN
255,255,255,0.0,0.0,1,HUMAN
255,255,255,0.0,0.0,1,HUMAN
255,255,255,0.0,0.0,1,HUMAN
255,255,255,0.0,0.0,1,HUMAN
255,255,255,0.0,0.0,1,HUMAN
255,255,255,0.0,0.0,1,HUMAN
255,255,255,0.0,0.0,1,HUMAN
255,255,255,0.0,0.0,1,HUMAN
255,255,255,0.0,0.0,1,HUMAN
255,255,255,0.0,0.0,1,HUMAN
255,255,255,0.0,0.0,1,HUMAN
255,255,255,0.0,0.0,1,HUMAN
255,255,255,0.0,0.0,1,HUMAN
255,255,255,0.0,0.0,1,HUMAN
255,255,255,0.0,0.0,1,HUMAN
255,255,255,0.0,0.0,1,HUMAN
255,255,255,0.0,0.0,1,HUMAN
255,255,255,0.0,0.0,1,HUMAN
255,255,255,0.0,0.0,1,HUMAN
255,255,255,0.0,0.0,1,HUMAN
255,255,255,0.0,0.0,1,HUMAN
255,255,255,0.0,0.0,1,HUMAN
255,255,255,0.0,0.0,1,HUMAN
255,255,255,0.0,0.0,1,HUMAN
255,255,255,0.0,0.0,1,HUMAN
255,255,255,0.0,0.0,1,HUMAN
255,255,255,0.0,0.0,1,HUMAN
255,255,255,0.0,0.0,1,HUMAN
255,255,255,0.0,0.0,1,HUMAN
255,255,255,0.0,0.0,1,HUMAN
255,255,255,0.0,0.0,1,HUMAN
255,255,255,0.0,0.0,1,HUMAN
255,255,255,0.0,0.0,1,HUMAN
255,255,255,0.0,0.0,1,HUMAN
255,255,255,0.0,0.0,1,HUMAN
255,255,255,0.0,0.0,1,HUMAN
255,255,255,0.0,0.0,1,HUMAN
255,255,255,0.0,0.0,1,HUMAN
255,255,255,0.0,0.0,1,HUMAN
255,255,255,0.0,0.0,1,HUMAN
255,255,255,0.0,0.0,1,HUMAN
255,255,255,0.0,0.0,1,HUMAN
255,255,255,0.0,0.0,1,HUMAN
255,255,255,0.0,0.0,1,HUMAN
255,255,255,0.0,0.0,1,HUMAN
255,255,255,0.0,0.0,1,HUMAN
255,255,255,0.0,0.0,1,HUMAN
255,255,255,0.0,0.0,1,HUMAN
255,255,255,0.0,0.0,1,HUMAN
255,255,255,0.0,0.0,1,HUMAN
255,255,255,0.0,0.0,1,HUMAN
255,255,255,0.0,0.0,1,HUMAN
255,255,255,0.0,0.0,1,HUMAN
255,255,255,0.0,0.0,1,HUMAN
255,255,255,0.0,0.0,1,HUMAN
255,255,255,0.0,0.0,1,HUMAN
255,255,255,0.0,0.0,1,HUMAN
255,255,255,0.0,0.0,1,HUMAN
255,255,255,0.0,0.0,1,HUMAN
255,255,255,0.0,0.0,1,HUMAN
255,255,255,0.0,0.0,1,HUMAN
255,255,255,0.0,0.0,1,HUMAN
255,255,255,0.0,0.0,1,HUMAN
255,255,255,0.0,0.0,1,HUMAN
255,255,255,0.0,0.0,1,HUMAN
255,255,255,0.0,0.0,1,HUMAN
255,255,255,0.0,0.0,1,HUMAN
255,255,255,0.0,0.0,1,HUMAN
255,255,255,0.0,0.0,1,HUMAN
255,255,255,0.0,0.0,1,HUMAN
255,255,255,0.0,0.0,1,HUMAN
255,255,255,0.0,0.0,1,HUMAN
255,255,255,0.0,0.0,1,HUMAN
255,255,255,0.0,0.0,1,HUMAN
255,255,255,0.0,0.0,1,HUMAN
255,255,255,0.0,0.0,1,HUMAN
255,255,255,0.0,0.0,1,HUMAN
255,255,255,0.0,0.0,1,HUMAN
255,255,255,0.0,0.0,1,HUMAN
255,255,255,0.0,0.0,1,HUMAN
255,255,255,0.0,0.0,1,HUMAN
255,255,255,0.0,0.0,1,HUMAN
255,255,255,0.0,0.0,1,HUMAN
255,255,255,0.0,0.0,1,HUMAN
255,255,255,0.0,0.0,1,HUMAN
255,255,255,0.0,0.0,1,HUMAN
255,255,255,0.0,0.0,1,HUMAN
255,255,255,0.0,0.0,1,HUMAN
255,255,255,0.0,0.0,1,HUMAN
255,255,255,0.0,0.0,1,HUMAN
255,255,255,0.0,0.0,1,HUMAN
255,255,255,0.0,0.0,1,HUMAN
255,255,255,0.0,0.0,1,HUMAN
255,255,255,0.0,0.0,1,HUMAN
255,255,255,0.0,0.0,1,HUMAN
255,255,255,0.0,0.0,1,HUMAN
255,255,255,0.0,0.0,1,HUMAN
255,255,255,0.0,0.0,1,HUMAN
255,255,255,0.0,0.0,1,HUMAN
255,255,255,0.0,0.0,1,HUMAN
255,255,255,0.0,0.0,1,HUMAN
255,255,255,0.0,0.0,1,HUMAN
255,255,255,0.0,0.0,1,HUMAN
255,255,255,0.0,0.0,1,HUMAN
255,255,255,0.0,0.0,1,HUMAN
255,255,255,0.0,0.0,1,HUMAN
255,255,255,0.0,0.0,1,HUMAN
255,255,255,0.0,0.0,1,HUMAN
255,255,255,0.0,0.0,1,HUMAN
255,255,255,0.0,0.0,1,HUMAN
255,255,255,0.0,0.0,1,HUMAN
255,255,255,0.0,0.0,1,HUMAN
255,255,255,0.0,0.0,1,HUMAN
255,255,255,0.0,0.0,1,HUMAN
255,255,255,0.0,0.0,1,HUMAN
255,255,255,0.0,0.0,1,HUMAN
255,255,255,0.0,0.0,1,HUMAN
255,255,255,0.0,0.0,1,HUMAN
255,255,255,0.0,0.0,1,HUMAN
255,255,255,0.0,0.0,1,HUMAN
255,255,255,0.0,0.0,1,HUMAN
255,255,255,0.0,0.0,1,HUMAN
255,255,255,0.0,0.0,1,HUMAN
255,255,255,0.0,0.0,1,HUMAN
255,255,255,0.0,0.0,1,HUMAN
255,255,255,0.0,0.0,1,HUMAN
255,255,255,0.0,0.0,1,HUMAN
255,255,255,0.0,0.0,1,HUMAN
255,255,255,0.0,0.0,1,HUMAN
255,255,255,0.0,0.0,1,HUMAN
255,255,255,0.0,0.0,1,HUMAN
255,255,255,0.0,0.0,1,HUMAN
255,255,255,0.0,0.0,1,HUMAN
255,255,255,0.0,0.0,1,HUMAN
255,255,255,0.0,0.0,1,HUMAN
255,255,255,0.0,0.0,1,HUMAN
255,255,255,0.0,0.0,1,HUMAN
255,255,255,0.0,0.0,1,HUMAN
255,255,255,0.0,0.0,1,HUMAN
255,255,255,0.0,0.0,1,HUMAN
255,255,255,0.0,0.0,1,HUMAN
255,255,255,0.0,0.0,1,HUMAN
255,255,255,0.0,0.0,1,HUMAN
255,255,255,0.0,0.0,1,HUMAN
255,255,255,0.0,0.0,1,HUMAN
255,255,255,0.0,0.0,1,HUMAN
255,255,255,0.0,0.0,1,HUMAN
255,255,255,0.0,0.0,1,HUMAN
255,255,255,0.0,0.0,1,HUMAN
255,255,255,0.0,0.0,1,HUMAN
255,255,255,0.0,0.0,1,HUMAN
255,255,255,0.0,0.0,1,HUMAN
255,255,255,0.0,0.0,1,HUMAN
255,255,255,0.0,0.0,1,HUMAN
255,255,255,0.0,0.0,1,HUMAN
255,255,255,0.0,0.0,1,HUMAN
255,255,255,0.0,0.0,1,HUMAN
255,255,255,0.0,0.0,1,HUMAN
255,255,255,0.0,0.0,1,HUMAN
255,255,255,0.0,0.0,1,HUMAN
255,255,255,0.0,0.0,1,HUMAN
255,255,255,0.0,0.0,1,HUMAN
255,255,255,0.0,0.0,1,HUMAN
255,255,255,0.0,0.0,1,HUMAN
255,255,255,0.0,0.0,1,HUMAN
255,255,255,0.0,0.0,1,HUMAN
255,255,255,0.0,0.0,1,HUMAN
255,255,255,0.0,0.0,1,HUMAN
255,255,255,0.0,0.0,1,HUMAN
255,255,255,0.0,0.0,1,HUMAN
255,255,255,0.0,0.0,1,HUMAN
255,255,255,0.0,0.0,1,HUMAN
255,255,255,0.0,0.0,1,HUMAN
255,255,255,0.0,0.0,1,HUMAN
255,255,255,0.0,0.0,1,HUMAN
255,255,255,0.0,0.0,1,HUMAN
255,255,255,0.0,0.0,1,HUMAN
255,255,255,0.0,0.0,1,HUMAN
255,255,255,0.0,0.0,1,HUMAN
255,255,255,0.0,0.0,1,HUMAN
255,255,255,0.0,0.0,1,HUMAN
255,255,255,0.0,0.0,1,HUMAN
255,255,255,0.0,0.0,1,HUMAN
255,255,255,0.0,0.0,1,HUMAN
255,255,255,0.0,0.0,1,HUMAN
255,255,255,0.0,0.0,1,HUMAN
255,255,255,0.0,0.0,1,HUMAN
255,255,255,0.0,0.0,1,HUMAN
255,255,255,0.0,0.0,1,HUMAN
255,255,255,0.0,0.0,1,HUMAN
255,255,255,0.0,0.0,1,HUMAN
255,255,255,0.0,0.0,1,HUMAN
255,255,255,0.0,0.0,1,HUMAN
255,255,255,0.0,0.0,1,HUMAN
255,255,255,0.0,0.0,1,HUMAN
255,255,255,0.0,0.0,1,HUMAN
255,255,255,0.0,0.0,1,HUMAN
255,255,255,0.0,0.0,1,HUMAN
255,255,255,0.0,0.0,1,HUMAN
255,255,255,0.0,0.0,1,HUMAN
255,255,255,0.0,0.0,1,HUMAN
255,255,255,0.0,0.0,1,HUMAN
255,255,255,0.0,0.0,1,HUMAN
255,255,255,0.0,0.0,1,HUMAN
255,255,255,0.0,0.0,1,HUMAN
255,255,255,0.0,0.0,1,HUMAN
255,255,255,0.0,0.0,1,HUMAN
255,255,255,0.0,0.0,1,HUMAN
255,255,255,0.0,0.0,1,HUMAN
255,255,255,0.0,0.0,1,HUMAN
255,255,255,0.0,0.0,1,HUMAN
255,255,255,0.0,0.0,1,HUMAN
255,255,255,0.0,0.0,1,HUMAN
255,255,255,0.0,0.0,1,HUMAN
255,255,255,0.0,0.0,1,HUMAN
255,255,255,0.0,0.0,1,HUMAN
255,255,255,0.0,0.0,1,HUMAN
255,255,255,0.0,0.0,1,HUMAN
255,255,255,0.0,0.0,1,HUMAN
255,255,255,0.0,0.0,1,HUMAN
255,255,255,0.0,0.0,1,HUMAN
255,255,255,0.0,0.0,1,HUMAN
255,255,255,0.0,0.0,1,HUMAN
255,255,255,0.0,0.0,1,HUMAN
255,255,255,0.0,0.0,1,HUMAN
255,255,255,0.0,0.0,1,HUMAN
255,255,255,0.0,0.0,1,HUMAN
255,255,255,0.0,0.0,1,HUMAN
255,255,255,0.0,0.0,1,HUMAN
255,255,255,0.0,0.0,1,HUMAN
255,255,255,0.0,0.0,1,HUMAN
255,255,255,0.0,0.0,1,HUMAN
255,255,255,0.0,0.0,1,HUMAN
255,255,255,0.0,0.0,1,HUMAN
255,255,255,0.0,0.0,1,HUMAN
255,255,255,0.0,0.0,1,HUMAN
255,255,255,0.0,0.0,1,HUMAN
255,255,255,0.0,0.0,1,HUMAN
255,255,255,0.0,0.0,1,HUMAN
255,255,255,0.0,0.0,1,HUMAN
255,255,255,0.0,0.0,1,HUMAN
255,255,255,0.0,0.0,1,HUMAN
255,255,255,0.0,0.0,1,HUMAN
255,255,255,0.0,0.0,1,HUMAN
255,255,255,0.0,0.0,1,HUMAN
255,255,255,0.0,0.0,1,HUMAN
255,255,255,0.0,0.0,1,HUMAN
255,255,255,0.0,0.0,1,HUMAN
255,255,255,0.0,0.0,1,HUMAN
255,255,255,0.0,0.0,1,HUMAN
255,255,255,0.0,0.0,1,HUMAN
255,255,255,0.0,0.0,1,HUMAN
255,255,255,0.0,0.0,1,HUMAN
255,255,255,0.0,0.0,1,HUMAN
255,255,255,0.0,0.0,1,HUMAN
255,255,255,0.0,0.0,1,HUMAN
255,255,255,0.0,0.0,1,HUMAN
255,255,255,0.0,0.0,1,HUMAN
255,255,255,0.0,0.0,1,HUMAN
255,255,255,0.0,0.0,1,HUMAN
255,255,255,0.0,0.0,1,HUMAN
255,255,255,0.0,0.0,1,HUMAN
255,255,255,0.0,0.0,1,HUMAN
255,255,255,0.0,0.0,1,HUMAN
255,255,255,0.0,0.0,1,HUMAN
255,255,255,0.0,0.0,1,HUMAN
255,255,255,0.0,0.0,1,HUMAN
255,255,255,0.0,0.0,1,HUMAN
255,255,255,0.0,0.0,1,HUMAN
255,255,255,0.0,0.0,1,HUMAN
255,255,255,0.0,0.0,1,HUMAN
255,255,255,0.0,0.0,1,HUMAN
255,255,255,0.0,0.0,1,HUMAN
255,255,255,0.0,0.0,1,HUMAN
255,255,255,0.0,0.0,1,HUMAN
255,255,255,0.0,0.0,1,HUMAN
255,255,255,0.0,0.0,1,HUMAN
255,255,255,0.0,0.0,1,HUMAN
255,255,255,0.0,0.0,1,HUMAN
255,255,255,0.0,0.0,1,HUMAN
255,255,255,0.0,0.0,1,HUMAN
255,255,255,0.0,0.0,1,HUMAN
255,255,255,0.0,0.0,1,HUMAN
255,255,255,0.0,0.0,1,HUMAN
255,255,255,0.0,0.0,1,HUMAN
255,255,255,0.0,0.0,1,HUMAN
255,255,255,0.0,0.0,1,HUMAN
255,255,255,0.0,0.0,1,HUMAN
255,255,255,0.0,0.0,1,HUMAN
255,255,255,0.0,0.0,1,HUMAN
255,255,255,0.0,0.0,1,HUMAN
255,255,255,0.0,0.0,1,HUMAN
255,255,255,0.0,0.0,1,HUMAN
255,255,255,0.0,0.0,1,HUMAN
255,255,255,0.0,0.0,1,HUMAN
255,255,255,0.0,0.0,1,HUMAN
255,255,255,0.0,0.0,1,HUMAN
255,255,255,0.0,0.0,1,HUMAN
255,255,255,0.0,0.0,1,HUMAN
255,255,255,0.0,0.0,1,HUMAN
255,255,255,0.0,0.0,1,HUMAN
255,255,255,0.0,0.0,1,HUMAN
255,255,255,0.0,0.0,1,HUMAN
255,255,255,0.0,0.0,1,HUMAN
255,255,255,0.0,0.0,1,HUMAN
255,255,255,0.0,0.0,1,HUMAN
255,255,255,0.0,0.0,1,HUMAN
255,255,255,0.0,0.0,1,HUMAN
255,255,255,0.0,0.0,1,HUMAN
255,255,255,0.0,0.0,1,HUMAN
255,255,255,0.0,0.0,1,HUMAN
255,255,255,0.0,0.0,1,HUMAN
255,255,255,0.0,0.0,1,HUMAN
255,255,255,0.0,0.0,1,HUMAN
255,255,255,0.0,0.0,1,HUMAN
255,255,255,0.0,0.0,1,HUMAN
255,255,255,0.0,0.0,1,HUMAN
255,255,255,0.0,0.0,1,HUMAN
255,255,255,0.0,0.0,1,HUMAN
255,255,255,0.0,0.0,1,HUMAN
255,255,255,0.0,0.0,1,HUMAN
255,255,255,0.0,0.0,1,HUMAN
255,255,255,0.0,0.0,1,HUMAN
255,255,255,0.0,0.0,1,HUMAN
255,255,255,0.0,0.0,1,HUMAN
255,255,255,0.0,0.0,1,HUMAN
255,255,255,0.0,0.0,1,HUMAN
255,255,255,0.0,0.0,1,HUMAN
255,255,255,0.0,0.0,1,HUMAN
255,255,255,0.0,0.0,1,HUMAN
255,255,255,0.0,0.0,1,HUMAN
255,255,255,0.0,0.0,1,HUMAN
255,255,255,0.0,0.0,1,HUMAN
255,255,255,0.0,0.0,1,HUMAN
255,255,255,0.0,0.0,1,HUMAN
255,255,255,0.0,0.0,1,HUMAN
255,255,255,0.0,0.0,1,HUMAN
255,255,255,0.0,0.0,1,HUMAN
255,255,255,0.0,0.0,1,HUMAN
255,255,255,0.0,0.0,1,HUMAN
255,255,255,0.0,0.0,1,HUMAN
255,255,255,0.0,0.0,1,HUMAN
255,255,255,0.0,0.0,1,HUMAN
255,255,255,0.0,0.0,1,HUMAN
255,255,255,0.0,0.0,1,HUMAN
255,255,255,0.0,0.0,1,HUMAN
255,255,255,0.0,0.0,1,HUMAN
255,255,255,0.0,0.0,1,HUMAN
255,255,255,0.0,0.0,1,HUMAN
255,255,255,0.0,0.0,1,HUMAN
255,255,255,0.0,0.0,1,HUMAN
255,255,255,0.0,0.0,1,HUMAN
255,255,255,0.0,0.0,1,HUMAN
255,255,255,0.0,0.0,1,HUMAN
255,255,255,0.0,0.0,1,HUMAN
255,255,255,0.0,0.0,1,HUMAN
255,255,255,0.0,0.0,1,HUMAN
255,255,255,0.0,0.0,1,HUMAN
255,255,255,0.0,0.0,1,HUMAN
255,255,255,0.0,0.0,1,HUMAN
255,255,255,0.0,0.0,1,HUMAN
255,255,255,0.0,0.0,1,HUMAN
255,255,255,0.0,0.0,1,HUMAN
255,255,255,0.0,0.0,1,HUMAN
255,255,255,0.0,0.0,1,HUMAN
255,255,255,0.0,0.0,1,HUMAN
255,255,255,0.0,0.0,1,HUMAN
255,255,255,0.0,0.0,1,HUMAN
255,255,255,0.0,0.0,1,HUMAN
255,255,255,0.0,0.0,1,HUMAN
255,255,255,0.0,0.0,1,HUMAN
255,255,255,0.0,0.0,1,HUMAN
255,255,255,0.0,0.0,1,HUMAN
255,255,255,0.0,0.0,1,HUMAN
255,255,255,0.0,0.0,1,HUMAN
255,255,255,0.0,0.0,1,HUMAN
255,255,255,0.0,0.0,1,HUMAN
255,255,255,0.0,0.0,1,HUMAN
255,255,255,0.0,0.0,1,HUMAN
255,255,255,0.0,0.0,1,HUMAN
255,255,255,0.0,0.0,1,HUMAN
255,255,255,0.0,0.0,1,HUMAN
255,255,255,0.0,0.0,1,HUMAN
255,255,255,0.0,0.0,1,HUMAN
255,255,255,0.0,0.0,1,HUMAN
255,255,255,0.0,0.0,1,HUMAN
255,255,255,0.0,0.0,1,HUMAN
255,255,255,0.0,0.0,1,HUMAN
255,255,255,0.0,0.0,1,HUMAN
255,255,255,0.0,0.0,1,HUMAN
255,255,255,0.0,0.0,1,HUMAN
255,255,255,0.0,0.0,1,HUMAN
255,255,255,0.0,0.0,1,HUMAN
255,255,255,0.0,0.0,1,HUMAN
255,255,255,0.0,0.0,1,HUMAN
255,255,255,0.0,0.0,1,HUMAN
255,255,255,0.0,0.0,1,HUMAN
255,255,255,0.0,0.0,1,HUMAN
255,255,255,0.0,0.0,1,HUMAN
255,255,255,0.0,0.0,1,HUMAN
255,255,255,0.0,0.0,1,HUMAN
255,255,255,0.0,0.0,1,HUMAN
255,255,255,0.0,0.0,1,HUMAN
255,255,255,0.0,0.0,1,HUMAN
255,255,255,0.0,0.0,1,HUMAN
255,255,255,0.0,0.0,1,HUMAN
255,255,255,0.0,0.0,1,HUMAN
255,255,255,0.0,0.0,1,HUMAN
255,255,255,0.0,0.0,1,HUMAN
255,255,255,0.0,0.0,1,HUMAN
255,255,255,0.0,0.0,1,HUMAN
255,255,255,0.0,0.0,1,HUMAN
255,255,255,0.0,0.0,1,HUMAN
255,255,255,0.0,0.0,1,HUMAN
255,255,255,0.0,0.0,1,HUMAN
255,255,255,0.0,0.0,1,HUMAN
255,255,255,0.0,0.0,1,HUMAN
255,255,255,0.0,0.0,1,HUMAN
255,255,255,0.0,0.0,1,HUMAN
255,255,255,0.0,0.0,1,HUMAN
255,255,255,0.0,0.0,1,HUMAN
255,255,255,0.0,0.0,1,HUMAN
255,255,255,0.0,0.0,1,HUMAN
255,255,255,0.0,0.0,1,HUMAN
255,255,255,0.0,0.0,1,HUMAN
255,255,255,0.0,0.0,1,HUMAN
255,255,255,0.0,0.0,1,HUMAN
255,255,255,0.0,0.0,1,HUMAN
255,255,255,0.0,0.0,1,HUMAN
255,255,255,0.0,0.0,1,HUMAN
255,255,255,0.0,0.0,1,HUMAN
255,255,255,0.0,0.0,1,HUMAN
255,255,255,0.0,0.0,1,HUMAN
255,255,255,0.0,0.0,1,HUMAN
255,255,255,0.0,0.0,1,HUMAN
255,255,255,0.0,0.0,1,HUMAN
255,255,255,0.0,0.0,1,HUMAN
255,255,255,0.0,0.0,1,HUMAN
255,255,255,0.0,0.0,1,HUMAN
255,255,255,0.0,0.0,1,HUMAN
255,255,255,0.0,0.0,1,HUMAN
255,255,255,0.0,0.0,1,HUMAN
255,255,255,0.0,0.0,1,HUMAN
255,255,255,0.0,0.0,1,HUMAN
255,255,255,0.0,0.0,1,HUMAN
255,255,255,0.0,0.0,1,HUMAN
255,255,255,0.0,0.0,1,HUMAN
255,255,255,0.0,0.0,1,HUMAN
255,255,255,0.0,0.0,1,HUMAN
255,255,255,0.0,0.0,1,HUMAN
255,255,255,0.0,0.0,1,HUMAN
255,255,255,0.0,0.0,1,HUMAN
255,255,255,0.0,0.0,1,HUMAN
255,255,255,0.0,0.0,1,HUMAN
255,255,255,0.0,0.0,1,HUMAN
255,255,255,0.0,0.0,1,HUMAN
255,255,255,0.0,0.0,1,HUMAN
255,255,255,0.0,0.0,1,HUMAN
255,255,255,0.0,0.0,1,HUMAN
255,255,255,0.0,0.0,1,HUMAN
255,255,255,0.0,0.0,1,HUMAN
255,255,255,0.0,0.0,1,HUMAN
255,255,255,0.0,0.0,1,HUMAN
255,255,255,0.0,0.0,1,HUMAN
255,255,255,0.0,0.0,1,HUMAN
255,255,255,0.0,0.0,1,HUMAN
255,255,255,0.0,0.0,1,HUMAN
255,255,255,0.0,0.0,1,HUMAN
255,255,255,0.0,0.0,1,HUMAN
255,255,255,0.0,0.0,1,HUMAN
255,255,255,0.0,0.0,1,HUMAN
255,255,255,0.0,0.0,1,HUMAN
255,255,255,0.0,0.0,1,HUMAN
255,255,255,0.0,0.0,1,HUMAN
255,255,255,0.0,0.0,1,HUMAN
255,255,255,0.0,0.0,1,HUMAN
255,255,255,0.0,0.0,1,HUMAN
255,255,255,0.0,0.0,1,HUMAN
255,255,255,0.0,0.0,1,HUMAN
255,255,255,0.0,0.0,1,HUMAN
255,255,255,0.0,0.0,1,HUMAN
255,255,255,0.0,0.0,1,HUMAN
255,255,255,0.0,0.0,1,HUMAN
255,255,255,0.0,0.0,1,HUMAN
255,255,255,0.0,0.0,1,HUMAN
255,255,255,0.0,0.0,1,HUMAN
255,255,255,0.0,0.0,1,HUMAN
255,255,255,0.0,0.0,1,HUMAN
255,255,255,0.0,0.0,1,HUMAN
255,255,255,0.0,0.0,1,HUMAN
255,255,255,0.0,0.0,1,HUMAN
255,255,255,0.0,0.0,1,HUMAN
255,255,255,0.0,0.0,1,HUMAN
255,255,255,0.0,0.0,1,HUMAN
255,255,255,0.0,0.0,1,HUMAN
255,255,255,0.0,0.0,1,HUMAN
255,255,255,0.0,0.0,1,HUMAN
255,255,255,0.0,0.0,1,HUMAN
255,255,255,0.0,0.0,1,HUMAN
255,255,255,0.0,0.0,1,HUMAN
255,255,255,0.0,0.0,1,HUMAN
255,255,255,0.0,0.0,1,HUMAN
255,255,255,0.0,0.0,1,HUMAN
255,255,255,0.0,0.0,1,HUMAN
255,255,255,0.0,0.0,1,HUMAN
255,255,255,0.0,0.0,1,HUMAN
255,255,255,0.0,0.0,1,HUMAN
255,255,255,0.0,0.0,1,HUMAN
255,255,255,0.0,0.0,1,HUMAN
255,255,255,0.0,0.0,1,HUMAN
255,255,255,0.0,0.0,1,HUMAN
255,255,255,0.0,0.0,1,HUMAN
255,255,255,0.0,0.0,1,HUMAN
255,255,255,0.0,0.0,1,HUMAN
255,255,255,0.0,0.0,1,HUMAN
255,255,255,0.0,0.0,1,HUMAN
255,255,255,0.0,0.0,1,HUMAN
255,255,255,0.0,0.0,1,HUMAN
255,255,255,0.0,0.0,1,HUMAN
255,255,255,0.0,0.0,1,HUMAN
255,255,255,0.0,0.0,1,HUMAN
255,255,255,0.0,0.0,1,HUMAN
255,255,255,0.0,0.0,1,HUMAN
255,255,255,0.0,0.0,1,HUMAN
255,255,255,0.0,0.0,1,HUMAN
255,255,255,0.0,0.0,1,HUMAN
255,255,255,0.0,0.0,1,HUMAN
255,255,255,0.0,0.0,1,HUMAN
255,255,255,0.0,0.0,1,HUMAN
255,255,255,0.0,0.0,1,HUMAN
255,255,255,0.0,0.0,1,HUMAN
255,255,255,0.0,0.0,2,HUMAN
255,255,255,0.0,0.0,2,HUMAN
255,255,255,0.0,0.0,2,HUMAN
255,255,255,0.0,0.0,2,HUMAN
255,255,255,0.0,0.0,2,HUMAN
255,255,255,0.0,0.0,2,HUMAN
255,255,255,0.0,0.0,2,HUMAN
255,255,255,0.0,0.0,2,HUMAN
255,255,255,0.0,0.0,2,HUMAN
255,255,255,0.0,0.0,2,HUMAN
255,255,255,0.0,0.0,2,HUMAN
255,255,255,0.0,0.0,2,HUMAN
255,255,255,0.0,0.0,2,HUMAN
255,255,255,0.0,0.0,2,HUMAN
255,255,255,0.0,0.0,2,HUMAN
255,255,255,0.0,0.0,2,HUMAN
255,255,255,0.0,0.0,2,HUMAN
255,255,255,0.0,0.0,2,HUMAN
255,255,255,0.0,0.0,2,HUMAN
255,255,255,0.0,0.0,2,HUMAN
255,255,255,0.0,0.0,2,HUMAN
255,255,255,0.0,0.0,2,HUMAN
255,255,255,0.0,0.0,2,HUMAN
255,255,255,0.0,0.0,2,HUMAN
255,255,255,0.0,0.0,2,HUMAN
255,255,255,0.0,0.0,2,HUMAN
255,255,255,0.0,0.0,2,HUMAN
255,255,255,0.0,0.0,2,HUMAN
255,255,255,0.0,0.0,2,HUMAN
255,255,255,0.0,0.0,2,HUMAN
255,255,255,0.0,0.0,2,HUMAN
255,255,255,0.0,0.0,2,HUMAN
255,255,255,0.0,0.0,2,HUMAN
255,255,255,0.0,0.0,2,HUMAN
255,255,255,0.0,0.0,2,HUMAN
255,255,255,0.0,0.0,1,HUMAN
255,255,255,0.0,0.0,1,HUMAN
255,255,255,0.0,0.0,1,HUMAN
255,255,255,0.0,0.0,1,HUMAN
255,255,255,0.0,0.0,1,HUMAN
255,255,255,0.0,0.0,1,HUMAN
255,255,255,0.0,0.0,1,HUMAN
255,255,255,0.0,0.0,1,HUMAN
255,255,255,0.0,0.0,1,HUMAN
255,255,255,0.0,0.0,1,HUMAN
255,255,255,0.0,0.0,1,HUMAN
255,255,255,0.0,0.0,2,HUMAN
255,255,255,0.0,0.0,2,HUMAN
255,255,255,0.0,0.0,2,HUMAN
255,255,255,0.0,0.0,2,HUMAN
255,255,255,0.0,0.0,2,HUMAN
255,255,255,0.0,0.0,2,HUMAN
255,255,255,0.0,0.0,2,HUMAN
255,255,255,0.0,0.0,2,HUMAN
255,255,255,0.0,0.0,2,HUMAN
255,255,255,0.0,0.0,2,HUMAN
255,255,255,0.0,0.0,2,HUMAN
255,255,255,0.0,0.0,2,HUMAN
255,255,255,0.0,0.0,2,HUMAN
255,255,255,0.0,0.0,1,HUMAN
255,255,255,0.0,0.0,1,HUMAN
255,255,255,0.0,0.0,1,HUMAN
255,255,255,0.0,0.0,1,HUMAN
255,255,255,0.0,0.0,1,HUMAN
255,255,255,0.0,0.0,1,HUMAN
255,255,255,0.0,0.0,1,HUMAN
255,255,255,0.0,0.0,1,HUMAN
255,255,255,0.0,0.0,1,HUMAN
255,255,255,0.0,0.0,1,HUMAN
255,255,255,0.0,0.0,1,HUMAN
255,255,255,0.0,0.0,1,HUMAN
255,255,255,0.0,0.0,1,HUMAN
255,255,255,0.0,0.0,1,HUMAN
255,255,255,0.0,0.0,1,HUMAN
255,255,255,0.0,0.0,1,HUMAN
255,255,255,0.0,0.0,1,HUMAN
255,255,255,0.0,0.0,1,HUMAN
255,255,255,0.0,0.0,1,HUMAN
255,255,255,0.0,0.0,1,HUMAN
255,255,255,0.0,0.0,1,HUMAN
255,255,255,0.0,0.0,1,HUMAN
255,255,255,0.0,0.0,1,HUMAN
255,255,255,0.0,0.0,1,HUMAN
255,255,255,0.0,0.0,1,HUMAN
255,255,255,0.0,0.0,1,HUMAN
255,255,255,0.0,0.0,1,HUMAN
255,255,255,0.0,0.0,1,HUMAN
255,255,255,0.0,0.0,1,HUMAN
255,255,255,0.0,0.0,1,HUMAN
255,255,255,0.0,0.0,1,HUMAN
255,255,255,0.0,0.0,1,HUMAN
255,255,255,0.0,0.0,1,HUMAN
255,255,255,0.0,0.0,1,HUMAN
255,255,255,0.0,0.0,1,HUMAN
255,255,255,0.0,0.0,1,HUMAN
255,255,255,0.0,0.0,1,HUMAN
255,255,255,0.0,0.0,1,HUMAN
255,255,255,0.0,0.0,1,HUMAN
255,255,255,0.0,0.0,1,HUMAN
255,255,255,0.0,0.0,1,HUMAN
255,255,255,0.0,0.0,1,HUMAN
255,255,255,0.0,0.0,1,HUMAN
255,255,255,0.0,0.0,1,HUMAN
255,255,255,0.0,0.0,1,HUMAN
255,255,255,0.0,0.0,1,HUMAN
255,255,255,0.0,0.0,1,HUMAN
255,255,255,0.0,0.0,1,HUMAN
255,255,255,0.0,0.0,1,HUMAN
255,255,255,0.0,0.0,1,HUMAN
255,255,255,0.0,0.0,1,HUMAN
255,255,255,0.0,0.0,1,HUMAN
255,255,255,0.0,0.0,1,HUMAN
255,255,255,0.0,0.0,1,HUMAN
255,255,255,0.0,0.0,1,HUMAN
255,255,255,0.0,0.0,1,HUMAN
255,255,255,0.0,0.0,1,HUMAN
255,255,255,0.0,0.0,1,HUMAN
255,255,255,0.0,0.0,1,HUMAN
255,255,255,0.0,0.0,1,HUMAN
255,255,255,0.0,0.0,1,HUMAN
255,255,255,0.0,0.0,1,HUMAN
255,255,255,0.0,0.0,1,HUMAN
255,255,255,0.0,0.0,1,HUMAN
255,255,255,0.0,0.0,1,HUMAN
255,255,255,0.0,0.0,1,HUMAN
255,255,255,0.0,0.0,1,HUMAN
255,255,255,0.0,0.0,1,HUMAN
255,255,255,0.0,0.0,1,HUMAN
255,255,255,0.0,0.0,1,HUMAN
255,255,255,0.0,0.0,1,HUMAN
255,255,255,0.0,0.0,1,HUMAN
255,255,255,0.0,0.0,1,HUMAN
255,255,255,0.0,0.0,1,HUMAN
255,255,255,0.0,0.0,1,HUMAN
255,255,255,0.0,0.0,1,HUMAN
255,255,255,0.0,0.0,1,HUMAN
255,255,255,0.0,0.0,1,HUMAN
255,255,255,0.0,0.0,1,HUMAN
255,255,255,0.0,0.0,1,HUMAN
255,255,255,0.0,0.0,1,HUMAN
255,255,255,0.0,0.0,1,HUMAN
255,255,255,0.0,0.0,1,HUMAN
255,255,255,0.0,0.0,1,HUMAN
255,255,255,0.0,0.0,1,HUMAN
255,255,255,0.0,0.0,1,HUMAN
255,255,255,0.0,0.0,1,HUMAN
255,255,255,0.0,0.0,1,HUMAN
255,255,255,0.0,0.0,1,HUMAN
255,255,255,0.0,0.0,1,HUMAN
255,255,255,0.0,0.0,1,HUMAN
255,255,255,0.0,0.0,1,HUMAN
255,255,255,0.0,0.0,1,HUMAN
255,255,255,0.0,0.0,1,HUMAN
255,255,255,0.0,0.0,1,HUMAN
255,255,255,0.0,0.0,1,HUMAN
255,255,255,0.0,0.0,1,HUMAN
255,255,255,0.0,0.0,1,HUMAN
255,255,255,0.0,0.0,1,HUMAN
255,255,255,0.0,0.0,1,HUMAN
255,255,255,0.0,0.0,1,HUMAN
255,255,255,0.0,0.0,1,HUMAN
255,255,255,0.0,0.0,1,HUMAN
255,255,255,0.0,0.0,1,HUMAN
255,255,255,0.0,0.0,1,HUMAN
255,255,255,0.0,0.0,1,HUMAN
255,255,255,0.0,0.0,1,HUMAN
255,255,255,0.0,0.0,1,HUMAN
255,255,255,0.0,0.0,1,HUMAN
255,255,255,0.0,0.0,1,HUMAN
255,255,255,0.0,0.0,1,HUMAN
255,255,255,0.0,0.0,1,HUMAN
255,255,255,0.0,0.0,1,HUMAN
255,255,255,0.0,0.0,1,HUMAN
255,255,255,0.0,0.0,1,HUMAN
255,255,255,0.0,0.0,1,HUMAN
255,255,255,0.0,0.0,1,HUMAN
255,255,255,0.0,0.0,1,HUMAN
255,255,255,0.0,0.0,1,HUMAN
255,255,255,0.0,0.0,1,HUMAN
255,255,255,0.0,0.0,1,HUMAN
255,255,255,0.0,0.0,1,HUMAN
255,255,255,0.0,0.0,1,HUMAN
255,255,255,0.0,0.0,1,HUMAN
255,255,255,0.0,0.0,1,HUMAN
255,255,255,0.0,0.0,1,HUMAN
255,255,255,0.0,0.0,1,HUMAN
255,255,255,0.0,0.0,1,HUMAN
255,255,255,0.0,0.0,1,HUMAN
255,255,255,0.0,0.0,1,HUMAN
255,255,255,0.0,0.0,1,HUMAN
255,255,255,0.0,0.0,1,HUMAN
255,255,255,0.0,0.0,1,HUMAN
255,255,255,0.0,0.0,1,HUMAN
255,255,255,0.0,0.0,1,HUMAN
255,255,255,0.0,0.0,1,HUMAN
255,255,255,0.0,0.0,1,HUMAN
255,255,255,0.0,0.0,1,HUMAN
255,255,255,0.0,0.0,1,HUMAN
255,255,255,0.0,0.0,1,HUMAN
255,255,255,0.0,0.0,1,HUMAN
255,255,255,0.0,0.0,1,HUMAN
255,255,255,0.0,0.0,1,HUMAN
255,255,255,0.0,0.0,1,HUMAN
255,255,255,0.0,0.0,1,HUMAN
255,255,255,0.0,0.0,1,HUMAN
255,255,255,0.0,0.0,1,HUMAN
255,255,255,0.0,0.0,1,HUMAN
255,255,255,0.0,0.0,1,HUMAN
255,255,255,0.0,0.0,1,HUMAN
255,255,255,0.0,0.0,1,HUMAN
255,255,255,0.0,0.0,1,HUMAN
255,255,255,0.0,0.0,1,HUMAN
255,255,255,0.0,0.0,1,HUMAN
255,255,255,0.0,0.0,1,HUMAN
255,255,255,0.0,0.0,1,HUMAN
255,255,255,0.0,0.0,1,HUMAN
255,255,255,0.0,0.0,1,HUMAN
255,255,255,0.0,0.0,1,HUMAN
255,255,255,0.0,0.0,1,HUMAN
255,255,255,0.0,0.0,1,HUMAN
255,255,255,0.0,0.0,1,HUMAN
255,255,255,0.0,0.0,1,HUMAN
255,255,255,0.0,0.0,1,HUMAN
255,255,255,0.0,0.0,1,HUMAN
255,255,255,0.0,0.0,1,HUMAN
255,255,255,0.0,0.0,1,HUMAN
255,255,255,0.0,0.0,1,HUMAN
255,255,255,0.0,0.0,1,HUMAN
255,255,255,0.0,0.0,1,HUMAN
255,255,255,0.0,0.0,1,HUMAN
255,255,255,0.0,0.0,1,HUMAN
255,255,255,0.0,0.0,1,HUMAN
255,255,255,0.0,0.0,1,HUMAN
255,255,255,0.0,0.0,1,HUMAN
255,255,255,0.0,0.0,1,HUMAN
255,255,255,0.0,0.0,1,HUMAN
255,255,255,0.0,0.0,1,HUMAN
255,255,255,0.0,0.0,1,HUMAN
255,255,255,0.0,0.0,1,HUMAN
255,255,255,0.0,0.0,1,HUMAN
255,255,255,0.0,0.0,1,HUMAN
255,255,255,0.0,0.0,1,HUMAN
255,255,255,0.0,0.0,1,HUMAN
255,255,255,0.0,0.0,1,HUMAN
255,255,255,0.0,0.0,1,HUMAN
255,255,255,0.0,0.0,1,HUMAN
255,255,255,0.0,0.0,1,HUMAN
255,255,255,0.0,0.0,1,HUMAN
255,255,255,0.0,0.0,1,HUMAN
255,255,255,0.0,0.0,1,HUMAN
255,255,255,0.0,0.0,1,HUMAN
255,255,255,0.0,0.0,1,HUMAN
255,255,255,0.0,0.0,1,HUMAN
255,255,255,0.0,0.0,1,HUMAN
255,255,255,0.0,0.0,1,HUMAN
255,255,255,0.0,0.0,1,HUMAN
255,255,255,0.0,0.0,1,HUMAN
255,255,255,0.0,0.0,1,HUMAN
255,255,255,0.0,0.0,1,HUMAN
255,255,255,0.0,0.0,1,HUMAN
255,255,255,0.0,0.0,1,HUMAN
255,255,255,0.0,0.0,1,HUMAN
255,255,255,0.0,0.0,1,HUMAN
255,255,255,0.0,0.0,1,HUMAN
255,255,255,0.0,0.0,1,HUMAN
255,255,255,0.0,0.0,1,HUMAN
255,255,255,0.0,0.0,1,HUMAN
255,255,255,0.0,0.0,1,HUMAN
255,255,255,0.0,0.0,1,HUMAN
255,255,255,0.0,0.0,1,HUMAN
255,255,255,0.0,0.0,1,HUMAN
255,255,255,0.0,0.0,1,HUMAN
255,255,255,0.0,0.0,1,HUMAN
255,255,255,0.0,0.0,1,HUMAN
255,255,255,0.0,0.0,1,HUMAN
255,255,255,0.0,0.0,1,HUMAN
255,255,255,0.0,0.0,1,HUMAN
255,255,255,0.0,0.0,1,HUMAN
255,255,255,0.0,0.0,1,HUMAN
255,255,255,0.0,0.0,1,HUMAN
255,255,255,0.0,0.0,1,HUMAN
255,255,255,0.0,0.0,1,HUMAN
255,255,255,0.0,0.0,1,HUMAN
255,255,255,0.0,0.0,1,HUMAN
255,255,255,0.0,0.0,1,HUMAN
255,255,255,0.0,0.0,1,HUMAN
255,255,255,0.0,0.0,1,HUMAN
255,255,255,0.0,0.0,1,HUMAN
255,255,255,0.0,0.0,1,HUMAN
255,255,255,0.0,0.0,1,HUMAN
255,255,255,0.0,0.0,1,HUMAN
255,255,255,0.0,0.0,1,HUMAN
255,255,255,0.0,0.0,1,HUMAN
255,255,255,0.0,0.0,1,HUMAN
255,255,255,0.0,0.0,1,HUMAN
255,255,255,0.0,0.0,1,HUMAN
255,255,255,0.0,0.0,1,HUMAN
255,255,255,0.0,0.0,1,HUMAN
255,255,255,0.0,0.0,1,HUMAN
255,255,255,0.0,0.0,1,HUMAN
255,255,255,0.0,0.0,1,HUMAN
255,255,255,0.0,0.0,1,HUMAN
255,255,255,0.0,0.0,1,HUMAN
255,255,255,0.0,0.0,1,HUMAN
255,255,255,0.0,0.0,1,HUMAN
255,255,255,0.0,0.0,1,HUMAN
255,255,255,0.0,0.0,1,HUMAN
255,255,255,0.0,0.0,1,HUMAN
255,255,255,0.0,0.0,1,HUMAN
255,255,255,0.0,0.0,1,HUMAN
255,255,255,0.0,0.0,1,HUMAN
255,255,255,0.0,0.0,1,HUMAN
255,255,255,0.0,0.0,1,HUMAN
255,255,255,0.0,0.0,1,HUMAN
255,255,255,0.0,0.0,1,HUMAN
255,255,255,0.0,0.0,1,HUMAN
255,255,255,0.0,0.0,1,HUMAN
255,255,255,0.0,0.0,1,HUMAN
255,255,255,0.0,0.0,1,HUMAN
255,255,255,0.0,0.0,1,HUMAN
255,255,255,0.0,0.0,1,HUMAN
255,255,255,0.0,0.0,1,HUMAN
255,255,255,0.0,0.0,1,HUMAN
255,255,255,0.0,0.0,1,HUMAN
255,255,255,0.0,0.0,1,HUMAN
255,255,255,0.0,0.0,1,HUMAN
255,255,255,0.0,0.0,1,HUMAN
255,255,255,0.0,0.0,1,HUMAN
255,255,255,0.0,0.0,1,HUMAN
255,255,255,0.0,0.0,1,HUMAN
255,255,255,0.0,0.0,1,HUMAN
255,255,255,0.0,0.0,1,HUMAN
255,255,255,0.0,0.0,1,HUMAN
255,255,255,0.0,0.0,1,HUMAN
255,255,255,0.0,0.0,1,HUMAN
255,255,255,0.0,0.0,1,HUMAN
255,255,255,0.0,0.0,1,HUMAN
255,255,255,0.0,0.0,1,HUMAN
255,255,255,0.0,0.0,1,HUMAN
255,255,255,0.0,0.0,1,HUMAN
255,255,255,0.0,0.0,1,HUMAN
255,255,255,0.0,0.0,1,HUMAN
255,255,255,0.0,0.0,1,HUMAN
255,255,255,0.0,0.0,1,HUMAN
255,255,255,0.0,0.0,1,HUMAN
255,255,255,0.0,0.0,1,HUMAN
255,255,255,0.0,0.0,1,HUMAN
255,255,255,0.0,0.0,1,HUMAN
255,255,255,0.0,0.0,1,HUMAN
255,255,255,0.0,0.0,1,HUMAN
255,255,255,0.0,0.0,1,HUMAN
255,255,255,0.0,0.0,1,HUMAN
255,255,255,0.0,0.0,1,HUMAN
255,255,255,0.0,0.0,1,HUMAN
255,255,255,0.0,0.0,1,HUMAN
255,255,255,0.0,0.0,1,HUMAN
255,255,255,0.0,0.0,1,HUMAN
255,255,255,0.0,0.0,1,HUMAN
255,255,255,0.0,0.0,1,HUMAN
255,255,255,0.0,0.0,1,HUMAN
255,255,255,0.0,0.0,1,HUMAN
255,255,255,0.0,0.0,1,HUMAN
255,255,255,0.0,0.0,1,HUMAN
255,255,255,0.0,0.0,1,HUMAN
255,255,255,0.0,0.0,1,HUMAN
255,255,255,0.0,0.0,1,HUMAN
255,255,255,0.0,0.0,1,HUMAN
255,255,255,0.0,0.0,1,HUMAN
255,255,255,0.0,0.0,1,HUMAN
255,255,255,0.0,0.0,1,HUMAN
255,255,255,0.0,0.0,1,HUMAN
255,255,255,0.0,0.0,1,HUMAN
255,255,255,0.0,0.0,1,HUMAN
255,255,255,0.0,0.0,1,HUMAN
255,255,255,0.0,0.0,1,HUMAN
255,255,255,0.0,0.0,1,HUMAN
255,255,255,0.0,0.0,1,HUMAN
255,255,255,0.0,0.0,1,HUMAN
255,255,255,0.0,0.0,1,HUMAN
255,255,255,0.0,0.0,1,HUMAN
255,255,255,0.0,0.0,1,HUMAN
255,255,255,0.0,0.0,1,HUMAN
255,255,255,0.0,0.0,1,HUMAN
255,255,255,0.0,0.0,1,HUMAN
255,255,255,0.0,0.0,1,HUMAN
255,255,255,0.0,0.0,1,HUMAN
255,255,255,0.0,0.0,1,HUMAN
255,255,255,0.0,0.0,1,HUMAN
255,255,255,0.0,0.0,1,HUMAN
255,255,255,0.0,0.0,1,HUMAN
255,255,255,0.0,0.0,1,HUMAN
255,255,255,0.0,0.0,1,HUMAN
255,255,255,0.0,0.0,1,HUMAN
255,255,255,0.0,0.0,1,HUMAN
255,255,255,0.0,0.0,1,HUMAN
255,255,255,0.0,0.0,1,HUMAN
255,255,255,0.0,0.0,1,HUMAN
255,255,255,0.0,0.0,1,HUMAN
255,255,255,0.0,0.0,1,HUMAN
255,255,255,0.0,0.0,1,HUMAN
255,255,255,0.0,0.0,1,HUMAN
255,255,255,0.0,0.0,1,HUMAN
255,255,255,0.0,0.0,1,HUMAN
255,255,255,0.0,0.0,1,HUMAN
255,255,255,0.0,0.0,1,HUMAN
255,255,255,0.0,0.0,1,HUMAN
255,255,255,0.0,0.0,1,HUMAN
255,255,255,0.0,0.0,1,HUMAN
255,255,255,0.0,0.0,1,HUMAN
255,255,255,0.0,0.0,1,HUMAN
255,255,255,0.0,0.0,1,HUMAN
255,255,255,0.0,0.0,1,HUMAN
255,255,255,0.0,0.0,1,HUMAN
255,255,255,0.0,0.0,1,HUMAN
255,255,255,0.0,0.0,1,HUMAN
255,255,255,0.0,0.0,1,HUMAN
255,255,255,0.0,0.0,1,HUMAN
255,255,255,0.0,0.0,1,HUMAN
255,255,255,0.0,0.0,1,HUMAN
255,255,255,0.0,0.0,1,HUMAN
255,255,255,0.0,0.0,1,HUMAN
255,255,255,0.0,0.0,1,HUMAN
255,255,255,0.0,0.0,1,HUMAN
255,255,255,0.0,0.0,1,HUMAN
255,255,255,0.0,0.0,1,HUMAN
255,255,255,0.0,0.0,1,HUMAN
255,255,255,0.0,0.0,1,HUMAN
255,255,255,0.0,0.0,1,HUMAN
255,255,255,0.0,0.0,1,HUMAN
255,255,255,0.0,0.0,1,HUMAN
255,255,255,0.0,0.0,1,HUMAN
255,255,255,0.0,0.0,1,HUMAN
255,255,255,0.0,0.0,1,HUMAN
255,255,255,0.0,0.0,1,HUMAN
255,255,255,0.0,0.0,1,HUMAN
255,255,255,0.0,0.0,1,HUMAN
255,255,255,0.0,0.0,1,HUMAN
255,255,255,0.0,0.0,1,HUMAN
255,255,255,0.0,0.0,1,HUMAN
255,255,255,0.0,0.0,1,HUMAN
255,255,255,0.0,0.0,1,HUMAN
255,255,255,0.0,0.0,1,HUMAN
255,255,255,0.0,0.0,1,HUMAN
255,255,255,0.0,0.0,1,HUMAN
255,255,255,0.0,0.0,1,HUMAN
255,255,255,0.0,0.0,1,HUMAN
255,255,255,0.0,0.0,1,HUMAN
255,255,255,0.0,0.0,1,HUMAN
255,255,255,0.0,0.0,1,HUMAN
255,255,255,0.0,0.0,1,HUMAN
255,255,255,0.0,0.0,1,HUMAN
255,255,255,0.0,0.0,1,HUMAN
255,255,255,0.0,0.0,1,HUMAN
255,255,255,0.0,0.0,1,HUMAN
255,255,255,0.0,0.0,1,HUMAN
255,255,255,0.0,0.0,1,HUMAN
255,255,255,0.0,0.0,1,HUMAN
255,255,255,0.0,0.0,1,HUMAN
255,255,255,0.0,0.0,1,HUMAN
255,255,255,0.0,0.0,1,HUMAN
255,255,255,0.0,0.0,1,HUMAN
255,255,255,0.0,0.0,1,HUMAN
255,255,255,0.0,0.0,1,HUMAN
255,255,255,0.0,0.0,1,HUMAN
255,255,255,0.0,0.0,1,HUMAN
255,255,255,0.0,0.0,1,HUMAN
255,255,255,0.0,0.0,1,HUMAN
255,255,255,0.0,0.0,1,HUMAN
255,255,255,0.0,0.0,1,HUMAN
255,255,255,0.0,0.0,1,HUMAN
255,255,255,0.0,0.0,1,HUMAN
255,255,255,0.0,0.0,1,HUMAN
255,255,255,0.0,0.0,1,HUMAN
255,255,255,0.0,0.0,1,HUMAN
255,255,255,0.0,0.0,1,HUMAN
255,255,255,0.0,0.0,1,HUMAN
255,255,255,0.0,0.0,1,HUMAN
255,255,255,0.0,0.0,1,HUMAN
255,255,255,0.0,0.0,1,HUMAN
255,255,255,0.0,0.0,1,HUMAN
255,255,255,0.0,0.0,1,HUMAN
255,255,255,0.0,0.0,1,HUMAN
255,255,255,0.0,0.0,1,HUMAN
255,255,255,0.0,0.0,1,HUMAN
255,255,255,0.0,0.0,1,HUMAN
255,255,255,0.0,0.0,1,HUMAN
255,255,255,0.0,0.0,1,HUMAN
255,255,255,0.0,0.0,1,HUMAN
255,255,255,0.0,0.0,1,HUMAN
255,255,255,0.0,0.0,1,HUMAN
255,255,255,0.0,0.0,1,HUMAN
255,255,255,0.0,0.0,1,HUMAN
255,255,255,0.0,0.0,1,HUMAN
255,255,255,0.0,0.0,1,HUMAN
255,255,255,0.0,0.0,1,HUMAN
255,255,255,0.0,0.0,1,HUMAN
255,255,255,0.0,0.0,1,HUMAN
255,255,255,0.0,0.0,1,HUMAN
255,255,255,0.0,0.0,1,HUMAN
255,255,255,0.0,0.0,1,HUMAN
255,255,255,0.0,0.0,1,HUMAN
255,255,255,0.0,0.0,1,HUMAN
255,255,255,0.0,0.0,1,HUMAN
255,255,255,0.0,0.0,1,HUMAN
255,255,255,0.0,0.0,1,HUMAN
255,255,255,0.0,0.0,1,HUMAN
255,255,255,0.0,0.0,1,HUMAN
255,255,255,0.0,0.0,1,HUMAN
255,255,255,0.0,0.0,1,HUMAN
255,255,255,0.0,0.0,1,HUMAN
255,255,255,0.0,0.0,1,HUMAN
255,255,255,0.0,0.0,1,HUMAN
255,255,255,0.0,0.0,1,HUMAN
255,255,255,0.0,0.0,1,HUMAN
255,255,255,0.0,0.0,1,HUMAN
255,255,255,0.0,0.0,1,HUMAN
255,255,255,0.0,0.0,1,HUMAN
255,255,255,0.0,0.0,1,HUMAN
255,255,255,0.0,0.0,1,HUMAN
255,255,255,0.0,0.0,1,HUMAN
255,255,255,0.0,0.0,1,HUMAN
255,255,255,0.0,0.0,1,HUMAN
255,255,255,0.0,0.0,1,HUMAN
255,255,255,0.0,0.0,1,HUMAN
255,255,255,0.0,0.0,1,HUMAN
255,255,255,0.0,0.0,1,HUMAN
255,255,255,0.0,0.0,1,HUMAN
255,255,255,0.0,0.0,1,HUMAN
255,255,255,0.0,0.0,1,HUMAN
255,255,255,0.0,0.0,1,HUMAN
255,255,255,0.0,0.0,1,HUMAN
255,255,255,0.0,0.0,1,HUMAN
255,255,255,0.0,0.0,1,HUMAN
255,255,255,0.0,0.0,1,HUMAN
255,255,255,0.0,0.0,1,HUMAN
255,255,255,0.0,0.0,1,HUMAN
255,255,255,0.0,0.0,1,HUMAN
255,255,255,0.0,0.0,1,HUMAN
255,255,255,0.0,0.0,1,HUMAN
255,255,255,0.0,0.0,1,HUMAN
255,255,255,0.0,0.0,1,HUMAN
255,255,255,0.0,0.0,1,HUMAN
255,255,255,0.0,0.0,1,HUMAN
255,255,255,0.0,0.0,1,HUMAN
255,255,255,0.0,0.0,1,HUMAN
255,255,255,0.0,0.0,1,HUMAN
255,255,255,0.0,0.0,1,HUMAN
255,255,255,0.0,0.0,1,HUMAN
255,255,255,0.0,0.0,1,HUMAN
255,255,255,0.0,0.0,1,HUMAN
255,255,255,0.0,0.0,1,HUMAN
255,255,255,0.0,0.0,1,HUMAN
255,255,255,0.0,0.0,1,HUMAN
255,255,255,0.0,0.0,1,HUMAN
255,255,255,0.0,0.0,1,HUMAN
255,255,255,0.0,0.0,1,HUMAN
255,255,255,0.0,0.0,1,HUMAN
255,255,255,0.0,0.0,1,HUMAN
255,255,255,0.0,0.0,1,HUMAN
255,255,255,0.0,0.0,1,HUMAN
255,255,255,0.0,0.0,1,HUMAN
255,255,255,0.0,0.0,1,HUMAN
255,255,255,0.0,0.0,1,HUMAN
255,255,255,0.0,0.0,1,HUMAN
255,255,255,0.0,0.0,1,HUMAN
255,255,255,0.0,0.0,1,HUMAN
255,255,255,0.0,0.0,1,HUMAN
255,255,255,0.0,0.0,1,HUMAN
255,255,255,0.0,0.0,1,HUMAN
255,255,255,0.0,0.0,1,HUMAN
255,255,255,0.0,0.0,1,HUMAN
255,255,255,0.0,0.0,1,HUMAN
255,255,255,0.0,0.0,1,HUMAN
255,255,255,0.0,0.0,1,HUMAN
255,255,255,0.0,0.0,1,HUMAN
255,255,255,0.0,0.0,1,HUMAN
255,255,255,0.0,0.0,1,HUMAN
255,255,255,0.0,0.0,1,HUMAN
255,255,255,0.0,0.0,1,HUMAN
255,255,255,0.0,0.0,1,HUMAN
255,255,255,0.0,0.0,1,HUMAN
255,255,255,0.0,0.0,1,HUMAN
255,255,255,0.0,0.0,1,HUMAN
255,255,255,0.0,0.0,1,HUMAN
255,255,255,0.0,0.0,1,HUMAN
255,255,255,0.0,0.0,1,HUMAN
255,255,255,0.0,0.0,1,HUMAN
255,255,255,0.0,0.0,1,HUMAN
255,255,255,0.0,0.0,1,HUMAN
255,255,255,0.0,0.0,1,HUMAN
255,255,255,0.0,0.0,1,HUMAN
255,255,255,0.0,0.0,1,HUMAN
255,255,255,0.0,0.0,1,HUMAN
255,255,255,0.0,0.0,1,HUMAN
255,255,255,0.0,0.0,1,HUMAN
255,255,255,0.0,0.0,1,HUMAN
255,255,255,0.0,0.0,1,HUMAN
255,255,255,0.0,0.0,1,HUMAN
255,255,255,0.0,0.0,1,HUMAN
255,255,255,0.0,0.0,1,HUMAN
255,255,255,0.0,0.0,1,HUMAN
255,255,255,0.0,0.0,1,HUMAN
255,255,255,0.0,0.0,1,HUMAN
255,255,255,0.0,0.0,1,HUMAN
255,255,255,0.0,0.0,1,HUMAN
255,255,255,0.0,0.0,1,HUMAN
255,255,255,0.0,0.0,1,HUMAN
255,255,255,0.0,0.0,1,HUMAN
255,255,255,0.0,0.0,1,HUMAN
255,255,255,0.0,0.0,1,HUMAN
255,255,255,0.0,0.0,1,HUMAN
255,255,255,0.0,0.0,1,HUMAN
255,255,255,0.0,0.0,1,HUMAN
255,255,255,0.0,0.0,1,HUMAN
255,255,255,0.0,0.0,1,HUMAN
255,255,255,0.0,0.0,1,HUMAN
255,255,255,0.0,0.0,1,HUMAN
255,255,255,0.0,0.0,1,HUMAN
255,255,255,0.0,0.0,1,HUMAN
255,255,255,0.0,0.0,1,HUMAN
255,255,255,0.0,0.0,1,HUMAN
255,255,255,0.0,0.0,1,HUMAN
255,255,255,0.0,0.0,1,HUMAN
255,255,255,0.0,0.0,1,HUMAN
255,255,255,0.0,0.0,1,HUMAN
255,255,255,0.0,0.0,1,HUMAN
255,255,255,0.0,0.0,1,HUMAN
255,255,255,0.0,0.0,1,HUMAN
255,255,255,0.0,0.0,1,HUMAN
255,255,255,0.0,0.0,1,HUMAN
255,255,255,0.0,0.0,1,HUMAN
255,255,255,0.0,0.0,1,HUMAN
255,255,255,0.0,0.0,1,HUMAN
255,255,255,0.0,0.0,1,HUMAN
255,255,255,0.0,0.0,1,HUMAN
255,255,255,0.0,0.0,1,HUMAN
255,255,255,0.0,0.0,1,HUMAN
255,255,255,0.0,0.0,1,HUMAN
255,255,255,0.0,0.0,1,HUMAN
255,255,255,0.0,0.0,1,HUMAN
255,255,255,0.0,0.0,1,HUMAN
255,255,255,0.0,0.0,1,HUMAN
255,255,255,0.0,0.0,1,HUMAN
255,255,255,0.0,0.0,1,HUMAN
255,255,255,0.0,0.0,1,HUMAN
255,255,255,0.0,0.0,1,HUMAN
255,255,255,0.0,0.0,1,HUMAN
255,255,255,0.0,0.0,1,HUMAN
255,255,255,0.0,0.0,1,HUMAN
255,255,255,0.0,0.0,1,HUMAN
255,255,255,0.0,0.0,1,HUMAN
255,255,255,0.0,0.0,1,HUMAN
255,255,255,0.0,0.0,1,HUMAN
255,255,255,0.0,0.0,1,HUMAN
255,255,255,0.0,0.0,1,HUMAN
255,255,255,0.0,0.0,1,HUMAN
255,255,255,0.0,0.0,1,HUMAN
255,255,255,0.0,0.0,1,HUMAN
255,255,255,0.0,0.0,1,HUMAN
255,255,255,0.0,0.0,1,HUMAN
255,255,255,0.0,0.0,1,HUMAN
255,255,255,0.0,0.0,1,HUMAN
255,255,255,0.0,0.0,1,HUMAN
255,255,255,0.0,0.0,1,HUMAN
255,255,255,0.0,0.0,1,HUMAN
255,255,255,0.0,0.0,1,HUMAN
255,255,255,0.0,0.0,1,HUMAN
255,255,255,0.0,0.0,1,HUMAN
255,255,255,0.0,0.0,1,HUMAN
255,255,255,0.0,0.0,1,HUMAN
255,255,255,0.0,0.0,1,HUMAN
255,255,255,0.0,0.0,1,HUMAN
255,255,255,0.0,0.0,1,HUMAN
255,255,255,0.0,0.0,1,HUMAN
255,255,255,0.0,0.0,1,HUMAN
255,255,255,0.0,0.0,1,HUMAN
255,255,255,0.0,0.0,1,HUMAN
255,255,255,0.0,0.0,1,HUMAN
255,255,255,0.0,0.0,1,HUMAN
255,255,255,0.0,0.0,1,HUMAN
255,255,255,0.0,0.0,1,HUMAN
255,255,255,0.0,0.0,1,HUMAN
255,255,255,0.0,0.0,1,HUMAN
255,255,255,0.0,0.0,1,HUMAN
255,255,255,0.0,0.0,1,HUMAN
255,255,255,0.0,0.0,1,HUMAN
255,255,255,0.0,0.0,1,HUMAN
255,255,255,0.0,0.0,1,HUMAN
255,255,255,0.0,0.0,1,HUMAN
255,255,255,0.0,0.0,1,HUMAN
255,255,255,0.0,0.0,1,HUMAN
255,255,255,0.0,0.0,1,HUMAN
255,255,255,0.0,0.0,1,HUMAN
255,255,255,0.0,0.0,1,HUMAN
255,255,255,0.0,0.0,1,HUMAN
255,255,255,0.0,0.0,1,HUMAN
255,255,255,0.0,0.0,1,HUMAN
255,255,255,0.0,0.0,1,HUMAN
255,255,255,0.0,0.0,1,HUMAN
255,255,255,0.0,0.0,1,HUMAN
255,255,255,0.0,0.0,1,HUMAN
255,255,255,0.0,0.0,1,HUMAN
255,255,255,0.0,0.0,1,HUMAN
255,255,255,0.0,0.0,1,HUMAN
255,255,255,0.0,0.0,1,HUMAN
255,255,255,0.0,0.0,1,HUMAN
255,255,255,0.0,0.0,1,HUMAN
255,255,255,0.0,0.0,1,HUMAN
255,255,255,0.0,0.0,1,HUMAN
255,255,255,0.0,0.0,1,HUMAN
255,255,255,0.0,0.0,1,HUMAN
255,255,255,0.0,0.0,1,HUMAN
255,255,255,0.0,0.0,1,HUMAN
255,255,255,0.0,0.0,1,HUMAN
255,255,255,0.0,0.0,1,HUMAN
255,255,255,0.0,0.0,1,HUMAN
255,255,255,0.0,0.0,1,HUMAN
255,255,255,0.0,0.0,1,HUMAN
255,255,255,0.0,0.0,1,HUMAN
255,255,255,0.0,0.0,1,HUMAN
255,255,255,0.0,0.0,1,HUMAN
255,255,255,0.0,0.0,1,HUMAN
255,255,255,0.0,0.0,1,HUMAN
255,255,255,0.0,0.0,1,HUMAN
255,255,255,0.0,0.0,1,HUMAN
255,255,255,0.0,0.0,1,HUMAN
255,255,255,0.0,0.0,1,HUMAN
255,255,255,0.0,0.0,1,HUMAN
255,255,255,0.0,0.0,1,HUMAN
255,255,255,0.0,0.0,1,HUMAN
255,255,255,0.0,0.0,1,HUMAN
255,255,255,0.0,0.0,1,HUMAN
255,255,255,0.0,0.0,1,HUMAN
255,255,255,0.0,0.0,1,HUMAN
255,255,255,0.0,0.0,1,HUMAN
255,255,255,0.0,0.0,1,HUMAN
255,255,255,0.0,0.0,1,HUMAN
255,255,255,0.0,0.0,1,HUMAN
255,255,255,0.0,0.0,1,HUMAN
255,255,255,0.0,0.0,1,HUMAN
255,255,255,0.0,0.0,1,HUMAN
255,255,255,0.0,0.0,1,HUMAN
255,255,255,0.0,0.0,1,HUMAN
255,255,255,0.0,0.0,1,HUMAN
255,255,255,0.0,0.0,1,HUMAN
255,255,255,0.0,0.0,1,HUMAN
255,255,255,0.0,0.0,1,HUMAN
255,255,255,0.0,0.0,1,HUMAN
255,255,255,0.0,0.0,1,HUMAN
255,255,255,0.0,0.0,1,HUMAN
255,255,255,0.0,0.0,1,HUMAN
255,255,255,0.0,0.0,1,HUMAN
255,255,255,0.0,0.0,1,HUMAN
255,255,255,0.0,0.0,1,HUMAN
255,255,255,0.0,0.0,1,HUMAN
255,255,255,0.0,0.0,1,HUMAN
255,255,255,0.0,0.0,1,HUMAN
255,255,255,0.0,0.0,1,HUMAN
255,255,255,0.0,0.0,1,HUMAN
255,255,255,0.0,0.0,1,HUMAN
255,255,255,0.0,0.0,1,HUMAN
255,255,255,0.0,0.0,1,HUMAN
255,255,255,0.0,0.0,1,HUMAN
255,255,255,0.0,0.0,1,HUMAN
255,255,255,0.0,0.0,1,HUMAN
255,255,255,0.0,0.0,1,HUMAN
255,255,255,0.0,0.0,1,HUMAN
255,255,255,0.0,0.0,1,HUMAN
255,255,255,0.0,0.0,1,HUMAN
255,255,255,0.0,0.0,1,HUMAN
255,255,255,0.0,0.0,1,HUMAN
255,255,255,0.0,0.0,1,HUMAN
255,255,255,0.0,0.0,1,HUMAN
255,255,255,0.0,0.0,1,HUMAN
255,255,255,0.0,0.0,1,HUMAN
255,255,255,0.0,0.0,1,HUMAN
255,255,255,0.0,0.0,1,HUMAN
255,255,255,0.0,0.0,1,HUMAN
255,255,255,0.0,0.0,1,HUMAN
255,255,255,0.0,0.0,1,HUMAN
255,255,255,0.0,0.0,1,HUMAN
255,255,255,0.0,0.0,1,HUMAN
255,255,255,0.0,0.0,1,HUMAN
255,255,255,0.0,0.0,1,HUMAN
255,255,255,0.0,0.0,1,HUMAN
255,255,255,0.0,0.0,1,HUMAN
255,255,255,0.0,0.0,1,HUMAN
255,255,255,0.0,0.0,1,HUMAN
255,255,255,0.0,0.0,1,HUMAN
255,255,255,0.0,0.0,1,HUMAN
255,255,255,0.0,0.0,1,HUMAN
255,255,255,0.0,0.0,1,HUMAN
255,255,255,0.0,0.0,1,HUMAN
255,255,255,0.0,0.0,1,HUMAN
255,255,255,0.0,0.0,1,HUMAN
255,255,255,0.0,0.0,1,HUMAN
255,255,255,0.0,0.0,1,HUMAN
255,255,255,0.0,0.0,1,HUMAN
255,255,255,0.0,0.0,1,HUMAN
255,255,255,0.0,0.0,1,HUMAN
255,255,255,0.0,0.0,1,HUMAN
255,255,255,0.0,0.0,1,HUMAN
255,255,255,0.0,0.0,1,HUMAN
255,255,255,0.0,0.0,1,HUMAN
255,255,255,0.0,0.0,1,HUMAN
255,255,255,0.0,0.0,1,HUMAN
255,255,255,0.0,0.0,1,HUMAN
255,255,255,0.0,0.0,1,HUMAN
255,255,255,0.0,0.0,1,HUMAN
255,255,255,0.0,0.0,1,HUMAN
255,255,255,0.0,0.0,1,HUMAN
255,255,255,0.0,0.0,1,HUMAN
255,255,255,0.0,0.0,1,HUMAN
255,255,255,0.0,0.0,1,HUMAN
255,255,255,0.0,0.0,1,HUMAN
255,255,255,0.0,0.0,1,HUMAN
255,255,255,0.0,0.0,1,HUMAN
255,255,255,0.0,0.0,1,HUMAN
255,255,255,0.0,0.0,1,HUMAN
255,255,255,0.0,0.0,1,HUMAN
255,255,255,0.0,0.0,1,HUMAN
255,255,255,0.0,0.0,1,HUMAN
255,255,255,0.0,0.0,1,HUMAN
255,255,255,0.0,0.0,1,HUMAN
255,255,255,0.0,0.0,1,HUMAN
255,255,255,0.0,0.0,1,HUMAN
255,255,255,0.0,0.0,1,HUMAN
255,255,255,0.0,0.0,1,HUMAN
255,255,255,0.0,0.0,1,HUMAN
255,255,255,0.0,0.0,1,HUMAN
255,255,255,0.0,0.0,1,HUMAN
255,255,255,0.0,0.0,1,HUMAN
255,255,255,0.0,0.0,1,HUMAN
255,255,255,0.0,0.0,1,HUMAN
255,255,255,0.0,0.0,1,HUMAN
255,255,255,0.0,0.0,1,HUMAN
255,255,255,0.0,0.0,1,HUMAN
255,255,255,0.0,0.0,1,HUMAN
255,255,255,0.0,0.0,1,HUMAN
255,255,255,0.0,0.0,1,HUMAN
255,255,255,0.0,0.0,1,HUMAN
255,255,255,0.0,0.0,1,HUMAN
255,255,255,0.0,0.0,1,HUMAN
255,255,255,0.0,0.0,1,HUMAN
255,255,255,0.0,0.0,1,HUMAN
255,255,255,0.0,0.0,1,HUMAN
255,255,255,0.0,0.0,1,HUMAN
255,255,255,0.0,0.0,1,HUMAN
255,255,255,0.0,0.0,1,HUMAN
255,255,255,0.0,0.0,1,HUMAN
255,255,255,0.0,0.0,1,HUMAN
255,255,255,0.0,0.0,1,HUMAN
255,255,255,0.0,0.0,1,HUMAN
255,255,255,0.0,0.0,1,HUMAN
255,255,255,0.0,0.0,1,HUMAN
255,255,255,0.0,0.0,1,HUMAN
255,255,255,0.0,0.0,1,HUMAN
255,255,255,0.0,0.0,1,HUMAN
255,255,255,0.0,0.0,1,HUMAN
255,255,255,0.0,0.0,1,HUMAN
255,255,255,0.0,0.0,1,HUMAN
255,255,255,0.0,0.0,1,HUMAN
255,255,255,0.0,0.0,1,HUMAN
255,255,255,0.0,0.0,1,HUMAN
255,255,255,0.0,0.0,1,HUMAN
255,255,255,0.0,0.0,1,HUMAN
255,255,255,0.0,0.0,1,HUMAN
255,255,255,0.0,0.0,1,HUMAN
255,255,255,0.0,0.0,1,HUMAN
255,255,255,0.0,0.0,1,HUMAN
255,255,255,0.0,0.0,1,HUMAN
255,255,255,0.0,0.0,1,HUMAN
255,255,255,0.0,0.0,1,HUMAN
255,255,255,0.0,0.0,1,HUMAN
255,255,255,0.0,0.0,1,HUMAN
255,255,255,0.0,0.0,1,HUMAN
255,255,255,0.0,0.0,1,HUMAN
255,255,255,0.0,0.0,1,HUMAN
255,255,255,0.0,0.0,1,HUMAN
255,255,255,0.0,0.0,1,HUMAN
255,255,255,0.0,0.0,1,HUMAN
255,255,255,0.0,0.0,1,HUMAN
255,255,255,0.0,0.0,1,HUMAN
255,255,255,0.0,0.0,1,HUMAN
255,255,255,0.0,0.0,1,HUMAN
255,255,255,0.0,0.0,1,HUMAN
255,255,255,0.0,0.0,1,HUMAN
255,255,255,0.0,0.0,1,HUMAN
255,255,255,0.0,0.0,1,HUMAN
255,255,255,0.0,0.0,1,HUMAN
255,255,255,0.0,0.0,1,HUMAN
255,255,255,0.0,0.0,1,HUMAN
255,255,255,0.0,0.0,1,HUMAN
255,255,255,0.0,0.0,1,HUMAN
255,255,255,0.0,0.0,1,HUMAN
255,255,255,0.0,0.0,1,HUMAN
255,255,255,0.0,0.0,1,HUMAN
255,255,255,0.0,0.0,1,HUMAN
255,255,255,0.0,0.0,1,HUMAN
255,255,255,0.0,0.0,1,HUMAN
255,255,255,0.0,0.0,1,HUMAN
255,255,255,0.0,0.0,1,HUMAN
255,255,255,0.0,0.0,1,HUMAN
255,255,255,0.0,0.0,1,HUMAN
255,255,255,0.0,0.0,1,HUMAN
255,255,255,0.0,0.0,1,HUMAN
255,255,255,0.0,0.0,1,HUMAN
255,255,255,0.0,0.0,1,HUMAN
255,255,255,0.0,0.0,1,HUMAN
255,255,255,0.0,0.0,1,HUMAN
255,255,255,0.0,0.0,1,HUMAN
255,255,255,0.0,0.0,1,HUMAN
255,255,255,0.0,0.0,1,HUMAN
255,255,255,0.0,0.0,1,HUMAN
255,255,255,0.0,0.0,1,HUMAN
255,255,255,0.0,0.0,1,HUMAN
255,255,255,0.0,0.0,1,HUMAN
255,255,255,0.0,0.0,1,HUMAN
255,255,255,0.0,0.0,1,HUMAN
255,255,255,0.0,0.0,1,HUMAN
255,255,255,0.0,0.0,1,HUMAN
255,255,255,0.0,0.0,1,HUMAN
255,255,255,0.0,0.0,1,HUMAN
255,255,255,0.0,0.0,1,HUMAN
255,255,255,0.0,0.0,1,HUMAN
255,255,255,0.0,0.0,1,HUMAN
255,255,255,0.0,0.0,1,HUMAN
255,255,255,0.0,0.0,1,HUMAN
255,255,255,0.0,0.0,1,HUMAN
255,255,255,0.0,0.0,1,HUMAN
255,255,255,0.0,0.0,1,HUMAN
255,255,255,0.0,0.0,1,HUMAN
255,255,255,0.0,0.0,1,HUMAN
255,255,255,0.0,0.0,1,HUMAN
255,255,255,0.0,0.0,1,HUMAN
255,255,255,0.0,0.0,1,HUMAN
255,255,255,0.0,0.0,1,HUMAN
255,255,255,0.0,0.0,1,HUMAN
255,255,255,0.0,0.0,1,HUMAN
255,255,255,0.0,0.0,1,HUMAN
255,255,255,0.0,0.0,1,HUMAN
255,255,255,0.0,0.0,1,HUMAN
255,255,255,0.0,0.0,1,HUMAN
255,255,255,0.0,0.0,1,HUMAN
255,255,255,0.0,0.0,1,HUMAN
255,255,255,0.0,0.0,1,HUMAN
255,255,255,0.0,0.0,1,HUMAN
255,255,255,0.0,0.0,1,HUMAN
255,255,255,0.0,0.0,1,HUMAN
255,255,255,0.0,0.0,1,HUMAN
255,255,255,0.0,0.0,1,HUMAN
255,255,255,0.0,0.0,1,HUMAN
255,255,255,0.0,0.0,1,HUMAN
255,255,255,0.0,0.0,1,HUMAN
255,255,255,0.0,0.0,1,HUMAN
255,255,255,0.0,0.0,1,HUMAN
255,255,255,0.0,0.0,1,HUMAN
255,255,255,0.0,0.0,1,HUMAN
255,255,255,0.0,0.0,1,HUMAN
255,255,255,0.0,0.0,1,HUMAN
255,255,255,0.0,0.0,1,HUMAN
255,255,255,0.0,0.0,1,HUMAN
255,255,255,0.0,0.0,1,HUMAN
255,255,255,0.0,0.0,1,HUMAN
255,255,255,0.0,0.0,1,HUMAN
255,255,255,0.0,0.0,1,HUMAN
255,255,255,0.0,0.0,1,HUMAN
255,255,255,0.0,0.0,1,HUMAN
255,255,255,0.0,0.0,1,HUMAN
255,255,255,0.0,0.0,1,HUMAN
255,255,255,0.0,0.0,1,HUMAN
255,255,255,0.0,0.0,1,HUMAN
255,255,255,0.0,0.0,1,HUMAN
255,255,255,0.0,0.0,1,HUMAN
255,255,255,0.0,0.0,1,HUMAN
255,255,255,0.0,0.0,1,HUMAN
255,255,255,0.0,0.0,1,HUMAN
255,255,255,0.0,0.0,1,HUMAN
255,255,255,0.0,0.0,1,HUMAN
255,255,255,0.0,0.0,1,HUMAN
255,255,255,0.0,0.0,1,HUMAN
255,255,255,0.0,0.0,1,HUMAN
255,255,255,0.0,0.0,1,HUMAN
255,255,255,0.0,0.0,1,HUMAN
255,255,255,0.0,0.0,1,HUMAN
255,255,255,0.0,0.0,1,HUMAN
255,255,255,0.0,0.0,1,HUMAN
255,255,255,0.0,0.0,1,HUMAN
255,255,255,0.0,0.0,1,HUMAN
255,255,255,0.0,0.0,1,HUMAN
255,255,255,0.0,0.0,1,HUMAN
255,255,255,0.0,0.0,1,HUMAN
255,255,255,0.0,0.0,1,HUMAN
255,255,255,0.0,0.0,1,HUMAN
255,255,255,0.0,0.0,1,HUMAN
255,255,255,0.0,0.0,1,HUMAN
255,255,255,0.0,0.0,1,HUMAN
255,255,255,0.0,0.0,1,HUMAN
255,255,255,0.0,0.0,1,HUMAN
255,255,255,0.0,0.0,1,HUMAN
255,255,255,0.0,0.0,1,HUMAN
255,255,255,0.0,0.0,1,HUMAN
255,255,255,0.0,0.0,1,HUMAN
255,255,255,0.0,0.0,1,HUMAN
255,255,255,0.0,0.0,1,HUMAN
255,255,255,0.0,0.0,1,HUMAN
255,255,255,0.0,0.0,1,HUMAN
255,255,255,0.0,0.0,1,HUMAN
255,255,255,0.0,0.0,1,HUMAN
255,255,255,0.0,0.0,1,HUMAN
255,255,255,0.0,0.0,1,HUMAN
255,255,255,0.0,0.0,1,HUMAN
255,255,255,0.0,0.0,1,HUMAN
255,255,255,0.0,0.0,1,HUMAN
255,255,255,0.0,0.0,1,HUMAN
255,255,255,0.0,0.0,1,HUMAN
255,255,255,0.0,0.0,1,HUMAN
255,255,255,0.0,0.0,1,HUMAN
255,255,255,0.0,0.0,1,HUMAN
255,255,255,0.0,0.0,1,HUMAN
255,255,255,0.0,0.0,1,HUMAN
255,255,255,0.0,0.0,1,HUMAN
255,255,255,0.0,0.0,1,HUMAN
255,255,255,0.0,0.0,1,HUMAN
255,255,255,0.0,0.0,1,HUMAN
255,255,255,0.0,0.0,1,HUMAN
255,255,255,0.0,0.0,1,HUMAN
255,255,255,0.0,0.0,1,HUMAN
255,255,255,0.0,0.0,1,HUMAN
255,255,255,0.0,0.0,1,HUMAN
255,255,255,0.0,0.0,1,HUMAN
255,255,255,0.0,0.0,1,HUMAN
255,255,255,0.0,0.0,1,HUMAN
255,255,255,0.0,0.0,1,HUMAN
255,255,255,0.0,0.0,1,HUMAN
255,255,255,0.0,0.0,1,HUMAN
255,255,255,0.0,0.0,1,HUMAN
255,255,255,0.0,0.0,1,HUMAN
255,255,255,0.0,0.0,1,HUMAN
255,255,255,0.0,0.0,1,HUMAN
255,255,255,0.0,0.0,1,HUMAN
255,255,255,0.0,0.0,1,HUMAN
255,255,255,0.0,0.0,1,HUMAN
255,255,255,0.0,0.0,1,HUMAN
255,255,255,0.0,0.0,1,HUMAN
255,255,255,0.0,0.0,1,HUMAN
255,255,255,0.0,0.0,1,HUMAN
255,255,255,0.0,0.0,1,HUMAN
255,255,255,0.0,0.0,1,HUMAN
255,255,255,0.0,0.0,1,HUMAN
255,255,255,0.0,0.0,1,HUMAN
255,255,255,0.0,0.0,1,HUMAN
255,255,255,0.0,0.0,1,HUMAN
255,255,255,0.0,0.0,1,HUMAN
255,255,255,0.0,0.0,1,HUMAN
255,255,255,0.0,0.0,1,HUMAN
255,255,255,0.0,0.0,1,HUMAN
255,255,255,0.0,0.0,1,HUMAN
255,255,255,0.0,0.0,1,HUMAN
255,255,255,0.0,0.0,1,HUMAN
255,255,255,0.0,0.0,1,HUMAN
255,255,255,0.0,0.0,1,HUMAN
255,255,255,0.0,0.0,1,HUMAN
255,255,255,0.0,0.0,1,HUMAN
255,255,255,0.0,0.0,1,HUMAN
255,255,255,0.0,0.0,1,HUMAN
255,255,255,0.0,0.0,1,HUMAN
255,255,255,0.0,0.0,1,HUMAN
255,255,255,0.0,0.0,1,HUMAN
255,255,255,0.0,0.0,1,HUMAN
255,255,255,0.0,0.0,1,HUMAN
255,255,255,0.0,0.0,1,HUMAN
255,255,255,0.0,0.0,1,HUMAN
255,255,255,0.0,0.0,1,HUMAN
255,255,255,0.0,0.0,1,HUMAN
255,255,255,0.0,0.0,1,HUMAN
255,255,255,0.0,0.0,1,HUMAN
255,255,255,0.0,0.0,1,HUMAN
255,255,255,0.0,0.0,1,HUMAN
255,255,255,0.0,0.0,1,HUMAN
255,255,255,0.0,0.0,1,HUMAN
255,255,255,0.0,0.0,1,HUMAN
255,255,255,0.0,0.0,1,HUMAN
255,255,255,0.0,0.0,1,HUMAN
255,255,255,0.0,0.0,1,HUMAN
255,255,255,0.0,0.0,1,HUMAN
255,255,255,0.0,0.0,1,HUMAN
255,255,255,0.0,0.0,1,HUMAN
255,255,255,0.0,0.0,1,HUMAN
255,255,255,0.0,0.0,1,HUMAN
255,255,255,0.0,0.0,1,HUMAN
255,255,255,0.0,0.0,1,HUMAN
255,255,255,0.0,0.0,1,HUMAN
255,255,255,0.0,0.0,1,HUMAN
255,255,255,0.0,0.0,1,HUMAN
255,255,255,0.0,0.0,1,HUMAN
255,255,255,0.0,0.0,1,HUMAN
255,255,255,0.0,0.0,1,HUMAN
255,255,255,0.0,0.0,1,HUMAN
255,255,255,0.0,0.0,1,HUMAN
255,255,255,0.0,0.0,1,HUMAN
255,255,255,0.0,0.0,1,HUMAN
255,255,255,0.0,0.0,1,HUMAN
255,255,255,0.0,0.0,1,HUMAN
255,255,255,0.0,0.0,1,HUMAN
255,255,255,0.0,0.0,1,HUMAN
255,255,255,0.0,0.0,1,HUMAN
255,255,255,0.0,0.0,1,HUMAN
255,255,255,0.0,0.0,1,HUMAN
255,255,255,0.0,0.0,1,HUMAN
255,255,255,0.0,0.0,1,HUMAN
255,255,255,0.0,0.0,1,HUMAN
255,255,255,0.0,0.0,1,HUMAN
255,255,255,0.0,0.0,1,HUMAN
255,255,255,0.0,0.0,1,HUMAN
255,255,255,0.0,0.0,1,HUMAN
255,255,255,0.0,0.0,1,HUMAN
255,255,255,0.0,0.0,1,HUMAN
255,255,255,0.0,0.0,1,HUMAN
255,255,255,0.0,0.0,1,HUMAN
255,255,255,0.0,0.0,1,HUMAN
255,255,255,0.0,0.0,1,HUMAN
255,255,255,0.0,0.0,1,HUMAN
255,255,255,0.0,0.0,1,HUMAN
255,255,255,0.0,0.0,1,HUMAN
255,255,255,0.0,0.0,1,HUMAN
255,255,255,0.0,0.0,1,HUMAN
255,255,255,0.0,0.0,1,HUMAN
255,255,255,0.0,0.0,1,HUMAN
255,255,255,0.0,0.0,1,HUMAN
255,255,255,0.0,0.0,1,HUMAN
255,255,255,0.0,0.0,1,HUMAN
255,255,255,0.0,0.0,1,HUMAN
255,255,255,0.0,0.0,1,HUMAN
255,255,255,0.0,0.0,1,HUMAN
255,255,255,0.0,0.0,1,HUMAN
255,255,255,0.0,0.0,1,HUMAN
255,255,255,0.0,0.0,1,HUMAN
255,255,255,0.0,0.0,1,HUMAN
255,255,255,0.0,0.0,1,HUMAN
255,255,255,0.0,0.0,1,HUMAN
255,255,255,0.0,0.0,1,HUMAN
255,255,255,0.0,0.0,1,HUMAN
255,255,255,0.0,0.0,1,HUMAN
255,255,255,0.0,0.0,1,HUMAN
255,255,255,0.0,0.0,1,HUMAN
255,255,255,0.0,0.0,1,HUMAN
255,255,255,0.0,0.0,1,HUMAN
255,255,255,0.0,0.0,1,HUMAN
255,255,255,0.0,0.0,1,HUMAN
255,255,255,0.0,0.0,1,HUMAN
255,255,255,0.0,0.0,1,HUMAN
255,255,255,0.0,0.0,1,HUMAN
255,255,255,0.0,0.0,1,HUMAN
255,255,255,0.0,0.0,1,HUMAN
255,255,255,0.0,0.0,1,HUMAN
255,255,255,0.0,0.0,1,HUMAN
255,255,255,0.0,0.0,1,HUMAN
255,255,255,0.0,0.0,1,HUMAN
255,255,255,0.0,0.0,1,HUMAN
255,255,255,0.0,0.0,1,HUMAN
255,255,255,0.0,0.0,1,HUMAN
255,255,255,0.0,0.0,1,HUMAN
255,255,255,0.0,0.0,1,HUMAN
255,255,255,0.0,0.0,1,HUMAN
255,255,255,0.0,0.0,1,HUMAN
255,255,255,0.0,0.0,1,HUMAN
255,255,255,0.0,0.0,1,HUMAN
255,255,255,0.0,0.0,1,HUMAN
255,255,255,0.0,0.0,1,HUMAN
255,255,255,0.0,0.0,1,HUMAN
255,255,255,0.0,0.0,1,HUMAN
255,255,255,0.0,0.0,1,HUMAN
255,255,255,0.0,0.0,1,HUMAN
255,255,255,0.0,0.0,1,HUMAN
255,255,255,0.0,0.0,1,HUMAN
255,255,255,0.0,0.0,1,HUMAN
255,255,255,0.0,0.0,1,HUMAN
255,255,255,0.0,0.0,1,HUMAN
255,255,255,0.0,0.0,1,HUMAN
255,255,255,0.0,0.0,1,HUMAN
255,255,255,0.0,0.0,1,HUMAN
255,255,255,0.0,0.0,1,HUMAN
255,255,255,0.0,0.0,1,HUMAN
255,255,255,0.0,0.0,1,HUMAN
255,255,255,0.0,0.0,1,HUMAN
255,255,255,0.0,0.0,1,HUMAN
255,255,255,0.0,0.0,1,HUMAN
255,255,255,0.0,0.0,1,HUMAN
255,255,255,0.0,0.0,1,HUMAN
255,255,255,0.0,0.0,1,HUMAN
255,255,255,0.0,0.0,1,HUMAN
255,255,255,0.0,0.0,1,HUMAN
255,255,255,0.0,0.0,1,HUMAN
255,255,255,0.0,0.0,1,HUMAN
255,255,255,0.0,0.0,1,HUMAN
255,255,255,0.0,0.0,1,HUMAN
255,255,255,0.0,0.0,1,HUMAN
255,255,255,0.0,0.0,1,HUMAN
255,255,255,0.0,0.0,1,HUMAN
255,255,255,0.0,0.0,1,HUMAN
255,255,255,0.0,0.0,1,HUMAN
255,255,255,0.0,0.0,1,HUMAN
255,255,255,0.0,0.0,1,HUMAN
255,255,255,0.0,0.0,1,HUMAN
255,255,255,0.0,0.0,1,HUMAN
255,255,255,0.0,0.0,1,HUMAN
255,255,255,0.0,0.0,1,HUMAN
255,255,255,0.0,0.0,1,HUMAN
255,255,255,0.0,0.0,1,HUMAN
255,255,255,0.0,0.0,1,HUMAN
255,255,255,0.0,0.0,1,HUMAN
255,255,255,0.0,0.0,1,HUMAN
255,255,255,0.0,0.0,1,HUMAN
255,255,255,0.0,0.0,1,HUMAN
255,255,255,0.0,0.0,1,HUMAN
255,255,255,0.0,0.0,1,HUMAN
255,255,255,0.0,0.0,1,HUMAN
255,255,255,0.0,0.0,1,HUMAN
255,255,255,0.0,0.0,1,HUMAN
255,255,255,0.0,0.0,1,HUMAN
255,255,255,0.0,0.0,1,HUMAN
255,255,255,0.0,0.0,1,HUMAN
255,255,255,0.0,0.0,1,HUMAN
255,255,255,0.0,0.0,1,HUMAN
255,255,255,0.0,0.0,1,HUMAN
255,255,255,0.0,0.0,1,HUMAN
255,255,255,0.0,0.0,1,HUMAN
255,255,255,0.0,0.0,1,HUMAN
255,255,255,0.0,0.0,1,HUMAN
255,255,255,0.0,0.0,1,HUMAN
255,255,255,0.0,0.0,1,HUMAN
255,255,255,0.0,0.0,1,HUMAN
255,255,255,0.0,0.0,1,HUMAN
255,255,255,0.0,0.0,1,HUMAN
255,255,255,0.0,0.0,1,HUMAN
255,255,255,0.0,0.0,1,HUMAN
255,255,255,0.0,0.0,1,HUMAN
255,255,255,0.0,0.0,1,HUMAN
255,255,255,0.0,0.0,1,HUMAN
255,255,255,0.0,0.0,1,HUMAN
255,255,255,0.0,0.0,1,HUMAN
255,255,255,0.0,0.0,1,HUMAN
255,255,255,0.0,0.0,1,HUMAN
255,255,255,0.0,0.0,1,HUMAN
255,255,255,0.0,0.0,1,HUMAN
255,255,255,0.0,0.0,1,HUMAN
255,255,255,0.0,0.0,1,HUMAN
255,255,255,0.0,0.0,1,HUMAN
255,255,255,0.0,0.0,1,HUMAN
255,255,255,0.0,0.0,1,HUMAN
255,255,255,0.0,0.0,1,HUMAN
255,255,255,0.0,0.0,1,HUMAN
255,255,255,0.0,0.0,1,HUMAN
255,255,255,0.0,0.0,1,HUMAN
255,255,255,0.0,0.0,1,HUMAN
255,255,255,0.0,0.0,1,HUMAN
255,255,255,0.0,0.0,1,HUMAN
255,255,255,0.0,0.0,1,HUMAN
255,255,255,0.0,0.0,1,HUMAN
255,255,255,0.0,0.0,1,HUMAN
255,255,255,0.0,0.0,1,HUMAN
255,255,255,0.0,0.0,1,HUMAN
255,255,255,0.0,0.0,1,HUMAN
255,255,255,0.0,0.0,1,HUMAN
255,255,255,0.0,0.0,1,HUMAN
255,255,255,0.0,0.0,1,HUMAN
255,255,255,0.0,0.0,1,HUMAN
255,255,255,0.0,0.0,1,HUMAN
255,255,255,0.0,0.0,1,HUMAN
255,255,255,0.0,0.0,1,HUMAN
255,255,255,0.0,0.0,1,HUMAN
255,255,255,0.0,0.0,1,HUMAN
255,255,255,0.0,0.0,1,HUMAN
255,255,255,0.0,0.0,1,HUMAN
255,255,255,0.0,0.0,1,HUMAN
255,255,255,0.0,0.0,1,HUMAN
255,255,255,0.0,0.0,1,HUMAN
255,255,255,0.0,0.0,1,HUMAN
255,255,255,0.0,0.0,1,HUMAN
255,255,255,0.0,0.0,1,HUMAN
255,255,255,0.0,0.0,1,HUMAN
255,255,255,0.0,0.0,1,HUMAN
255,255,255,0.0,0.0,1,HUMAN
255,255,255,0.0,0.0,1,HUMAN
255,255,255,0.0,0.0,1,HUMAN
255,255,255,0.0,0.0,1,HUMAN
255,255,255,0.0,0.0,1,HUMAN
255,255,255,0.0,0.0,1,HUMAN
255,255,255,0.0,0.0,1,HUMAN
255,255,255,0.0,0.0,1,HUMAN
255,255,255,0.0,0.0,1,HUMAN
255,255,255,0.0,0.0,1,HUMAN
255,255,255,0.0,0.0,1,HUMAN
255,255,255,0.0,0.0,1,HUMAN
255,255,255,0.0,0.0,1,HUMAN
255,255,255,0.0,0.0,1,HUMAN
255,255,255,0.0,0.0,1,HUMAN
255,255,255,0.0,0.0,1,HUMAN
255,255,255,0.0,0.0,1,HUMAN
255,255,255,0.0,0.0,1,HUMAN
255,255,255,0.0,0.0,1,HUMAN
255,255,255,0.0,0.0,1,HUMAN
255,255,255,0.0,0.0,1,HUMAN
255,255,255,0.0,0.0,1,HUMAN
255,255,255,0.0,0.0,1,HUMAN
255,255,255,0.0,0.0,1,HUMAN
255,255,255,0.0,0.0,1,HUMAN
255,255,255,0.0,0.0,1,HUMAN
255,255,255,0.0,0.0,1,HUMAN
255,255,255,0.0,0.0,1,HUMAN
255,255,255,0.0,0.0,1,HUMAN
255,255,255,0.0,0.0,1,HUMAN
255,255,255,0.0,0.0,1,HUMAN
255,255,255,0.0,0.0,1,HUMAN
255,255,255,0.0,0.0,1,HUMAN
255,255,255,0.0,0.0,1,HUMAN
255,255,255,0.0,0.0,1,HUMAN
255,255,255,0.0,0.0,1,HUMAN
255,255,255,0.0,0.0,1,HUMAN
255,255,255,0.0,0.0,1,HUMAN
255,255,255,0.0,0.0,1,HUMAN
255,255,255,0.0,0.0,1,HUMAN
255,255,255,0.0,0.0,1,HUMAN
255,255,255,0.0,0.0,1,HUMAN
255,255,255,0.0,0.0,1,HUMAN
255,255,255,0.0,0.0,1,HUMAN
255,255,255,0.0,0.0,1,HUMAN
255,255,255,0.0,0.0,1,HUMAN
255,255,255,0.0,0.0,1,HUMAN
255,255,255,0.0,0.0,1,HUMAN
255,255,255,0.0,0.0,1,HUMAN
255,255,255,0.0,0.0,1,HUMAN
255,255,255,0.0,0.0,1,HUMAN
255,255,255,0.0,0.0,1,HUMAN
255,255,255,0.0,0.0,1,HUMAN
255,255,255,0.0,0.0,1,HUMAN
255,255,255,0.0,0.0,1,HUMAN
255,255,255,0.0,0.0,1,HUMAN
255,255,255,0.0,0.0,1,HUMAN
255,255,255,0.0,0.0,1,HUMAN
255,255,255,0.0,0.0,1,HUMAN
255,255,255,0.0,0.0,1,HUMAN
255,255,255,0.0,0.0,1,HUMAN
255,255,255,0.0,0.0,1,HUMAN
255,255,255,0.0,0.0,1,HUMAN
255,255,255,0.0,0.0,1,HUMAN
255,255,255,0.0,0.0,1,HUMAN
255,255,255,0.0,0.0,1,HUMAN
255,255,255,0.0,0.0,1,HUMAN
255,255,255,0.0,0.0,1,HUMAN
255,255,255,0.0,0.0,1,HUMAN
255,255,255,0.0,0.0,1,HUMAN
255,255,255,0.0,0.0,1,HUMAN
255,255,255,0.0,0.0,1,HUMAN
255,255,255,0.0,0.0,1,HUMAN
255,255,255,0.0,0.0,1,HUMAN
255,255,255,0.0,0.0,1,HUMAN
255,255,255,0.0,0.0,1,HUMAN
255,255,255,0.0,0.0,1,HUMAN
255,255,255,0.0,0.0,1,HUMAN
255,255,255,0.0,0.0,1,HUMAN
255,255,255,0.0,0.0,1,HUMAN
255,255,255,0.0,0.0,1,HUMAN
255,255,255,0.0,0.0,1,HUMAN
255,255,255,0.0,0.0,1,HUMAN
255,255,255,0.0,0.0,1,HUMAN
255,255,255,0.0,0.0,1,HUMAN
255,255,255,0.0,0.0,1,HUMAN
255,255,255,0.0,0.0,1,HUMAN
255,255,255,0.0,0.0,1,HUMAN
255,255,255,0.0,0.0,1,HUMAN
255,255,255,0.0,0.0,1,HUMAN
255,255,255,0.0,0.0,1,HUMAN
255,255,255,0.0,0.0,1,HUMAN
255,255,255,0.0,0.0,1,HUMAN
255,255,255,0.0,0.0,1,HUMAN
255,255,255,0.0,0.0,1,HUMAN
255,255,255,0.0,0.0,1,HUMAN
255,255,255,0.0,0.0,1,HUMAN
255,255,255,0.0,0.0,1,HUMAN
255,255,255,0.0,0.0,1,HUMAN
255,255,255,0.0,0.0,1,HUMAN
255,255,255,0.0,0.0,1,HUMAN
255,255,255,0.0,0.0,1,HUMAN
255,255,255,0.0,0.0,1,HUMAN
255,255,255,0.0,0.0,1,HUMAN
255,255,255,0.0,0.0,1,HUMAN
255,255,255,0.0,0.0,1,HUMAN
255,255,255,0.0,0.0,1,HUMAN
255,255,255,0.0,0.0,1,HUMAN
255,255,255,0.0,0.0,1,HUMAN
255,255,255,0.0,0.0,1,HUMAN
255,255,255,0.0,0.0,1,HUMAN
255,255,255,0.0,0.0,1,HUMAN
255,255,255,0.0,0.0,1,HUMAN
255,255,255,0.0,0.0,1,HUMAN
255,255,255,0.0,0.0,1,HUMAN
255,255,255,0.0,0.0,1,HUMAN
255,255,255,0.0,0.0,1,HUMAN
255,255,255,0.0,0.0,1,HUMAN
255,255,255,0.0,0.0,1,HUMAN
255,255,255,0.0,0.0,1,HUMAN
255,255,255,0.0,0.0,1,HUMAN
255,255,255,0.0,0.0,1,HUMAN
255,255,255,0.0,0.0,1,HUMAN
255,255,255,0.0,0.0,1,HUMAN
255,255,255,0.0,0.0,1,HUMAN
255,255,255,0.0,0.0,1,HUMAN
255,255,255,0.0,0.0,1,HUMAN
255,255,255,0.0,0.0,1,HUMAN
255,255,255,0.0,0.0,1,HUMAN
255,255,255,0.0,0.0,1,HUMAN
255,255,255,0.0,0.0,1,HUMAN
255,255,255,0.0,0.0,1,HUMAN
255,255,255,0.0,0.0,1,HUMAN
255,255,255,0.0,0.0,1,HUMAN
255,255,255,0.0,0.0,1,HUMAN
255,255,255,0.0,0.0,1,HUMAN
255,255,255,0.0,0.0,1,HUMAN
255,255,255,0.0,0.0,1,HUMAN
255,255,255,0.0,0.0,1,HUMAN
255,255,255,0.0,0.0,1,HUMAN
255,255,255,0.0,0.0,1,HUMAN
255,255,255,0.0,0.0,1,HUMAN
255,255,255,0.0,0.0,1,HUMAN
255,255,255,0.0,0.0,1,HUMAN
255,255,255,0.0,0.0,1,HUMAN
255,255,255,0.0,0.0,1,HUMAN
255,255,255,0.0,0.0,1,HUMAN
255,255,255,0.0,0.0,1,HUMAN
255,255,255,0.0,0.0,1,HUMAN
255,255,255,0.0,0.0,1,HUMAN
255,255,255,0.0,0.0,1,HUMAN
255,255,255,0.0,0.0,1,HUMAN
255,255,255,0.0,0.0,1,HUMAN
255,255,255,0.0,0.0,1,HUMAN
255,255,255,0.0,0.0,1,HUMAN
255,255,255,0.0,0.0,1,HUMAN
255,255,255,0.0,0.0,1,HUMAN
255,255,255,0.0,0.0,1,HUMAN
255,255,255,0.0,0.0,1,HUMAN
255,255,255,0.0,0.0,1,HUMAN
255,255,255,0.0,0.0,1,HUMAN
255,255,255,0.0,0.0,1,HUMAN
255,255,255,0.0,0.0,1,HUMAN
255,255,255,0.0,0.0,1,HUMAN
255,255,255,0.0,0.0,1,HUMAN
255,255,255,0.0,0.0,1,HUMAN
255,255,255,0.0,0.0,1,HUMAN
255,255,255,0.0,0.0,1,HUMAN
255,255,255,0.0,0.0,1,HUMAN
255,255,255,0.0,0.0,1,HUMAN
255,255,255,0.0,0.0,1,HUMAN
255,255,255,0.0,0.0,1,HUMAN
255,255,255,0.0,0.0,1,HUMAN
255,255,255,0.0,0.0,1,HUMAN
255,255,255,0.0,0.0,1,HUMAN
255,255,255,0.0,0.0,1,HUMAN
255,255,255,0.0,0.0,1,HUMAN
255,255,255,0.0,0.0,1,HUMAN
255,255,255,0.0,0.0,1,HUMAN
255,255,255,0.0,0.0,1,HUMAN
255,255,255,0.0,0.0,1,HUMAN
255,255,255,0.0,0.0,1,HUMAN
255,255,255,0.0,0.0,1,HUMAN
255,255,255,0.0,0.0,1,HUMAN
255,255,255,0.0,0.0,1,HUMAN
255,255,255,0.0,0.0,1,HUMAN
255,255,255,0.0,0.0,1,HUMAN
255,255,255,0.0,0.0,1,HUMAN
255,255,255,0.0,0.0,1,HUMAN
255,255,255,0.0,0.0,1,HUMAN
255,255,255,0.0,0.0,1,HUMAN
255,255,255,0.0,0.0,1,HUMAN
255,255,255,0.0,0.0,1,HUMAN
255,255,255,0.0,0.0,1,HUMAN
255,255,255,0.0,0.0,1,HUMAN
255,255,255,0.0,0.0,1,HUMAN
255,255,255,0.0,0.0,1,HUMAN
255,255,255,0.0,0.0,1,HUMAN
255,255,255,0.0,0.0,1,HUMAN
255,255,255,0.0,0.0,1,HUMAN
255,255,255,0.0,0.0,1,HUMAN
255,255,255,0.0,0.0,1,HUMAN
255,255,255,0.0,0.0,1,HUMAN
255,255,255,0.0,0.0,1,HUMAN
255,255,255,0.0,0.0,1,HUMAN
255,255,255,0.0,0.0,1,HUMAN
255,255,255,0.0,0.0,1,HUMAN
255,255,255,0.0,0.0,1,HUMAN
255,255,255,0.0,0.0,1,HUMAN
255,255,255,0.0,0.0,1,HUMAN
255,255,255,0.0,0.0,1,HUMAN
255,255,255,0.0,0.0,1,HUMAN
255,255,255,0.0,0.0,1,HUMAN
255,255,255,0.0,0.0,1,HUMAN
255,255,255,0.0,0.0,1,HUMAN
255,255,255,0.0,0.0,1,HUMAN
255,255,255,0.0,0.0,1,HUMAN
255,255,255,0.0,0.0,1,HUMAN
255,255,255,0.0,0.0,1,HUMAN
255,255,255,0.0,0.0,1,HUMAN
255,255,255,0.0,0.0,1,HUMAN
255,255,255,0.0,0.0,1,HUMAN
255,255,255,0.0,0.0,1,HUMAN
255,255,255,0.0,0.0,1,HUMAN
255,255,255,0.0,0.0,1,HUMAN
255,255,255,0.0,0.0,1,HUMAN
255,255,255,0.0,0.0,2,HUMAN
255,255,255,0.0,0.0,2,HUMAN
255,255,255,0.0,0.0,2,HUMAN
255,255,255,0.0,0.0,2,HUMAN
255,255,255,0.0,0.0,2,HUMAN
255,255,255,0.0,0.0,2,HUMAN
255,255,255,0.0,0.0,2,HUMAN
255,255,255,0.0,0.0,2,HUMAN
255,255,255,0.0,0.0,2,HUMAN
255,255,255,0.0,0.0,2,HUMAN
255,255,255,0.0,0.0,2,HUMAN
255,255,255,0.0,0.0,2,HUMAN
255,255,255,0.0,0.0,2,HUMAN
255,255,255,0.0,0.0,2,HUMAN
255,255,255,0.0,0.0,2,HUMAN
255,255,255,0.0,0.0,2,HUMAN
255,255,255,0.0,0.0,2,HUMAN
255,255,255,0.0,0.0,2,HUMAN
255,255,255,0.0,0.0,2,HUMAN
255,255,255,0.0,0.0,2,HUMAN
255,255,255,0.0,0.0,2,HUMAN
255,255,255,0.0,0.0,2,HUMAN
255,255,255,0.0,0.0,2,HUMAN
255,255,255,0.0,0.0,2,HUMAN
255,255,255,0.0,0.0,2,HUMAN
255,255,255,0.0,0.0,2,HUMAN
255,255,255,0.0,0.0,2,HUMAN
255,255,255,0.0,0.0,1,HUMAN
255,255,255,0.0,0.0,1,HUMAN
255,255,255,0.0,0.0,1,HUMAN
255,255,255,0.0,0.0,1,HUMAN
255,255,255,0.0,0.0,1,HUMAN
255,255,255,0.0,0.0,1,HUMAN
255,255,255,0.0,0.0,1,HUMAN
255,255,255,0.0,0.0,1,HUMAN
255,255,255,0.0,0.0,1,HUMAN
255,255,255,0.0,0.0,1,HUMAN
255,255,255,0.0,0.0,1,HUMAN
255,255,255,0.0,0.0,1,HUMAN
255,255,255,0.0,0.0,1,HUMAN
255,255,255,0.0,0.0,1,HUMAN
255,255,255,0.0,0.0,1,HUMAN
255,255,255,0.0,0.0,1,HUMAN
255,255,255,0.0,0.0,1,HUMAN
255,255,255,0.0,0.0,1,HUMAN
255,255,255,0.0,0.0,1,HUMAN
255,255,255,0.0,0.0,1,HUMAN
255,255,255,0.0,0.0,1,HUMAN
255,255,255,0.0,0.0,1,HUMAN
255,255,255,0.0,0.0,1,HUMAN
255,255,255,0.0,0.0,1,HUMAN
255,255,255,0.0,0.0,1,HUMAN
255,255,255,0.0,0.0,1,HUMAN
255,255,255,0.0,0.0,1,HUMAN
255,255,255,0.0,0.0,1,HUMAN
255,255,255,0.0,0.0,1,HUMAN
255,255,255,0.0,0.0,1,HUMAN
255,255,255,0.0,0.0,1,HUMAN
255,255,255,0.0,0.0,1,HUMAN
255,255,255,0.0,0.0,1,HUMAN
255,255,255,0.0,0.0,1,HUMAN
255,255,255,0.0,0.0,1,HUMAN
255,255,255,0.0,0.0,1,HUMAN
255,255,255,0.0,0.0,1,HUMAN
255,255,255,0.0,0.0,1,HUMAN
255,255,255,0.0,0.0,1,HUMAN
255,255,255,0.0,0.0,1,HUMAN
255,255,255,0.0,0.0,1,HUMAN
255,255,255,0.0,0.0,1,HUMAN
255,255,255,0.0,0.0,1,HUMAN
255,255,255,0.0,0.0,1,HUMAN
255,255,255,0.0,0.0,1,HUMAN
255,255,255,0.0,0.0,1,HUMAN
255,255,255,0.0,0.0,1,HUMAN
255,255,255,0.0,0.0,1,HUMAN
255,255,255,0.0,0.0,1,HUMAN
255,255,255,0.0,0.0,1,HUMAN
255,255,255,0.0,0.0,1,HUMAN
255,255,255,0.0,0.0,1,HUMAN
255,255,255,0.0,0.0,1,HUMAN
255,255,255,0.0,0.0,1,HUMAN
255,255,255,0.0,0.0,1,HUMAN
255,255,255,0.0,0.0,1,HUMAN
255,255,255,0.0,0.0,1,HUMAN
255,255,255,0.0,0.0,1,HUMAN
255,255,255,0.0,0.0,1,HUMAN
255,255,255,0.0,0.0,1,HUMAN
255,255,255,0.0,0.0,1,HUMAN
255,255,255,0.0,0.0,1,HUMAN
255,255,255,0.0,0.0,1,HUMAN
255,255,255,0.0,0.0,1,HUMAN
255,255,255,0.0,0.0,1,HUMAN
255,255,255,0.0,0.0,1,HUMAN
255,255,255,0.0,0.0,1,HUMAN
255,255,255,0.0,0.0,1,HUMAN
255,255,255,0.0,0.0,1,HUMAN
255,255,255,0.0,0.0,1,HUMAN
255,255,255,0.0,0.0,1,HUMAN
255,255,255,0.0,0.0,1,HUMAN
255,255,255,0.0,0.0,1,HUMAN
255,255,255,0.0,0.0,1,HUMAN
255,255,255,0.0,0.0,2,HUMAN
255,255,255,0.0,0.0,2,HUMAN
255,255,255,0.0,0.0,2,HUMAN
255,255,255,0.0,0.0,2,HUMAN
255,255,255,0.0,0.0,2,HUMAN
255,255,255,0.0,0.0,2,HUMAN
255,255,255,0.0,0.0,2,HUMAN
255,255,255,0.0,0.0,2,HUMAN
255,255,255,0.0,0.0,2,HUMAN
255,255,255,0.0,0.0,2,HUMAN
255,255,255,0.0,0.0,2,HUMAN
255,255,255,0.0,0.0,2,HUMAN
255,255,255,0.0,0.0,2,HUMAN
255,255,255,0.0,0.0,2,HUMAN
255,255,255,0.0,0.0,1,HUMAN
255,255,255,0.0,0.0,1,HUMAN
255,255,255,0.0,0.0,1,HUMAN
255,255,255,0.0,0.0,1,HUMAN
255,255,255,0.0,0.0,1,HUMAN
255,255,255,0.0,0.0,1,HUMAN
255,255,255,0.0,0.0,1,HUMAN
255,255,255,0.0,0.0,1,HUMAN
255,255,255,0.0,0.0,1,HUMAN
255,255,255,0.0,0.0,1,HUMAN
255,255,255,0.0,0.0,1,HUMAN
255,255,255,0.0,0.0,1,HUMAN
255,255,255,0.0,0.0,1,HUMAN
255,255,255,0.0,0.0,1,HUMAN
255,255,255,0.0,0.0,1,HUMAN
255,255,255,0.0,0.0,1,HUMAN
255,255,255,0.0,0.0,1,HUMAN
255,255,255,0.0,0.0,1,HUMAN
255,255,255,0.0,0.0,1,HUMAN
255,255,255,0.0,0.0,1,HUMAN
255,255,255,0.0,0.0,1,HUMAN
255,255,255,0.0,0.0,1,HUMAN
255,255,255,0.0,0.0,1,HUMAN
255,255,255,0.0,0.0,1,HUMAN
255,255,255,0.0,0.0,1,HUMAN
255,255,255,0.0,0.0,1,HUMAN
255,255,255,0.0,0.0,1,HUMAN
255,255,255,0.0,0.0,1,HUMAN
255,255,255,0.0,0.0,1,HUMAN
255,255,255,0.0,0.0,1,HUMAN
255,255,255,0.0,0.0,1,HUMAN
255,255,255,0.0,0.0,1,HUMAN
255,255,255,0.0,0.0,1,HUMAN
255,255,255,0.0,0.0,1,HUMAN
255,255,255,0.0,0.0,1,HUMAN
255,255,255,0.0,0.0,1,HUMAN
255,255,255,0.0,0.0,1,HUMAN
255,255,255,0.0,0.0,1,HUMAN
255,255,255,0.0,0.0,1,HUMAN
255,255,255,0.0,0.0,1,HUMAN
255,255,255,0.0,0.0,2,HUMAN
255,255,255,0.0,0.0,2,HUMAN
255,255,255,0.0,0.0,2,HUMAN
255,255,255,0.0,0.0,2,HUMAN
255,255,255,0.0,0.0,2,HUMAN
255,255,255,0.0,0.0,2,HUMAN
255,255,255,0.0,0.0,2,HUMAN
255,255,255,0.0,0.0,2,HUMAN
255,255,255,0.0,0.0,2,HUMAN
255,255,255,0.0,0.0,2,HUMAN
255,255,255,0.0,0.0,2,HUMAN
255,255,255,0.0,0.0,2,HUMAN
255,255,255,0.0,0.0,2,HUMAN
255,255,255,0.0,0.0,2,HUMAN
255,255,255,0.0,0.0,2,HUMAN
255,255,255,0.0,0.0,2,HUMAN
255,255,255,0.0,0.0,2,HUMAN
255,255,255,0.0,0.0,3,HUMAN
255,255,255,0.0,0.0,3,HUMAN
255,255,255,0.0,0.0,3,HUMAN
255,255,255,0.0,0.0,3,HUMAN
255,255,255,0.0,0.0,3,HUMAN
255,255,255,0.0,0.0,3,HUMAN
255,255,255,0.0,0.0,3,HUMAN
255,255,255,0.0,0.0,3,HUMAN
255,255,255,0.0,0.0,3,HUMAN
255,255,255,0.0,0.0,3,HUMAN
255,255,255,0.0,0.0,3,HUMAN
255,255,255,0.0,0.0,3,HUMAN
255,255,255,0.0,0.0,3,HUMAN
255,255,255,0.0,0.0,3,HUMAN
255,255,255,0.0,0.0,3,HUMAN
255,255,255,0.0,0.0,3,HUMAN
255,255,255,0.0,0.0,3,HUMAN
255,255,255,0.0,0.0,3,HUMAN
255,255,255,0.0,0.0,3,HUMAN
255,255,255,0.0,0.0,3,HUMAN
255,255,255,0.0,0.0,3,HUMAN
255,255,255,0.0,0.0,3,HUMAN
255,255,255,0.0,0.0,3,HUMAN
255,255,255,0.0,0.0,3,HUMAN
255,255,255,0.0,0.0,3,HUMAN
255,255,255,0.0,0.0,3,HUMAN
255,255,255,0.0,0.0,3,HUMAN
255,255,255,0.0,0.0,3,HUMAN
255,255,255,0.0,0.0,3,HUMAN
255,255,255,0.0,0.0,3,HUMAN
255,255,255,0.0,0.0,3,HUMAN
255,255,255,0.0,0.0,3,HUMAN
255,255,255,0.0,0.0,3,HUMAN
255,255,255,0.0,0.0,3,HUMAN
255,255,255,0.0,0.0,3,HUMAN
255,255,255,0.0,0.0,3,HUMAN
255,255,255,0.0,0.0,3,HUMAN
255,255,255,0.0,0.0,3,HUMAN
255,255,255,0.0,0.0,3,HUMAN
255,255,255,0.0,0.0,3,HUMAN
255,255,255,0.0,0.0,3,HUMAN
255,255,255,0.0,0.0,3,HUMAN
255,255,255,0.0,0.0,3,HUMAN
255,255,255,0.0,0.0,3,HUMAN
255,255,255,0.0,0.0,3,HUMAN
255,255,255,0.0,0.0,3,HUMAN
255,255,255,0.0,0.0,3,HUMAN
255,255,255,0.0,0.0,3,HUMAN
255,255,255,0.0,0.0,3,HUMAN
255,255,255,0.0,0.0,3,HUMAN
255,255,255,0.0,0.0,3,HUMAN
255,255,255,0.0,0.0,3,HUMAN
255,255,255,0.0,0.0,3,HUMAN
255,255,255,0.0,0.0,3,HUMAN
255,255,255,0.0,0.0,3,HUMAN
255,255,255,0.0,0.0,3,HUMAN
255,255,255,0.0,0.0,3,HUMAN
255,255,255,0.0,0.0,3,HUMAN
255,255,255,0.0,0.0,3,HUMAN
255,255,255,0.0,0.0,3,HUMAN
255,255,255,0.0,0.0,3,HUMAN
255,255,255,0.0,0.0,3,HUMAN
255,255,255,0.0,0.0,3,HUMAN
255,255,255,0.0,0.0,3,HUMAN
255,255,255,0.0,0.0,3,HUMAN
255,255,255,0.0,0.0,3,HUMAN
255,255,255,0.0,0.0,4,HUMAN
255,255,255,0.0,0.0,4,HUMAN
255,255,255,0.0,0.0,4,HUMAN
255,255,255,0.0,0.0,4,HUMAN
255,255,255,0.0,0.0,4,HUMAN
255,255,255,0.0,0.0,4,HUMAN
255,255,255,0.0,0.0,4,HUMAN
255,255,255,0.0,0.0,4,HUMAN
255,255,255,0.0,0.0,4,HUMAN
255,255,255,0.0,0.0,4,HUMAN
255,255,255,0.0,0.0,4,HUMAN
255,255,255,0.0,0.0,1,HUMAN
255,255,255,0.0,0.0,1,HUMAN
255,255,255,0.0,0.0,1,HUMAN
255,255,255,0.0,0.0,1,HUMAN
255,255,255,0.0,0.0,1,HUMAN
255,255,255,0.0,0.0,1,HUMAN
255,255,255,0.0,0.0,1,HUMAN
255,255,255,0.0,0.0,3,HUMAN
255,255,255,0.0,0.0,3,HUMAN
255,255,255,0.0,0.0,3,HUMAN
255,255,255,0.0,0.0,3,HUMAN
255,255,255,0.0,0.0,3,HUMAN
255,255,255,0.0,0.0,3,HUMAN
255,255,255,0.0,0.0,3,HUMAN
255,255,255,0.0,0.0,3,HUMAN
255,255,255,0.0,0.0,3,HUMAN
255,255,255,0.0,0.0,3,HUMAN
255,255,255,0.0,0.0,3,HUMAN
255,255,255,0.0,0.0,3,HUMAN
255,255,255,0.0,0.0,3,HUMAN
255,255,255,0.0,0.0,3,HUMAN
255,255,255,0.0,0.0,4,HUMAN
255,255,255,0.0,0.0,4,HUMAN
255,255,255,0.0,0.0,4,HUMAN
255,255,255,0.0,0.0,4,HUMAN
255,255,255,0.0,0.0,4,HUMAN
255,255,255,0.0,0.0,4,HUMAN
255,255,255,0.0,0.0,4,HUMAN
255,255,255,0.0,0.0,4,HUMAN
255,255,255,0.0,0.0,4,HUMAN
255,255,255,0.0,0.0,4,HUMAN
255,255,255,0.0,0.0,4,HUMAN
255,255,255,0.0,0.0,4,HUMAN
255,255,255,0.0,0.0,4,HUMAN
255,255,255,0.0,0.0,4,HUMAN
255,255,255,0.0,0.0,4,HUMAN
255,255,255,0.0,0.0,4,HUMAN
255,255,255,0.0,0.0,4,HUMAN
255,255,255,0.0,0.0,4,HUMAN
255,255,255,0.0,0.0,4,HUMAN
255,255,255,0.0,0.0,4,HUMAN
255,255,255,0.0,0.0,4,HUMAN
255,255,255,0.0,0.0,4,HUMAN
255,255,255,0.0,0.0,4,HUMAN
255,255,255,0.0,0.0,4,HUMAN
255,255,255,0.0,0.0,4,HUMAN
255,255,255,0.0,0.0,4,HUMAN
255,255,255,0.0,0.0,4,HUMAN
255,255,255,0.0,0.0,4,HUMAN
255,255,255,0.0,0.0,4,HUMAN
255,255,255,0.0,0.0,4,HUMAN
255,255,255,0.0,0.0,4,HUMAN
255,255,255,0.0,0.0,4,HUMAN
255,255,255,0.0,0.0,4,HUMAN
255,255,255,0.0,0.0,4,HUMAN
255,255,255,0.0,0.0,4,HUMAN
255,255,255,0.0,0.0,4,HUMAN
255,255,255,0.0,0.0,4,HUMAN
255,255,255,0.0,0.0,4,HUMAN
255,255,255,0.0,0.0,4,HUMAN
255,255,255,0.0,0.0,4,HUMAN
255,255,255,0.0,0.0,4,HUMAN
255,255,255,0.0,0.0,4,HUMAN
255,255,255,0.0,0.0,4,HUMAN
255,255,255,0.0,0.0,4,HUMAN
255,255,255,0.0,0.0,3,HUMAN
255,255,255,0.0,0.0,3,HUMAN
255,255,255,0.0,0.0,3,HUMAN
255,255,255,0.0,0.0,3,HUMAN
255,255,255,0.0,0.0,3,HUMAN
255,255,255,0.0,0.0,3,HUMAN
255,255,255,0.0,0.0,3,HUMAN
255,255,255,0.0,0.0,3,HUMAN
255,255,255,0.0,0.0,3,HUMAN
255,255,255,0.0,0.0,3,HUMAN
255,255,255,0.0,0.0,3,HUMAN
255,255,255,0.0,0.0,3,HUMAN
255,255,255,0.0,0.0,3,HUMAN
255,255,255,0.0,0.0,3,HUMAN
255,255,255,0.0,0.0,3,HUMAN
255,255,255,0.0,0.0,3,HUMAN
255,255,255,0.0,0.0,3,HUMAN
255,255,255,0.0,0.0,3,HUMAN
255,255,255,0.0,0.0,1,HUMAN
255,255,255,0.0,0.0,1,HUMAN
255,255,255,0.0,0.0,1,HUMAN
255,255,255,0.0,0.0,1,HUMAN
255,255,255,0.0,0.0,1,HUMAN
255,255,255,0.0,0.0,1,HUMAN
255,255,255,0.0,0.0,1,HUMAN
255,255,255,0.0,0.0,1,HUMAN
255,255,255,0.0,0.0,1,HUMAN
255,255,255,0.0,0.0,1,HUMAN
255,255,255,0.0,0.0,1,HUMAN
255,255,255,0.0,0.0,1,HUMAN
255,255,255,0.0,0.0,1,HUMAN
255,255,255,0.0,0.0,1,HUMAN
255,255,255,0.0,0.0,1,HUMAN
255,255,255,0.0,0.0,1,HUMAN
255,255,255,0.0,0.0,1,HUMAN
255,255,255,0.0,0.0,1,HUMAN
255,255,255,0.0,0.0,1,HUMAN
255,255,255,0.0,0.0,1,HUMAN
255,255,255,0.0,0.0,1,HUMAN
255,255,255,0.0,0.0,1,HUMAN
255,255,255,0.0,0.0,1,HUMAN
255,255,255,0.0,0.0,1,HUMAN
255,255,255,0.0,0.0,1,HUMAN
255,255,255,0.0,0.0,1,HUMAN
255,255,255,0.0,0.0,1,HUMAN
255,255,255,0.0,0.0,1,HUMAN
255,255,255,0.0,0.0,1,HUMAN
255,255,255,0.0,0.0,1,HUMAN
255,255,255,0.0,0.0,1,HUMAN
255,255,255,0.0,0.0,1,HUMAN
255,255,255,0.0,0.0,1,HUMAN
255,255,255,0.0,0.0,1,HUMAN
255,255,255,0.0,0.0,1,HUMAN
255,255,255,0.0,0.0,1,HUMAN
255,255,255,0.0,0.0,1,HUMAN
255,255,255,0.0,0.0,1,HUMAN
59,105,236,0.0,0.0,1,HUMAN
59,105,239,0.0,30.0,1,HUMAN
64,105,239,0.0,30.0,1,HUMAN
64,105,239,0.0,30.0,1,HUMAN
53,105,236,0.0,30.0,1,HUMAN
53,106,236,0.0,120.0,1,HUMAN
53,106,236,0.0,90.0,1,HUMAN
20,106,236,0.0,30.0,2,RULE
20,106,236,0.0,30.0,2,RULE
20,106,236,0.0,30.0,2,RULE
20,106,236,0.0,30.0,2,RULE
20,106,236,0.0,30.0,2,RULE
20,76,236,0.0,390.0,2,RULE
50,106,236,0.0,0.0,1,HUMAN
66,106,235,0.0,0.0,1,HUMAN
66,105,235,0.0,30.0,1,HUMAN
66,105,236,0.0,150.0,1,HUMAN
70,105,236,0.0,30.0,1,HUMAN
70,105,93,0.0,30.0,1,HUMAN
56,105,93,0.0,30.0,1,HUMAN
56,76,235,0.0,30.0,1,HUMAN
62,76,235,0.0,30.0,1,HUMAN
62,75,235,0.0,30.0,1,HUMAN
26,75,92,0.0,30.0,1,HUMAN
26,105,92,0.0,0.0,1,HUMAN
26,105,90,0.0,0.0,1,HUMAN
13,105,90,0.0,180.0,2,RULE
13,105,90,0.0,180.0,2,RULE
13,105,90,0.0,180.0,2,RULE
13,105,90,0.0,180.0,2,RULE
13,105,90,0.0,180.0,2,RULE
13,76,90,0.0,0.0,2,RULE
43,76,240,0.0,0.0,2,RULE
43,106,235,0.0,0.0,2,RULE
14,106,235,0.0,60.0,2,RULE
55,105,91,0.0,0.0,1,HUMAN
55,105,90,0.0,30.0,1,HUMAN
55,105,90,0.0,90.0,1,HUMAN
55,77,90,0.0,90.0,1,HUMAN
58,77,91,0.0,30.0,1,HUMAN
58,77,91,0.0,30.0,1,HUMAN
58,77,92,0.0,120.0,1,HUMAN
22,77,92,0.0,30.0,2,RULE
22,77,92,0.0,30.0,2,RULE
22,77,92,0.0,30.0,2,RULE
22,77,92,0.0,30.0,2,RULE
22,77,92,0.0,30.0,2,RULE
22,106,92,0.0,300.0,2,RULE
22,106,235,30.0,0.0,2,RULE
5,105,235,0.0,0.0,2,RULE
5,105,236,0.0,60.0,2,RULE
6,105,236,0.0,30.0,2,RULE
6,106,236,0.0,0.0,2,RULE
7,106,236,0.0,0.0,2,RULE
7,106,236,0.0,30.0,2,RULE
8,106,236,0.0,60.0,2,RULE
8,75,236,0.0,30.0,2,RULE
8,75,235,0.0,0.0,2,RULE
7,76,235,0.0,30.0,2,RULE
7,76,235,0.0,0.0,2,RULE
7,76,235,0.0,150.0,2,RULE
7,76,235,0.0,0.0,2,RULE
7,76,235,0.0,0.0,2,RULE
7,75,235,0.0,0.0,2,RULE
7,75,236,0.0,30.0,2,RULE
20,76,236,0.0,0.0,4,RULE
20,76,236,0.0,60.0,4,RULE
45,76,236,0.0,90.0,4,RULE
36,105,235,0.0,0.0,2,HUMAN
46,105,235,0.0,30.0,2,HUMAN
46,105,235,0.0,0.0,2,HUMAN
38,105,237,0.0,30.0,2,HUMAN
38,76,237,0.0,60.0,2,HUMAN
38,76,235,0.0,0.0,2,HUMAN
45,77,235,0.0,30.0,2,HUMAN
45,77,234,0.0,60.0,2,HUMAN
40,77,234,0.0,0.0,2,HUMAN
40,76,236,0.0,30.0,2,HUMAN
42,76,236,0.0,60.0,2,HUMAN
42,76,236,0.0,30.0,2,HUMAN
40,76,234,0.0,0.0,3,HUMAN
40,75,234,0.0,0.0,3,HUMAN
39,75,235,0.0,0.0,3,HUMAN
39,75,235,0.0,30.0,3,HUMAN
39,75,234,0.0,60.0,3,HUMAN
39,76,234,0.0,0.0,3,HUMAN
39,76,235,0.0,30.0,3,HUMAN
41,76,235,0.0,30.0,3,HUMAN
41,75,235,0.0,60.0,3,HUMAN
41,75,235,0.0,30.0,3,HUMAN
39,76,235,0.0,0.0,4,HUMAN
40,76,235,0.0,0.0,4,HUMAN
40,31,235,0.0,30.0,4,HUMAN
40,8,234,0.0,90.0,4,HUMAN
41,75,234,0.0,30.0,4,HUMAN
41,75,235,0.0,0.0,4,HUMAN
42,75,235,0.0,30.0,4,HUMAN
32,76,235,0.0,0.0,1,HUMAN
32,76,234,0.0,0.0,1,HUMAN
32,76,234,0.0,0.0,1,HUMAN
32,75,235,0.0,60.0,1,HUMAN
32,75,235,0.0,0.0,1,HUMAN
32,75,235,0.0,60.0,1,HUMAN
32,75,235,0.0,0.0,1,HUMAN
35,75,235,0.0,60.0,1,HUMAN
35,75,234,0.0,30.0,1,HUMAN
32,75,234,0.0,0.0,1,HUMAN
32,76,235,0.0,0.0,1,HUMAN
33,76,235,0.0,0.0,1,HUMAN
33,75,235,0.0,120.0,1,HUMAN
37,75,234,0.0,0.0,1,HUMAN
37,105,234,0.0,60.0,1,HUMAN
37,105,235,0.0,0.0,1,HUMAN
34,76,235,0.0,60.0,1,HUMAN
34,76,235,0.0,60.0,1,HUMAN
32,76,235,0.0,0.0,1,HUMAN
32,76,235,0.0,0.0,1,HUMAN
32,76,236,0.0,0.0,4,HUMAN
33,76,234,0.0,0.0,4,HUMAN
33,76,234,0.0,30.0,4,HUMAN
33,76,235,0.0,30.0,4,HUMAN
33,75,235,0.0,30.0,4,HUMAN
33,75,235,0.0,30.0,4,HUMAN
32,75,235,0.0,30.0,4,HUMAN
32,76,234,0.0,30.0,4,HUMAN
32,76,234,0.0,90.0,4,HUMAN
32,75,234,0.0,30.0,4,HUMAN
43,75,236,0.0,30.0,4,HUMAN
43,75,236,0.0,120.0,4,HUMAN
43,75,235,0.0,30.0,4,HUMAN
32,76,234,0.0,0.0,2,HUMAN
33,76,234,0.0,0.0,2,HUMAN
33,76,235,0.0,0.0,2,HUMAN
37,76,235,0.0,0.0,2,HUMAN
37,105,235,0.0,30.0,2,HUMAN
37,105,235,0.0,30.0,2,HUMAN
37,75,235,0.0,0.0,2,HUMAN
37,75,235,0.0,30.0,2,HUMAN
34,75,235,0.0,60.0,2,HUMAN
34,75,235,0.0,0.0,2,HUMAN
32,75,235,0.0,0.0,2,HUMAN
32,75,235,0.0,30.0,2,HUMAN
255,34,53,0.0,0.0,1,HUMAN
255,34,53,0.0,0.0,1,HUMAN
255,88,53,0.0,0.0,1,HUMAN
255,88,53,0.0,0.0,1,HUMAN
255,88,53,0.0,0.0,1,HUMAN
255,46,48,0.0,900.0,1,HUMAN
181,46,48,0.0,120.0,1,HUMAN
181,61,48,0.0,0.0,1,HUMAN
163,61,42,0.0,330.0,1,HUMAN
163,72,42,0.0,330.0,1,HUMAN
163,72,38,0.0,240.0,1,HUMAN
146,72,38,0.0,330.0,1,HUMAN
146,88,31,0.0,300.0,1,HUMAN
74,88,31,0.0,720.0,1,HUMAN
74,104,31,0.0,90.0,1,HUMAN
112,104,33,120.0,360.0,1,HUMAN
112,122,33,0.0,570.0,1,HUMAN
112,122,33,0.0,570.0,1,HUMAN
112,122,33,0.0,570.0,1,HUMAN
112,122,33,0.0,570.0,1,HUMAN
112,122,33,0.0,570.0,1,HUMAN
112,122,33,0.0,570.0,1,HUMAN
3,5,3,0.0,0.0,1,HUMAN
83,255,3,390.0,0.0,1,HUMAN
79,255,20,0.0,0.0,1,HUMAN
79,255,20,0.0,210.0,1,HUMAN
79,255,20,0.0,210.0,1,HUMAN
79,255,20,0.0,210.0,1,HUMAN
79,255,20,0.0,210.0,1,HUMAN
79,255,20,0.0,210.0,1,HUMAN
79,255,20,0.0,210.0,1,HUMAN
79,255,20,0.0,210.0,1,HUMAN
79,255,20,0.0,210.0,1,HUMAN
79,255,20,0.0,210.0,1,HUMAN
79,255,20,0.0,210.0,1,HUMAN
79,255,20,0.0,210.0,1,HUMAN
79,255,20,0.0,210.0,1,HUMAN
79,255,20,0.0,210.0,1,HUMAN
79,255,20,0.0,210.0,1,HUMAN
79,255,20,0.0,210.0,1,HUMAN
79,255,20,0.0,210.0,1,HUMAN
79,255,20,0.0,210.0,1,HUMAN
79,255,20,0.0,210.0,1,HUMAN
79,255,20,0.0,210.0,1,HUMAN
79,255,20,0.0,210.0,1,HUMAN
79,255,20,0.0,210.0,1,HUMAN
79,255,20,0.0,210.0,1,HUMAN
79,255,20,0.0,210.0,1,HUMAN
79,255,20,0.0,210.0,1,HUMAN
79,255,20,0.0,210.0,1,HUMAN
79,255,20,0.0,210.0,1,HUMAN
79,255,20,0.0,210.0,1,HUMAN
79,255,20,0.0,210.0,1,HUMAN
79,255,20,0.0,210.0,1,HUMAN
79,255,20,0.0,210.0,1,HUMAN
79,255,20,0.0,210.0,1,HUMAN
79,255,20,0.0,210.0,1,HUMAN
79,255,20,0.0,210.0,1,HUMAN
79,255,20,0.0,210.0,1,HUMAN
79,255,20,0.0,210.0,1,HUMAN
79,255,20,0.0,210.0,1,HUMAN
79,255,20,0.0,210.0,2,HUMAN
79,255,20,0.0,210.0,2,HUMAN
79,255,20,0.0,210.0,2,HUMAN
79,255,20,0.0,210.0,2,HUMAN
79,255,20,0.0,210.0,2,HUMAN
79,255,20,0.0,210.0,2,HUMAN
79,255,20,0.0,210.0,2,HUMAN
79,255,20,0.0,210.0,2,HUMAN
79,255,20,0.0,210.0,2,HUMAN
79,255,20,0.0,210.0,2,HUMAN
79,255,20,0.0,210.0,2,HUMAN
79,255,20,0.0,210.0,2,HUMAN
79,255,20,0.0,210.0,2,HUMAN
79,255,20,0.0,210.0,2,HUMAN
79,255,20,0.0,210.0,2,HUMAN
79,255,20,0.0,210.0,2,HUMAN
79,255,20,0.0,210.0,2,HUMAN
79,255,20,0.0,210.0,2,HUMAN
79,255,20,0.0,210.0,2,HUMAN
79,255,20,0.0,210.0,2,HUMAN
79,255,20,0.0,210.0,2,HUMAN
79,255,20,0.0,210.0,2,HUMAN
79,255,20,0.0,210.0,2,HUMAN
79,255,20,0.0,210.0,2,HUMAN
79,255,20,0.0,210.0,2,HUMAN
79,255,20,0.0,210.0,2,HUMAN
79,255,20,0.0,210.0,2,HUMAN
79,255,20,0.0,210.0,2,HUMAN
79,255,20,0.0,210.0,2,HUMAN
79,255,20,0.0,210.0,2,HUMAN
79,255,20,0.0,210.0,2,HUMAN
79,255,20,0.0,210.0,2,HUMAN
79,255,20,0.0,210.0,2,HUMAN
79,255,20,0.0,210.0,2,HUMAN
79,255,20,0.0,210.0,2,HUMAN
79,255,20,0.0,210.0,2,HUMAN
79,255,20,0.0,210.0,2,HUMAN
79,255,20,0.0,210.0,2,HUMAN
79,255,20,0.0,210.0,2,HUMAN
79,255,20,0.0,210.0,2,HUMAN
79,255,20,0.0,210.0,2,HUMAN
79,255,20,0.0,210.0,2,HUMAN
79,255,20,0.0,210.0,2,HUMAN
79,255,20,0.0,210.0,2,HUMAN
79,255,20,0.0,210.0,2,HUMAN
79,255,20,0.0,210.0,2,HUMAN
79,255,20,0.0,210.0,2,HUMAN
79,255,20,0.0,210.0,2,HUMAN
79,255,20,0.0,210.0,2,HUMAN
79,255,20,0.0,210.0,2,HUMAN
79,255,20,0.0,210.0,2,HUMAN
79,255,20,0.0,210.0,2,HUMAN
79,255,20,0.0,210.0,2,HUMAN
79,255,20,0.0,210.0,2,HUMAN
79,255,20,0.0,210.0,2,HUMAN
79,255,20,0.0,210.0,2,HUMAN
79,255,20,0.0,210.0,2,HUMAN
79,255,20,0.0,210.0,2,HUMAN
79,255,20,0.0,210.0,2,HUMAN
79,255,20,0.0,210.0,2,HUMAN
79,255,20,0.0,210.0,2,HUMAN
79,255,20,0.0,210.0,2,HUMAN
79,255,20,0.0,210.0,2,HUMAN
79,255,20,0.0,210.0,2,HUMAN
79,255,20,0.0,210.0,2,HUMAN
79,255,20,0.0,210.0,2,HUMAN
79,255,20,0.0,210.0,2,HUMAN
79,255,20,0.0,210.0,2,HUMAN
79,255,20,0.0,210.0,2,HUMAN
79,255,20,0.0,210.0,2,HUMAN
79,255,20,0.0,210.0,2,HUMAN
79,255,20,0.0,210.0,2,HUMAN
79,255,20,0.0,210.0,2,HUMAN
79,255,20,0.0,210.0,2,HUMAN
79,255,20,0.0,210.0,2,HUMAN
79,255,20,0.0,210.0,2,HUMAN
79,255,20,0.0,210.0,2,HUMAN
79,255,20,0.0,210.0,2,HUMAN
79,255,20,0.0,210.0,2,HUMAN
79,255,20,0.0,210.0,2,HUMAN
79,255,20,0.0,210.0,2,HUMAN
79,255,20,0.0,210.0,2,HUMAN
79,255,20,0.0,210.0,2,HUMAN
79,255,20,0.0,210.0,2,HUMAN
79,255,20,0.0,210.0,2,HUMAN
79,255,20,0.0,210.0,2,HUMAN
79,255,20,0.0,210.0,2,HUMAN
79,255,20,0.0,210.0,2,HUMAN
79,255,20,0.0,210.0,2,HUMAN
79,255,20,0.0,210.0,2,HUMAN
79,255,20,0.0,210.0,2,HUMAN
79,255,20,0.0,210.0,2,HUMAN
79,255,20,0.0,210.0,2,HUMAN
79,255,20,0.0,210.0,2,HUMAN
79,255,20,0.0,210.0,2,HUMAN
79,255,20,0.0,210.0,2,HUMAN
79,255,20,0.0,210.0,2,HUMAN
79,255,20,0.0,210.0,2,HUMAN
79,255,20,0.0,210.0,2,HUMAN
79,255,20,0.0,210.0,2,HUMAN
79,255,20,0.0,210.0,2,HUMAN
79,255,20,0.0,210.0,2,HUMAN
79,255,20,0.0,210.0,2,HUMAN
79,255,20,0.0,210.0,2,HUMAN
79,255,20,0.0,210.0,2,HUMAN
79,255,20,0.0,210.0,2,HUMAN
79,255,20,0.0,210.0,2,HUMAN
79,255,20,0.0,210.0,2,HUMAN
79,255,20,0.0,210.0,2,HUMAN
79,255,20,0.0,210.0,2,HUMAN
79,255,20,0.0,210.0,2,HUMAN
79,255,20,0.0,210.0,2,HUMAN
79,255,20,0.0,210.0,2,HUMAN
79,255,20,0.0,210.0,2,HUMAN
79,255,20,0.0,210.0,2,HUMAN
79,255,20,0.0,210.0,2,HUMAN
79,255,20,0.0,210.0,2,HUMAN
79,255,20,0.0,210.0,2,HUMAN
79,255,20,0.0,210.0,2,HUMAN
79,255,20,0.0,210.0,2,HUMAN
79,255,20,0.0,210.0,2,HUMAN
79,255,20,0.0,210.0,2,HUMAN
79,255,20,0.0,210.0,2,HUMAN
79,255,20,0.0,210.0,2,HUMAN
79,255,20,0.0,210.0,2,HUMAN
79,255,20,0.0,210.0,2,HUMAN
79,255,20,0.0,210.0,2,HUMAN
79,255,20,0.0,210.0,2,HUMAN
79,255,20,0.0,210.0,2,HUMAN
79,255,20,0.0,210.0,2,HUMAN
79,255,20,0.0,210.0,2,HUMAN
79,255,20,0.0,210.0,2,HUMAN
79,255,20,0.0,210.0,2,HUMAN
79,255,20,0.0,210.0,2,HUMAN
79,255,20,0.0,210.0,2,HUMAN
79,255,20,0.0,210.0,2,HUMAN
79,255,20,0.0,210.0,2,HUMAN
79,255,20,0.0,210.0,2,HUMAN
79,255,20,0.0,210.0,2,HUMAN
79,255,20,0.0,210.0,2,HUMAN
79,255,20,0.0,210.0,2,HUMAN
79,255,20,0.0,210.0,2,HUMAN
79,255,20,0.0,210.0,2,HUMAN
79,255,20,0.0,210.0,2,HUMAN
79,255,20,0.0,210.0,2,HUMAN
79,255,20,0.0,210.0,2,HUMAN
79,255,20,0.0,210.0,2,HUMAN
79,255,20,0.0,210.0,2,HUMAN
79,255,20,0.0,210.0,2,HUMAN
79,255,20,0.0,210.0,2,HUMAN
79,255,20,0.0,210.0,2,HUMAN
79,255,20,0.0,210.0,2,HUMAN
79,255,20,0.0,210.0,2,HUMAN
79,255,20,0.0,210.0,2,HUMAN
79,255,20,0.0,210.0,2,HUMAN
79,255,20,0.0,210.0,2,HUMAN
79,255,20,0.0,210.0,2,HUMAN
79,255,20,0.0,210.0,2,HUMAN
79,255,20,0.0,210.0,2,HUMAN
79,255,20,0.0,210.0,2,HUMAN
79,255,20,0.0,210.0,2,HUMAN
79,255,20,0.0,210.0,2,HUMAN
79,255,20,0.0,210.0,2,HUMAN
79,255,20,0.0,210.0,2,HUMAN
79,255,20,0.0,210.0,2,HUMAN
79,255,20,0.0,210.0,2,HUMAN
79,255,20,0.0,210.0,2,HUMAN
79,255,20,0.0,210.0,2,HUMAN
79,255,20,0.0,210.0,2,HUMAN
79,255,20,0.0,210.0,2,HUMAN
79,255,20,0.0,210.0,2,HUMAN
79,255,20,0.0,210.0,2,HUMAN
79,255,20,0.0,210.0,2,HUMAN
79,255,20,0.0,210.0,2,HUMAN
79,255,20,0.0,210.0,2,HUMAN
79,255,20,0.0,210.0,2,HUMAN
79,255,20,0.0,210.0,2,HUMAN
79,255,20,0.0,210.0,2,HUMAN
79,255,20,0.0,210.0,2,HUMAN
79,255,20,0.0,210.0,2,HUMAN
79,255,20,0.0,210.0,2,HUMAN
79,255,20,0.0,210.0,2,HUMAN
79,255,20,0.0,210.0,2,HUMAN
79,255,20,0.0,210.0,2,HUMAN
79,255,20,0.0,210.0,2,HUMAN
79,255,20,0.0,210.0,2,HUMAN
79,255,20,0.0,210.0,2,HUMAN
79,255,20,0.0,210.0,2,HUMAN
79,255,20,0.0,210.0,2,HUMAN
79,255,20,0.0,210.0,2,HUMAN
79,255,20,0.0,210.0,2,HUMAN
79,255,20,0.0,210.0,3,HUMAN
79,255,20,0.0,210.0,3,HUMAN
79,255,20,0.0,210.0,3,HUMAN
79,255,20,0.0,210.0,3,HUMAN
79,255,20,0.0,210.0,3,HUMAN
79,255,20,0.0,210.0,3,HUMAN
79,255,20,0.0,210.0,3,HUMAN
79,255,20,0.0,210.0,3,HUMAN
79,255,20,0.0,210.0,3,HUMAN
79,255,20,0.0,210.0,3,HUMAN
79,255,20,0.0,210.0,3,HUMAN
79,255,20,0.0,210.0,3,HUMAN
79,255,20,0.0,210.0,3,HUMAN
79,255,20,0.0,210.0,3,HUMAN
79,255,20,0.0,210.0,1,HUMAN
79,255,20,0.0,210.0,1,HUMAN
79,255,20,0.0,210.0,1,HUMAN
79,255,20,0.0,210.0,1,HUMAN
79,255,20,0.0,210.0,1,HUMAN
79,255,20,0.0,210.0,1,HUMAN
79,255,20,0.0,210.0,1,HUMAN
79,255,20,0.0,210.0,1,HUMAN
79,255,20,0.0,210.0,1,HUMAN
79,255,20,0.0,210.0,1,HUMAN
79,255,20,0.0,210.0,1,HUMAN
79,255,20,0.0,210.0,1,HUMAN
79,255,20,0.0,210.0,1,HUMAN
79,255,20,0.0,210.0,1,HUMAN
79,255,20,0.0,210.0,1,HUMAN
79,255,20,0.0,210.0,1,HUMAN
79,255,20,0.0,210.0,1,HUMAN
79,255,20,0.0,210.0,1,HUMAN
79,255,20,0.0,210.0,1,HUMAN
79,255,20,0.0,210.0,1,HUMAN
79,255,20,0.0,210.0,1,HUMAN
79,255,20,0.0,210.0,1,HUMAN
79,255,20,0.0,210.0,1,HUMAN
79,255,20,0.0,210.0,1,HUMAN
79,255,20,0.0,210.0,1,HUMAN
79,255,20,0.0,210.0,1,HUMAN
79,255,20,0.0,210.0,1,HUMAN
79,255,20,0.0,210.0,1,HUMAN
79,255,20,0.0,210.0,1,HUMAN
79,255,20,0.0,210.0,1,HUMAN
79,255,20,0.0,210.0,1,HUMAN
79,255,20,0.0,210.0,1,HUMAN
79,255,20,0.0,210.0,1,HUMAN
79,255,20,0.0,210.0,1,HUMAN
79,255,20,0.0,210.0,1,HUMAN
79,255,20,0.0,210.0,1,HUMAN
79,255,20,0.0,210.0,1,HUMAN
79,255,20,0.0,210.0,1,HUMAN
79,255,20,0.0,210.0,1,HUMAN
79,255,20,0.0,210.0,1,HUMAN
79,255,20,0.0,210.0,1,HUMAN
79,255,20,0.0,210.0,1,HUMAN
79,255,20,0.0,210.0,1,HUMAN
79,255,20,0.0,210.0,1,HUMAN
79,255,20,0.0,210.0,1,HUMAN
79,255,20,0.0,210.0,1,HUMAN
79,255,20,0.0,210.0,1,HUMAN
79,255,20,0.0,210.0,1,HUMAN
79,255,20,0.0,210.0,1,HUMAN
79,255,20,0.0,210.0,1,HUMAN
79,255,20,0.0,210.0,1,HUMAN
79,255,20,0.0,210.0,1,HUMAN
79,255,20,0.0,210.0,1,HUMAN
79,255,20,0.0,210.0,1,HUMAN
79,255,20,0.0,210.0,1,HUMAN
79,255,20,0.0,210.0,1,HUMAN
79,255,20,0.0,210.0,1,HUMAN
79,255,20,0.0,210.0,1,HUMAN
79,255,20,0.0,210.0,1,HUMAN
79,255,20,0.0,210.0,1,HUMAN
79,255,20,0.0,210.0,1,HUMAN
79,255,20,0.0,210.0,1,HUMAN
79,255,20,0.0,210.0,1,HUMAN
79,255,20,0.0,210.0,1,HUMAN
79,255,20,0.0,210.0,1,HUMAN
79,255,20,0.0,210.0,1,HUMAN
79,255,20,0.0,210.0,1,HUMAN
79,255,20,0.0,210.0,1,HUMAN
79,255,20,0.0,210.0,1,HUMAN
79,255,20,0.0,210.0,1,HUMAN
79,255,20,0.0,210.0,1,HUMAN
79,255,20,0.0,210.0,1,HUMAN
79,255,20,0.0,210.0,1,HUMAN
79,255,20,0.0,210.0,1,HUMAN
79,255,20,0.0,210.0,1,HUMAN
79,255,20,0.0,210.0,1,HUMAN
79,255,20,0.0,210.0,1,HUMAN
79,255,20,0.0,210.0,1,HUMAN
79,255,20,0.0,210.0,1,HUMAN
79,255,20,0.0,210.0,1,HUMAN
79,255,20,0.0,210.0,1,HUMAN
79,255,20,0.0,210.0,1,HUMAN
79,255,20,0.0,210.0,1,HUMAN
79,255,20,0.0,210.0,1,HUMAN
79,255,20,0.0,210.0,1,HUMAN
79,255,20,0.0,210.0,1,HUMAN
79,255,20,0.0,210.0,1,HUMAN
79,255,20,0.0,210.0,1,HUMAN
79,255,20,0.0,210.0,1,HUMAN
79,255,20,0.0,210.0,1,HUMAN
79,255,20,0.0,210.0,1,HUMAN
79,255,20,0.0,210.0,1,HUMAN
79,255,20,0.0,210.0,1,HUMAN
79,255,20,0.0,210.0,1,HUMAN
79,255,20,0.0,210.0,1,HUMAN
79,255,20,0.0,210.0,1,HUMAN
79,255,20,0.0,210.0,1,HUMAN
79,255,20,0.0,210.0,1,HUMAN
79,255,20,0.0,210.0,1,HUMAN
79,255,20,0.0,210.0,1,HUMAN
79,255,20,0.0,210.0,1,HUMAN
79,255,20,0.0,210.0,1,HUMAN
79,255,20,0.0,210.0,1,HUMAN
79,255,20,0.0,210.0,1,HUMAN
79,255,20,0.0,210.0,1,HUMAN
79,255,20,0.0,210.0,1,HUMAN
79,255,20,0.0,210.0,1,HUMAN
79,255,20,0.0,210.0,1,HUMAN
79,255,20,0.0,210.0,1,HUMAN
79,255,20,0.0,210.0,1,HUMAN
79,255,20,0.0,210.0,1,HUMAN
79,255,20,0.0,210.0,1,HUMAN
79,255,20,0.0,210.0,1,HUMAN
79,255,20,0.0,210.0,1,HUMAN
79,255,20,0.0,210.0,1,HUMAN
79,255,20,0.0,210.0,1,HUMAN
79,255,20,0.0,210.0,1,HUMAN
79,255,20,0.0,210.0,1,HUMAN
79,255,20,0.0,210.0,1,HUMAN
79,255,20,0.0,210.0,1,HUMAN
79,255,20,0.0,210.0,1,HUMAN
79,255,20,0.0,210.0,1,HUMAN
79,255,20,0.0,210.0,1,HUMAN
79,255,20,0.0,210.0,1,HUMAN
79,255,20,0.0,210.0,1,HUMAN
79,255,20,0.0,210.0,1,HUMAN
79,255,20,0.0,210.0,1,HUMAN
79,255,20,0.0,210.0,1,HUMAN
79,255,20,0.0,210.0,1,HUMAN
79,255,20,0.0,210.0,1,HUMAN
79,255,20,0.0,210.0,1,HUMAN
79,255,20,0.0,210.0,1,HUMAN
79,255,20,0.0,210.0,1,HUMAN
79,255,20,0.0,210.0,1,HUMAN
79,255,20,0.0,210.0,1,HUMAN
79,255,20,0.0,210.0,1,HUMAN
79,255,20,0.0,210.0,1,HUMAN
79,255,20,0.0,210.0,1,HUMAN
79,255,20,0.0,210.0,1,HUMAN
79,255,20,0.0,210.0,1,HUMAN
79,255,20,0.0,210.0,1,HUMAN
79,255,20,0.0,210.0,1,HUMAN
79,255,20,0.0,210.0,1,HUMAN
79,255,20,0.0,210.0,1,HUMAN
79,255,20,0.0,210.0,1,HUMAN
79,255,20,0.0,210.0,1,HUMAN
79,255,20,0.0,210.0,1,HUMAN
79,255,20,0.0,210.0,1,HUMAN
79,255,20,0.0,210.0,1,HUMAN
79,255,20,0.0,210.0,1,HUMAN
79,255,20,0.0,210.0,1,HUMAN
79,255,20,0.0,210.0,1,HUMAN
79,255,20,0.0,210.0,1,HUMAN
79,255,20,0.0,210.0,1,HUMAN
79,255,20,0.0,210.0,1,HUMAN
79,255,20,0.0,210.0,1,HUMAN
79,255,20,0.0,210.0,1,HUMAN
79,255,20,0.0,210.0,1,HUMAN
79,255,20,0.0,210.0,1,HUMAN
79,255,20,0.0,210.0,1,HUMAN
79,255,20,0.0,210.0,1,HUMAN
79,255,20,0.0,210.0,1,HUMAN
79,255,20,0.0,210.0,1,HUMAN
79,255,20,0.0,210.0,1,HUMAN
79,255,20,0.0,210.0,1,HUMAN
79,255,20,0.0,210.0,1,HUMAN
79,255,20,0.0,210.0,1,HUMAN
79,255,20,0.0,210.0,1,HUMAN
79,255,20,0.0,210.0,1,HUMAN
79,255,20,0.0,210.0,1,HUMAN
79,255,20,0.0,210.0,1,HUMAN
79,255,20,0.0,210.0,1,HUMAN
79,255,20,0.0,210.0,1,HUMAN
79,255,20,0.0,210.0,1,HUMAN
79,255,20,0.0,210.0,1,HUMAN
79,255,20,0.0,210.0,1,HUMAN
79,255,20,0.0,210.0,1,HUMAN
79,255,20,0.0,210.0,2,HUMAN
79,255,20,0.0,210.0,2,HUMAN
79,255,20,0.0,210.0,2,HUMAN
79,255,20,0.0,210.0,2,HUMAN
79,255,20,0.0,210.0,2,HUMAN
79,255,20,0.0,210.0,2,HUMAN
79,255,20,0.0,210.0,2,HUMAN
79,255,20,0.0,210.0,2,HUMAN
79,255,20,0.0,210.0,2,HUMAN
79,255,20,0.0,210.0,2,HUMAN
79,255,20,0.0,210.0,2,HUMAN
79,255,20,0.0,210.0,2,HUMAN
79,255,20,0.0,210.0,2,HUMAN
79,255,20,0.0,210.0,2,HUMAN
79,255,20,0.0,210.0,2,HUMAN
79,255,20,0.0,210.0,2,HUMAN
79,255,20,0.0,210.0,2,HUMAN
79,255,20,0.0,210.0,2,HUMAN
79,255,20,0.0,210.0,2,HUMAN
79,255,20,0.0,210.0,2,HUMAN
79,255,20,0.0,210.0,2,HUMAN
79,255,20,0.0,210.0,2,HUMAN
79,255,20,0.0,210.0,2,HUMAN
79,255,20,0.0,210.0,2,HUMAN
79,255,20,0.0,210.0,2,HUMAN
79,255,20,0.0,210.0,2,HUMAN
79,255,20,0.0,210.0,2,HUMAN
79,255,20,0.0,210.0,2,HUMAN
79,255,20,0.0,210.0,2,HUMAN
79,255,20,0.0,210.0,2,HUMAN
79,255,20,0.0,210.0,2,HUMAN
79,255,20,0.0,210.0,2,HUMAN
79,255,20,0.0,210.0,2,HUMAN
79,255,20,0.0,210.0,2,HUMAN
79,255,20,0.0,210.0,2,HUMAN
79,255,20,0.0,210.0,2,HUMAN
79,255,20,0.0,210.0,2,HUMAN
79,255,20,0.0,210.0,2,HUMAN
79,255,20,0.0,210.0,2,HUMAN
79,255,20,0.0,210.0,2,HUMAN
79,255,20,0.0,210.0,2,HUMAN
79,255,20,0.0,210.0,2,HUMAN
79,255,20,0.0,210.0,2,HUMAN
79,255,20,0.0,210.0,2,HUMAN
79,255,20,0.0,210.0,2,HUMAN
79,255,20,0.0,210.0,2,HUMAN
79,255,20,0.0,210.0,2,HUMAN
79,255,20,0.0,210.0,2,HUMAN
79,255,20,0.0,210.0,2,HUMAN
79,255,20,0.0,210.0,2,HUMAN
79,255,20,0.0,210.0,2,HUMAN
79,255,20,0.0,210.0,1,HUMAN
79,255,20,0.0,210.0,1,HUMAN
79,255,20,0.0,210.0,1,HUMAN
79,255,20,0.0,210.0,1,HUMAN
79,255,20,0.0,210.0,1,HUMAN
79,255,20,0.0,210.0,1,HUMAN
79,255,20,0.0,210.0,1,HUMAN
79,255,20,0.0,210.0,1,HUMAN
79,255,20,0.0,210.0,1,HUMAN
79,255,20,0.0,210.0,1,HUMAN
79,255,20,0.0,210.0,1,HUMAN
79,255,20,0.0,210.0,1,HUMAN
79,255,20,0.0,210.0,1,HUMAN
79,255,20,0.0,210.0,1,HUMAN
79,255,20,0.0,210.0,1,HUMAN
79,255,20,0.0,210.0,1,HUMAN
79,255,20,0.0,210.0,1,HUMAN
79,255,20,0.0,210.0,1,HUMAN
79,255,20,0.0,210.0,1,HUMAN
79,255,20,0.0,210.0,1,HUMAN
79,255,20,0.0,210.0,1,HUMAN
79,255,20,0.0,210.0,1,HUMAN
79,255,20,0.0,210.0,1,HUMAN
79,255,20,0.0,210.0,1,HUMAN
79,255,20,0.0,210.0,1,HUMAN
79,255,20,0.0,210.0,1,HUMAN
79,255,20,0.0,210.0,1,HUMAN
79,255,20,0.0,210.0,1,HUMAN
79,255,20,0.0,210.0,1,HUMAN
79,255,20,0.0,210.0,1,HUMAN
79,255,20,0.0,210.0,1,HUMAN
79,255,20,0.0,210.0,1,HUMAN
79,255,20,0.0,210.0,1,HUMAN
79,255,20,0.0,210.0,1,HUMAN
79,255,20,0.0,210.0,1,HUMAN
79,255,20,0.0,210.0,1,HUMAN
79,255,20,0.0,210.0,1,HUMAN
79,255,20,0.0,210.0,1,HUMAN
79,255,20,0.0,210.0,1,HUMAN
79,255,20,0.0,210.0,1,HUMAN
79,255,20,0.0,210.0,1,HUMAN
79,255,20,0.0,210.0,1,HUMAN
79,255,20,0.0,210.0,1,HUMAN
79,255,20,0.0,210.0,1,HUMAN
79,255,20,0.0,210.0,1,HUMAN
79,255,20,0.0,210.0,1,HUMAN
79,255,20,0.0,210.0,1,HUMAN
79,255,20,0.0,210.0,1,HUMAN
79,255,20,0.0,210.0,1,HUMAN
79,255,20,0.0,210.0,1,HUMAN
79,255,20,0.0,210.0,1,HUMAN
79,255,20,0.0,210.0,2,HUMAN
79,255,20,0.0,210.0,2,HUMAN
79,255,20,0.0,210.0,2,HUMAN
79,255,20,0.0,210.0,2,HUMAN
79,255,20,0.0,210.0,2,HUMAN
79,255,20,0.0,210.0,2,HUMAN
79,255,20,0.0,210.0,2,HUMAN
79,255,20,0.0,210.0,2,HUMAN
79,255,20,0.0,210.0,2,HUMAN
79,255,20,0.0,210.0,2,HUMAN
79,255,20,0.0,210.0,2,HUMAN
79,255,20,0.0,210.0,2,HUMAN
79,255,20,0.0,210.0,2,HUMAN
79,255,20,0.0,210.0,2,HUMAN
79,255,20,0.0,210.0,2,HUMAN
79,255,20,0.0,210.0,2,HUMAN
79,255,20,0.0,210.0,2,HUMAN
79,255,20,0.0,210.0,2,HUMAN
79,255,20,0.0,210.0,2,HUMAN
79,255,20,0.0,210.0,2,HUMAN
79,255,20,0.0,210.0,2,HUMAN
79,255,20,0.0,210.0,2,HUMAN
79,255,20,0.0,210.0,2,HUMAN
79,255,20,0.0,210.0,2,HUMAN
79,255,20,0.0,210.0,2,HUMAN
79,255,20,0.0,210.0,2,HUMAN
79,255,20,0.0,210.0,2,HUMAN
79,255,20,0.0,210.0,2,HUMAN
79,255,20,0.0,210.0,2,HUMAN
79,255,20,0.0,210.0,2,HUMAN
79,255,20,0.0,210.0,2,HUMAN
79,255,20,0.0,210.0,2,HUMAN
79,255,20,0.0,210.0,2,HUMAN
79,255,20,0.0,210.0,2,HUMAN
79,255,20,0.0,210.0,2,HUMAN
79,255,20,0.0,210.0,2,HUMAN
79,255,20,0.0,210.0,2,HUMAN
79,255,20,0.0,210.0,2,HUMAN
79,255,20,0.0,210.0,2,HUMAN
79,255,20,0.0,210.0,2,HUMAN
79,255,20,0.0,210.0,2,HUMAN
79,255,20,0.0,210.0,2,HUMAN
79,255,20,0.0,210.0,2,HUMAN
79,255,20,0.0,210.0,2,HUMAN
79,255,20,0.0,210.0,2,HUMAN
79,255,20,0.0,210.0,2,HUMAN
79,255,20,0.0,210.0,2,HUMAN
79,255,20,0.0,210.0,2,HUMAN
79,255,20,0.0,210.0,2,HUMAN
79,255,20,0.0,210.0,2,HUMAN
79,255,20,0.0,210.0,2,HUMAN
79,255,20,0.0,210.0,2,HUMAN
79,255,20,0.0,210.0,2,HUMAN
79,255,20,0.0,210.0,2,HUMAN
79,255,20,0.0,210.0,2,HUMAN
79,255,20,0.0,210.0,2,HUMAN
79,255,20,0.0,210.0,2,HUMAN
79,255,20,0.0,210.0,2,HUMAN
79,255,20,0.0,210.0,2,HUMAN
79,255,20,0.0,210.0,2,HUMAN
79,255,20,0.0,210.0,2,HUMAN
79,255,20,0.0,210.0,2,HUMAN
79,255,20,0.0,210.0,2,HUMAN
79,255,20,0.0,210.0,2,HUMAN
79,255,20,0.0,210.0,2,HUMAN
79,255,20,0.0,210.0,2,HUMAN
79,255,20,0.0,210.0,2,HUMAN
79,255,20,0.0,210.0,2,HUMAN
79,255,20,0.0,210.0,2,HUMAN
79,255,20,0.0,210.0,2,HUMAN
79,255,20,0.0,210.0,2,HUMAN
79,255,20,0.0,210.0,2,HUMAN
79,255,20,0.0,210.0,2,HUMAN
79,255,20,0.0,210.0,2,HUMAN
79,255,20,0.0,210.0,2,HUMAN
79,255,20,0.0,210.0,2,HUMAN
79,255,20,0.0,210.0,2,HUMAN
79,255,20,0.0,210.0,2,HUMAN
79,255,20,0.0,210.0,2,HUMAN
79,255,20,0.0,210.0,2,HUMAN
79,255,20,0.0,210.0,2,HUMAN
79,255,20,0.0,210.0,2,HUMAN
3,139,3,0.0,0.0,2,HUMAN
173,37,3,0.0,0.0,2,HUMAN
173,37,32,0.0,0.0,2,HUMAN
177,36,32,0.0,0.0,2,HUMAN
177,36,37,0.0,0.0,2,HUMAN
187,36,37,0.0,0.0,2,HUMAN
187,56,39,0.0,0.0,2,HUMAN
199,56,39,0.0,0.0,2,HUMAN
199,36,39,0.0,0.0,2,HUMAN
255,36,41,0.0,0.0,2,HUMAN
255,36,41,0.0,0.0,2,HUMAN
255,36,42,0.0,0.0,2,HUMAN
255,28,42,0.0,0.0,2,HUMAN
255,28,42,0.0,0.0,2,HUMAN
255,28,42,0.0,0.0,2,HUMAN
255,23,42,0.0,0.0,2,HUMAN
255,23,42,0.0,0.0,2,HUMAN
255,20,42,0.0,0.0,2,HUMAN
255,20,44,0.0,0.0,2,HUMAN
255,16,44,0.0,0.0,2,HUMAN
255,16,45,0.0,0.0,2,HUMAN
255,16,45,0.0,0.0,2,HUMAN
255,13,45,0.0,0.0,2,HUMAN
255,13,45,0.0,0.0,2,HUMAN
255,11,45,0.0,0.0,2,HUMAN
255,11,45,0.0,0.0,2,HUMAN
255,20,45,0.0,0.0,2,HUMAN
255,20,46,0.0,0.0,2,HUMAN
255,20,46,0.0,0.0,2,HUMAN
255,20,47,0.0,0.0,2,HUMAN
251,20,47,0.0,0.0,2,HUMAN
251,12,47,0.0,0.0,2,HUMAN
44,12,48,0.0,0.0,2,HUMAN
44,9,48,0.0,0.0,2,HUMAN
44,9,49,0.0,0.0,2,HUMAN
50,4,49,0.0,0.0,2,HUMAN
50,4,49,0.0,0.0,2,HUMAN
45,4,49,0.0,0.0,2,HUMAN
45,3,50,0.0,0.0,2,HUMAN
45,3,50,0.0,0.0,2,HUMAN
45,4,50,0.0,0.0,2,HUMAN
42,4,48,0.0,0.0,2,HUMAN
42,10,48,0.0,0.0,2,HUMAN
42,10,50,0.0,0.0,2,HUMAN
41,255,50,0.0,0.0,2,HUMAN
41,255,50,0.0,0.0,2,HUMAN
40,255,50,0.0,0.0,2,HUMAN
40,6,50,0.0,0.0,2,HUMAN
44,6,50,0.0,0.0,2,HUMAN
44,7,50,0.0,0.0,2,HUMAN
44,7,50,0.0,0.0,2,HUMAN
45,7,50,0.0,0.0,2,HUMAN
45,7,50,0.0,0.0,2,HUMAN
39,7,50,0.0,0.0,2,HUMAN
39,11,49,0.0,0.0,2,HUMAN
39,11,49,0.0,0.0,2,HUMAN
39,6,49,0.0,0.0,2,HUMAN
38,6,50,0.0,0.0,2,HUMAN
38,8,50,0.0,0.0,2,HUMAN
38,8,50,0.0,0.0,2,HUMAN
40,8,50,0.0,0.0,2,HUMAN
40,7,50,0.0,0.0,2,HUMAN
40,7,50,0.0,0.0,2,HUMAN
40,6,50,0.0,0.0,2,HUMAN
40,6,50,0.0,0.0,2,HUMAN
40,6,50,0.0,0.0,2,HUMAN
40,6,50,0.0,0.0,2,HUMAN
40,6,50,0.0,0.0,2,HUMAN
40,6,49,0.0,0.0,2,HUMAN
39,6,49,0.0,0.0,2,HUMAN
39,6,49,0.0,0.0,2,HUMAN
40,6,49,0.0,0.0,2,HUMAN
40,6,49,0.0,0.0,2,HUMAN
40,6,49,0.0,0.0,2,HUMAN
40,70,49,0.0,0.0,2,HUMAN
40,70,50,0.0,0.0,2,HUMAN
40,70,50,0.0,0.0,2,HUMAN
40,6,50,0.0,0.0,2,HUMAN
40,6,50,0.0,0.0,2,HUMAN
40,8,50,0.0,0.0,2,HUMAN
40,8,50,0.0,0.0,2,HUMAN
40,6,50,0.0,0.0,2,HUMAN
114,20,54,0.0,0.0,1,HUMAN
114,20,54,0.0,0.0,1,HUMAN
113,20,54,0.0,0.0,1,HUMAN
113,20,52,0.0,180.0,1,HUMAN
101,20,52,240.0,60.0,1,HUMAN
101,37,52,0.0,30.0,1,HUMAN
88,37,52,0.0,0.0,1,HUMAN
88,49,52,0.0,60.0,1,HUMAN
88,49,51,0.0,30.0,1,HUMAN
255,49,51,0.0,30.0,1,HUMAN
255,64,49,0.0,0.0,1,HUMAN
186,64,49,0.0,120.0,1,HUMAN
186,84,49,0.0,30.0,1,HUMAN
170,84,47,0.0,0.0,1,HUMAN
170,71,47,0.0,0.0,1,HUMAN
170,71,48,0.0,0.0,1,HUMAN
170,71,48,0.0,0.0,1,HUMAN
170,71,48,0.0,0.0,1,HUMAN
170,71,48,0.0,0.0,1,HUMAN
143,119,46,0.0,0.0,1,HUMAN
143,119,46,0.0,0.0,1,HUMAN
143,100,45,0.0,120.0,1,HUMAN
255,100,45,30.0,0.0,1,HUMAN
255,100,45,30.0,0.0,1,HUMAN
255,100,45,30.0,0.0,1,HUMAN
255,100,45,30.0,0.0,1,HUMAN
255,100,45,30.0,0.0,1,HUMAN
255,100,45,30.0,0.0,1,HUMAN
81,142,43,0.0,0.0,1,HUMAN
255,147,45,0.0,0.0,1,HUMAN
255,147,45,0.0,60.0,1,HUMAN
255,145,45,0.0,0.0,1,HUMAN
255,145,46,0.0,30.0,1,HUMAN
101,71,46,0.0,0.0,1,HUMAN
101,71,42,0.0,0.0,1,HUMAN
108,71,42,0.0,0.0,1,HUMAN
108,126,40,0.0,0.0,1,HUMAN
67,126,40,0.0,0.0,1,HUMAN
67,98,40,0.0,0.0,1,HUMAN
67,98,39,0.0,0.0,1,HUMAN
67,98,39,0.0,0.0,1,HUMAN
67,98,39,0.0,0.0,1,HUMAN
67,98,39,0.0,0.0,1,HUMAN
67,98,39,0.0,0.0,1,HUMAN
67,98,39,0.0,0.0,1,HUMAN
255,70,37,0.0,0.0,1,HUMAN
255,70,36,0.0,0.0,1,HUMAN
255,70,36,330.0,0.0,1,HUMAN
255,77,35,0.0,30.0,1,HUMAN
255,77,35,0.0,0.0,1,HUMAN
255,92,35,0.0,0.0,1,HUMAN
255,92,34,30.0,30.0,1,HUMAN
255,162,34,0.0,60.0,1,HUMAN
255,162,30,0.0,0.0,1,HUMAN
224,162,30,0.0,0.0,1,HUMAN
224,29,29,0.0,0.0,1,HUMAN
62,62,29,0.0,30.0,1,HUMAN
62,62,29,0.0,0.0,1,HUMAN
177,28,28,60.0,0.0,1,HUMAN
177,28,28,0.0,60.0,1,HUMAN
177,28,24,0.0,30.0,1,HUMAN
160,129,24,0.0,0.0,1,HUMAN
160,24,24,210.0,0.0,1,HUMAN
143,143,24,0.0,30.0,1,HUMAN
143,143,24,0.0,30.0,1,HUMAN
110,26,26,0.0,0.0,2,HUMAN
110,110,26,0.0,60.0,2,HUMAN
110,25,25,0.0,30.0,2,HUMAN
118,118,25,0.0,0.0,2,HUMAN
118,118,25,300.0,60.0,2,HUMAN
127,127,20,0.0,0.0,2,HUMAN
127,127,20,0.0,0.0,2,HUMAN
127,21,21,0.0,30.0,2,HUMAN
141,141,21,0.0,60.0,2,HUMAN
141,23,23,0.0,0.0,2,HUMAN
156,156,23,0.0,0.0,2,HUMAN
156,24,24,0.0,0.0,2,HUMAN
173,173,24,0.0,30.0,2,HUMAN
173,173,24,0.0,0.0,2,HUMAN
192,192,28,0.0,0.0,2,HUMAN
192,192,28,0.0,30.0,2,HUMAN
192,31,31,330.0,30.0,2,HUMAN
74,74,31,0.0,0.0,2,HUMAN
74,31,31,0.0,30.0,2,HUMAN
246,246,31,0.0,0.0,2,HUMAN
246,246,31,0.0,30.0,2,HUMAN
255,255,32,0.0,0.0,2,HUMAN
255,255,32,0.0,30.0,2,HUMAN
255,36,36,0.0,0.0,2,HUMAN
255,255,36,0.0,0.0,2,HUMAN
255,36,36,0.0,0.0,2,HUMAN
255,255,36,0.0,30.0,2,HUMAN
255,41,41,0.0,30.0,2,HUMAN
62,62,41,0.0,0.0,2,HUMAN
62,62,41,0.0,0.0,2,HUMAN
79,79,39,0.0,0.0,2,HUMAN
79,79,39,0.0,30.0,2,HUMAN
79,40,40,0.0,0.0,2,HUMAN
255,255,40,0.0,30.0,2,HUMAN
255,46,46,0.0,0.0,2,HUMAN
70,70,46,0.0,30.0,2,HUMAN
70,70,46,0.0,0.0,2,HUMAN
255,255,43,0.0,30.0,2,HUMAN
255,255,43,0.0,30.0,2,HUMAN
255,44,44,0.0,30.0,2,HUMAN
145,145,44,0.0,0.0,2,HUMAN
145,45,45,0.0,30.0,2,HUMAN
70,3,45,0.0,0.0,2,HUMAN
70,47,47,0.0,0.0,2,HUMAN
171,171,47,0.0,0.0,2,HUMAN
171,171,47,0.0,0.0,2,HUMAN
187,187,48,0.0,30.0,2,HUMAN
187,187,48,0.0,0.0,2,HUMAN
187,51,51,0.0,0.0,2,HUMAN
102,102,51,0.0,0.0,2,HUMAN
102,52,52,0.0,30.0,2,HUMAN
113,113,52,0.0,0.0,2,HUMAN
113,113,52,0.0,0.0,2,HUMAN
113,113,52,0.0,0.0,2,HUMAN
113,113,52,0.0,0.0,2,HUMAN
113,113,52,0.0,0.0,2,HUMAN
113,113,52,0.0,0.0,2,HUMAN
129,71,53,0.0,0.0,2,HUMAN
236,5,53,0.0,0.0,2,HUMAN
233,5,52,720.0,0.0,2,HUMAN
233,12,52,0.0,0.0,2,HUMAN
233,52,52,0.0,0.0,2,HUMAN
255,92,52,0.0,0.0,2,HUMAN
255,52,52,0.0,0.0,2,HUMAN
255,255,52,390.0,0.0,2,HUMAN
255,52,52,0.0,0.0,2,HUMAN
255,255,52,0.0,0.0,2,HUMAN
255,255,52,630.0,0.0,2,HUMAN
255,214,53,0.0,0.0,2,HUMAN
255,214,53,0.0,0.0,2,HUMAN
255,51,51,0.0,0.0,2,HUMAN
255,255,51,0.0,0.0,2,HUMAN
255,51,51,0.0,30.0,2,HUMAN
255,255,51,0.0,0.0,2,HUMAN
255,255,51,0.0,0.0,2,HUMAN
255,255,51,0.0,30.0,2,HUMAN
255,255,51,0.0,60.0,2,HUMAN
255,50,50,0.0,0.0,2,HUMAN
255,255,50,0.0,0.0,2,HUMAN
255,51,51,0.0,0.0,2,HUMAN
255,255,51,0.0,0.0,2,HUMAN
255,52,52,0.0,0.0,2,HUMAN
121,121,52,0.0,0.0,2,HUMAN
121,121,52,0.0,0.0,2,HUMAN
134,134,52,0.0,0.0,2,HUMAN
134,20,52,0.0,30.0,2,HUMAN
134,20,52,0.0,0.0,2,HUMAN
255,20,52,0.0,0.0,2,HUMAN
255,8,51,0.0,0.0,2,HUMAN
131,8,51,0.0,150.0,2,HUMAN
131,6,51,0.0,0.0,2,HUMAN
130,6,50,0.0,0.0,2,HUMAN
130,255,50,0.0,0.0,2,HUMAN
130,255,50,0.0,0.0,2,HUMAN
122,6,50,0.0,0.0,2,HUMAN
122,6,52,0.0,0.0,2,HUMAN
123,6,52,0.0,0.0,2,HUMAN
123,255,50,0.0,0.0,2,HUMAN
124,255,50,0.0,0.0,2,HUMAN
124,71,50,0.0,0.0,2,HUMAN
124,71,50,0.0,0.0,2,HUMAN
124,70,50,0.0,0.0,2,HUMAN
124,70,50,0.0,0.0,2,HUMAN
110,28,21,0.0,0.0,1,HUMAN
110,28,21,0.0,0.0,1,HUMAN
110,28,21,0.0,0.0,1,HUMAN
110,27,21,0.0,0.0,1,HUMAN
110,27,20,0.0,0.0,1,HUMAN
110,44,20,0.0,0.0,1,HUMAN
110,44,20,0.0,0.0,1,HUMAN
110,44,20,0.0,0.0,1,HUMAN
110,28,20,0.0,0.0,1,HUMAN
110,28,20,0.0,0.0,1,HUMAN
110,28,20,0.0,0.0,1,HUMAN
110,28,20,0.0,0.0,1,HUMAN
110,28,20,0.0,0.0,1,HUMAN
110,28,20,0.0,0.0,1,HUMAN
109,28,20,0.0,0.0,1,HUMAN
109,28,20,0.0,0.0,1,HUMAN
109,28,20,0.0,0.0,1,HUMAN
109,28,20,0.0,0.0,1,HUMAN
109,28,20,0.0,0.0,1,HUMAN
109,28,20,0.0,0.0,1,HUMAN
110,28,20,0.0,0.0,1,HUMAN
110,28,20,0.0,0.0,1,HUMAN
110,28,20,0.0,0.0,1,HUMAN
109,28,20,0.0,0.0,1,HUMAN
109,28,20,0.0,0.0,1,HUMAN
109,28,20,0.0,0.0,1,HUMAN
109,27,20,0.0,0.0,1,HUMAN
109,27,20,0.0,0.0,1,HUMAN
109,28,20,0.0,0.0,1,HUMAN
109,28,20,0.0,0.0,1,HUMAN
109,28,20,0.0,0.0,1,HUMAN
109,28,20,0.0,0.0,1,HUMAN
109,28,20,0.0,0.0,1,HUMAN
109,27,20,0.0,0.0,1,HUMAN
109,27,20,0.0,0.0,1,HUMAN
109,28,20,0.0,0.0,1,HUMAN
109,28,20,0.0,0.0,1,HUMAN
109,28,20,0.0,0.0,1,HUMAN
109,28,20,0.0,0.0,1,HUMAN
109,27,20,0.0,0.0,1,HUMAN
109,27,20,0.0,0.0,1,HUMAN
109,27,20,0.0,0.0,1,HUMAN
109,28,20,0.0,0.0,1,HUMAN
110,28,20,0.0,0.0,1,HUMAN
110,27,20,0.0,0.0,1,HUMAN
110,27,20,0.0,0.0,1,HUMAN
109,27,20,0.0,0.0,1,HUMAN
109,27,20,0.0,0.0,1,HUMAN
109,27,20,0.0,0.0,1,HUMAN
109,27,20,0.0,0.0,1,HUMAN
109,27,20,0.0,0.0,1,HUMAN
109,28,20,0.0,0.0,1,HUMAN
109,28,20,0.0,0.0,1,HUMAN
109,28,20,0.0,0.0,1,HUMAN
109,28,20,0.0,0.0,1,HUMAN
109,28,20,0.0,0.0,1,HUMAN
109,27,20,0.0,0.0,1,HUMAN
110,27,20,0.0,0.0,1,HUMAN
110,27,20,0.0,0.0,1,HUMAN
109,27,20,0.0,0.0,1,HUMAN
109,27,20,0.0,0.0,1,HUMAN
109,27,20,0.0,0.0,1,HUMAN
109,27,20,0.0,0.0,1,HUMAN
151,151,46,0.0,0.0,1,HUMAN
151,151,69,60.0,0.0,1,HUMAN
74,3,69,30.0,0.0,1,HUMAN
74,58,69,0.0,0.0,1,HUMAN
137,58,64,0.0,0.0,1,HUMAN
137,37,64,0.0,0.0,1,HUMAN
137,37,59,0.0,0.0,1,HUMAN
97,58,50,0.0,0.0,1,HUMAN
97,58,50,0.0,0.0,1,HUMAN
92,58,47,0.0,0.0,1,HUMAN
70,70,40,0.0,0.0,1,HUMAN
70,70,40,0.0,0.0,1,HUMAN
70,70,39,0.0,0.0,1,HUMAN
3,70,39,30.0,0.0,1,HUMAN
80,80,33,0.0,0.0,1,HUMAN
99,99,24,0.0,0.0,3,HUMAN
3,99,24,0.0,0.0,3,HUMAN
98,98,24,0.0,0.0,3,HUMAN
98,98,21,0.0,0.0,3,HUMAN
81,81,21,0.0,0.0,3,HUMAN
81,81,22,0.0,0.0,3,HUMAN
3,81,22,0.0,0.0,3,HUMAN
21,21,46,0.0,0.0,3,HUMAN
3,21,46,0.0,0.0,3,HUMAN
14,14,46,0.0,0.0,3,HUMAN
3,14,121,0.0,0.0,3,HUMAN
3,255,121,0.0,0.0,3,HUMAN
3,255,105,0.0,0.0,3,HUMAN
44,44,105,0.0,0.0,3,HUMAN
44,44,84,0.0,0.0,3,HUMAN
3,255,81,0.0,0.0,1,HUMAN
3,255,81,0.0,0.0,1,HUMAN
3,255,81,0.0,0.0,1,HUMAN
255,255,82,0.0,0.0,1,HUMAN
52,255,82,0.0,0.0,1,HUMAN
182,182,82,0.0,0.0,1,HUMAN
182,182,86,0.0,0.0,1,HUMAN
153,153,95,0.0,0.0,2,HUMAN
153,153,95,0.0,0.0,2,HUMAN
153,153,95,0.0,0.0,2,HUMAN
39,153,95,0.0,0.0,2,HUMAN
144,144,95,0.0,0.0,2,HUMAN
99,144,89,0.0,0.0,2,HUMAN
184,184,89,0.0,0.0,2,HUMAN
184,184,84,0.0,0.0,2,HUMAN
255,255,84,0.0,0.0,2,HUMAN
255,255,81,0.0,0.0,2,HUMAN
216,255,81,0.0,0.0,2,HUMAN
156,156,77,0.0,0.0,2,HUMAN
156,156,77,0.0,0.0,2,HUMAN
255,140,77,0.0,0.0,2,HUMAN
3,140,75,0.0,0.0,2,HUMAN
127,127,75,0.0,0.0,2,HUMAN
127,127,72,0.0,0.0,2,HUMAN
96,96,72,0.0,0.0,2,HUMAN
96,96,70,0.0,0.0,2,HUMAN
255,96,70,0.0,0.0,2,HUMAN
80,80,70,0.0,0.0,2,HUMAN
80,80,72,0.0,0.0,2,HUMAN
255,70,72,0.0,0.0,2,HUMAN
255,70,76,0.0,0.0,2,HUMAN
255,255,76,0.0,0.0,2,HUMAN
255,255,87,0.0,0.0,2,HUMAN
50,255,87,0.0,0.0,2,HUMAN
90,255,114,0.0,0.0,4,HUMAN
90,255,114,0.0,0.0,4,HUMAN
241,241,62,0.0,0.0,4,HUMAN
255,241,62,0.0,0.0,4,HUMAN
198,198,62,0.0,0.0,4,HUMAN
96,198,57,0.0,0.0,4,HUMAN
61,61,57,0.0,0.0,4,HUMAN
43,43,205,0.0,0.0,3,HUMAN
43,43,205,0.0,0.0,3,HUMAN
43,43,205,0.0,0.0,3,HUMAN
126,43,205,0.0,0.0,3,HUMAN
46,46,255,0.0,0.0,3,HUMAN
255,46,255,0.0,0.0,3,HUMAN
95,95,255,0.0,0.0,3,HUMAN
95,95,58,0.0,0.0,3,HUMAN
90,241,62,0.0,0.0,1,HUMAN
90,204,62,0.0,0.0,1,HUMAN
90,204,62,0.0,0.0,1,HUMAN
5,255,62,0.0,30.0,1,RULE
5,255,62,0.0,30.0,2,RULE
5,255,62,0.0,30.0,2,RULE
5,255,62,0.0,30.0,2,RULE
5,255,62,0.0,30.0,2,RULE
5,255,62,0.0,30.0,2,RULE
255,255,57,0.0,0.0,2,RULE
255,255,64,0.0,0.0,2,RULE
3,255,64,0.0,0.0,2,RULE
251,251,64,0.0,0.0,2,RULE
251,251,64,0.0,0.0,2,RULE
236,236,60,0.0,0.0,4,RULE
236,236,54,0.0,0.0,3,RULE
236,236,54,0.0,0.0,3,RULE
238,238,54,0.0,0.0,3,RULE
238,238,57,0.0,0.0,3,RULE
255,255,57,0.0,0.0,3,RULE
255,255,98,0.0,0.0,3,RULE
255,255,98,0.0,0.0,3,RULE
48,48,98,0.0,0.0,3,RULE
106,106,95,0.0,0.0,1,RULE
103,103,95,0.0,0.0,1,HUMAN
103,103,93,0.0,0.0,1,HUMAN
103,103,93,0.0,0.0,1,HUMAN
100,100,92,0.0,0.0,1,HUMAN
3,100,92,0.0,0.0,1,HUMAN
71,71,92,0.0,0.0,1,HUMAN
92,92,70,0.0,30.0,2,HUMAN
92,92,70,0.0,30.0,2,HUMAN
70,70,70,0.0,60.0,2,HUMAN
70,70,70,0.0,0.0,2,HUMAN
37,37,83,0.0,0.0,2,HUMAN
37,37,83,0.0,0.0,2,HUMAN
37,37,83,0.0,0.0,2,HUMAN
27,27,94,0.0,0.0,2,HUMAN
27,27,94,0.0,0.0,2,HUMAN
157,25,94,0.0,150.0,2,HUMAN
24,24,151,0.0,0.0,2,HUMAN
24,24,151,0.0,0.0,2,HUMAN
24,24,151,0.0,0.0,2,HUMAN
3,24,255,0.0,30.0,2,HUMAN
82,82,112,0.0,0.0,1,HUMAN
82,82,112,0.0,0.0,1,HUMAN
82,82,112,0.0,0.0,1,HUMAN
82,82,109,0.0,0.0,1,HUMAN
90,90,109,0.0,0.0,1,HUMAN
108,108,105,0.0,240.0,2,HUMAN
109,109,105,0.0,540.0,2,HUMAN
109,109,102,0.0,570.0,2,HUMAN
3,103,102,0.0,30.0,2,HUMAN
10,103,99,0.0,0.0,2,HUMAN
90,90,99,0.0,120.0,2,HUMAN
90,90,154,0.0,360.0,2,HUMAN
3,90,154,0.0,270.0,2,HUMAN
66,66,255,0.0,0.0,4,HUMAN
66,66,255,0.0,0.0,4,HUMAN
70,70,255,0.0,0.0,4,HUMAN
70,70,255,0.0,0.0,4,HUMAN
44,44,60,0.0,0.0,4,HUMAN
52,52,60,0.0,0.0,4,HUMAN
52,52,59,0.0,0.0,4,HUMAN
20,20,59,0.0,0.0,4,HUMAN
4,4,41,0.0,0.0,1,RULE
4,4,41,0.0,0.0,4,RULE
4,4,41,0.0,0.0,4,RULE
4,4,41,0.0,0.0,4,RULE
4,4,41,0.0,0.0,4,RULE
4,4,41,0.0,0.0,4,RULE
4,4,46,0.0,0.0,4,RULE
73,73,46,0.0,0.0,4,RULE
255,255,71,0.0,0.0,1,RULE
255,255,27,0.0,0.0,3,RULE
255,255,27,0.0,0.0,3,RULE
255,255,28,0.0,0.0,3,RULE
255,255,28,0.0,0.0,3,RULE
255,255,37,0.0,0.0,3,RULE
3,255,37,0.0,0.0,3,RULE
36,36,37,0.0,0.0,3,RULE
3,36,40,0.0,0.0,3,RULE
31,31,63,0.0,0.0,1,RULE
31,31,63,0.0,0.0,1,HUMAN
22,22,62,0.0,0.0,1,HUMAN
22,22,62,0.0,0.0,1,HUMAN
56,56,62,0.0,0.0,1,HUMAN
56,56,59,0.0,0.0,1,HUMAN
45,45,59,0.0,0.0,1,HUMAN
45,45,58,0.0,0.0,1,HUMAN
26,26,58,0.0,0.0,1,HUMAN
26,26,57,0.0,0.0,1,HUMAN
26,26,57,0.0,0.0,1,HUMAN
74,74,59,0.0,0.0,1,HUMAN
74,74,59,0.0,0.0,1,HUMAN
11,11,59,0.0,0.0,1,HUMAN
11,11,59,0.0,0.0,1,HUMAN
13,13,59,0.0,0.0,1,HUMAN
13,13,59,0.0,0.0,1,HUMAN
13,13,59,0.0,0.0,1,HUMAN
70,70,59,0.0,0.0,1,HUMAN
70,70,59,0.0,0.0,1,HUMAN
5,5,59,0.0,0.0,4,RULE
5,5,59,0.0,0.0,4,RULE
5,5,59,0.0,0.0,4,RULE
5,5,59,0.0,0.0,4,RULE
6,6,59,0.0,0.0,4,RULE
6,6,59,0.0,0.0,4,RULE
53,53,63,0.0,0.0,3,RULE
53,53,63,0.0,0.0,3,RULE
53,53,63,0.0,0.0,3,RULE
53,53,61,0.0,0.0,3,RULE
53,53,61,0.0,0.0,3,RULE
53,53,58,0.0,0.0,3,RULE
25,25,58,0.0,0.0,3,RULE
25,25,58,0.0,0.0,3,RULE
25,25,58,0.0,0.0,1,RULE
25,25,61,0.0,0.0,1,HUMAN
25,25,61,0.0,0.0,1,HUMAN
25,25,61,0.0,0.0,1,HUMAN
54,54,61,0.0,0.0,1,HUMAN
54,54,61,0.0,0.0,1,HUMAN
54,54,61,0.0,0.0,1,HUMAN
20,20,60,0.0,0.0,1,HUMAN
20,20,60,0.0,0.0,1,HUMAN
20,20,60,0.0,0.0,1,HUMAN
20,20,60,0.0,0.0,1,HUMAN
12,12,60,0.0,0.0,1,HUMAN
12,12,61,0.0,0.0,1,HUMAN
12,12,61,0.0,0.0,1,HUMAN
5,5,61,0.0,0.0,1,HUMAN
5,5,61,0.0,0.0,1,HUMAN
5,5,61,0.0,0.0,1,HUMAN
5,5,61,0.0,0.0,1,HUMAN
4,4,61,0.0,0.0,1,HUMAN
4,4,61,0.0,0.0,1,HUMAN
79,79,61,0.0,0.0,1,HUMAN
79,79,61,0.0,0.0,1,HUMAN
79,79,61,0.0,0.0,1,HUMAN
82,82,61,0.0,0.0,1,HUMAN
82,82,61,0.0,0.0,1,HUMAN
10,10,61,0.0,0.0,2,RULE
10,10,61,0.0,0.0,4,RULE
10,10,61,0.0,0.0,4,RULE
10,10,61,0.0,0.0,4,RULE
9,9,61,0.0,0.0,4,RULE
9,9,61,0.0,0.0,4,RULE
53,53,61,0.0,0.0,4,RULE
51,51,61,0.0,0.0,3,RULE
51,51,61,0.0,0.0,3,RULE
51,51,61,0.0,0.0,3,RULE
51,51,61,0.0,0.0,3,RULE
51,51,61,0.0,0.0,3,RULE
53,53,60,0.0,0.0,3,RULE
53,53,60,0.0,0.0,3,RULE
27,27,60,0.0,0.0,3,RULE
43,43,223,0.0,0.0,1,RULE
41,41,223,0.0,0.0,1,HUMAN
41,41,222,0.0,0.0,1,HUMAN
41,41,222,0.0,0.0,1,HUMAN
47,47,236,0.0,0.0,1,HUMAN
47,47,236,0.0,0.0,1,HUMAN
53,53,236,0.0,0.0,1,HUMAN
53,53,222,0.0,0.0,1,HUMAN
58,58,222,0.0,0.0,1,HUMAN
58,58,22,0.0,0.0,1,HUMAN
58,58,22,0.0,0.0,1,HUMAN
52,52,255,0.0,0.0,1,HUMAN
52,52,255,0.0,0.0,1,HUMAN
57,57,255,0.0,0.0,1,HUMAN
57,57,66,0.0,0.0,1,HUMAN
72,72,66,0.0,0.0,1,HUMAN
72,72,71,0.0,0.0,1,HUMAN
91,91,71,0.0,0.0,2,HUMAN
91,91,71,0.0,0.0,2,HUMAN
91,91,71,0.0,0.0,2,HUMAN
91,91,71,0.0,0.0,2,HUMAN
91,91,71,0.0,0.0,2,HUMAN
91,91,71,0.0,0.0,2,HUMAN
91,91,71,0.0,0.0,2,HUMAN
3,97,46,0.0,0.0,2,HUMAN
3,97,50,0.0,0.0,2,HUMAN
3,97,50,0.0,0.0,2,HUMAN
3,96,65,0.0,0.0,2,HUMAN
3,96,65,0.0,0.0,2,HUMAN
3,65,65,0.0,0.0,2,HUMAN
3,65,223,0.0,0.0,2,HUMAN
3,64,223,0.0,0.0,2,HUMAN
3,64,255,0.0,0.0,2,HUMAN
3,46,255,0.0,0.0,2,HUMAN
3,46,218,0.0,0.0,2,HUMAN
3,46,218,0.0,0.0,2,HUMAN
3,48,218,0.0,0.0,2,HUMAN
3,48,255,0.0,0.0,2,HUMAN
3,20,255,0.0,0.0,2,HUMAN
3,20,70,0.0,0.0,2,HUMAN
3,5,70,0.0,30.0,2,HUMAN
3,5,223,0.0,30.0,2,HUMAN
3,5,223,0.0,90.0,2,HUMAN
3,21,218,0.0,210.0,2,HUMAN
3,21,218,0.0,0.0,2,HUMAN
3,255,218,0.0,0.0,2,HUMAN
3,255,62,0.0,0.0,2,HUMAN
3,255,62,0.0,0.0,2,HUMAN
3,255,223,0.0,0.0,2,HUMAN
3,255,223,0.0,0.0,2,HUMAN
255,255,75,0.0,0.0,1,HUMAN
255,255,75,0.0,0.0,1,HUMAN
255,255,76,0.0,0.0,1,HUMAN
255,255,76,0.0,0.0,1,HUMAN
255,255,74,0.0,0.0,1,HUMAN
255,255,74,0.0,0.0,1,HUMAN
255,255,86,0.0,0.0,2,HUMAN
3,255,86,0.0,240.0,2,HUMAN
255,255,86,0.0,0.0,2,HUMAN
74,255,84,0.0,30.0,2,HUMAN
36,255,84,0.0,60.0,2,HUMAN
255,255,85,0.0,0.0,2,HUMAN
255,255,85,0.0,30.0,2,HUMAN
255,255,85,0.0,30.0,2,HUMAN
20,255,78,0.0,0.0,2,HUMAN
238,238,78,0.0,0.0,2,HUMAN
238,238,75,0.0,0.0,2,HUMAN
52,221,75,0.0,30.0,2,HUMAN
22,221,71,0.0,30.0,2,HUMAN
22,221,71,0.0,0.0,2,HUMAN
56,255,68,0.0,60.0,2,HUMAN
55,255,68,0.0,30.0,2,HUMAN
255,255,68,0.0,30.0,2,HUMAN
255,255,65,0.0,0.0,2,HUMAN
255,255,65,0.0,30.0,2,HUMAN
59,255,61,0.0,30.0,2,HUMAN
19,255,61,0.0,60.0,2,HUMAN
142,142,57,0.0,0.0,2,HUMAN
102,142,57,0.0,30.0,2,HUMAN
57,125,57,0.0,30.0,2,HUMAN
25,125,54,0.0,0.0,2,HUMAN
110,110,54,0.0,0.0,2,HUMAN
110,110,50,0.0,0.0,2,HUMAN
27,98,50,0.0,90.0,2,HUMAN
27,98,48,0.0,90.0,2,HUMAN
27,98,48,0.0,0.0,2,HUMAN
59,81,43,0.0,60.0,2,HUMAN
50,81,43,0.0,30.0,2,HUMAN
54,54,37,0.0,0.0,2,HUMAN
54,54,37,0.0,0.0,2,HUMAN
3,54,37,0.0,60.0,2,HUMAN
35,35,31,0.0,0.0,2,HUMAN
35,35,32,0.0,0.0,2,HUMAN
35,35,32,0.0,0.0,2,HUMAN
100,19,30,0.0,30.0,2,HUMAN
70,19,30,0.0,30.0,2,HUMAN
41,8,30,0.0,60.0,2,HUMAN
41,8,28,0.0,0.0,2,HUMAN
109,3,28,0.0,30.0,2,HUMAN
26,255,160,0.0,0.0,1,HUMAN
26,255,106,0.0,0.0,1,HUMAN
23,255,106,0.0,0.0,1,HUMAN
23,255,106,0.0,0.0,2,RULE
23,255,106,0.0,0.0,2,RULE
23,255,106,0.0,0.0,2,RULE
23,255,106,0.0,0.0,2,RULE
23,255,106,0.0,0.0,2,RULE
23,255,107,0.0,0.0,2,RULE
13,255,107,0.0,0.0,2,RULE
13,255,103,0.0,0.0,2,RULE
16,255,103,0.0,0.0,2,RULE
16,255,103,0.0,0.0,2,RULE
16,255,101,0.0,0.0,2,RULE
21,231,101,0.0,30.0,2,RULE
21,231,88,0.0,30.0,2,RULE
20,231,88,0.0,0.0,2,RULE
20,219,77,0.0,0.0,2,RULE
38,219,77,0.0,0.0,2,RULE
57,73,73,0.0,0.0,3,RULE
57,205,73,0.0,0.0,3,RULE
56,205,74,0.0,0.0,3,RULE
56,204,74,0.0,30.0,3,RULE
56,204,104,0.0,30.0,3,RULE
57,66,104,0.0,90.0,3,RULE
57,66,71,0.0,90.0,3,RULE
36,66,71,0.0,0.0,3,RULE
35,97,56,0.0,0.0,1,RULE
37,97,61,0.0,0.0,1,HUMAN
37,97,61,0.0,0.0,1,HUMAN
37,97,62,210.0,0.0,1,HUMAN
37,97,62,0.0,0.0,1,HUMAN
37,101,63,0.0,0.0,1,HUMAN
64,101,63,0.0,90.0,1,HUMAN
64,106,63,0.0,0.0,1,HUMAN
25,106,64,0.0,30.0,1,HUMAN
25,112,64,390.0,0.0,1,HUMAN
17,121,48,0.0,0.0,2,RULE
17,121,48,0.0,0.0,2,RULE
17,121,48,0.0,0.0,2,RULE
17,121,48,0.0,0.0,2,RULE
17,121,48,0.0,0.0,2,RULE
17,121,48,0.0,0.0,2,RULE
17,121,48,0.0,0.0,2,RULE
17,120,48,0.0,0.0,2,RULE
39,120,48,0.0,0.0,2,RULE
39,115,48,0.0,0.0,2,RULE
22,115,52,0.0,30.0,2,RULE
22,107,52,0.0,0.0,2,RULE
22,107,69,0.0,150.0,2,RULE
29,100,69,90.0,0.0,2,RULE
29,100,62,0.0,0.0,2,RULE
37,100,62,0.0,0.0,2,RULE
46,88,56,0.0,0.0,1,RULE
46,93,58,0.0,0.0,2,HUMAN
46,93,58,0.0,0.0,2,HUMAN
46,93,54,0.0,0.0,2,HUMAN
48,93,54,0.0,60.0,2,HUMAN
65,70,42,0.0,0.0,2,HUMAN
65,70,42,300.0,0.0,2,HUMAN
65,70,42,0.0,0.0,2,HUMAN
68,70,42,0.0,30.0,2,HUMAN
